tree
version=v4
num_class=1
num_tree_per_iteration=1
label_index=0
max_feature_idx=56
objective=regression
feature_names=cycle s2_last s2_mean s2_std s2_slope s3_last s3_mean s3_std s3_slope s4_last s4_mean s4_std s4_slope s7_last s7_mean s7_std s7_slope s8_last s8_mean s8_std s8_slope s9_last s9_mean s9_std s9_slope s11_last s11_mean s11_std s11_slope s12_last s12_mean s12_std s12_slope s13_last s13_mean s13_std s13_slope s14_last s14_mean s14_std s14_slope s15_last s15_mean s15_std s15_slope s17_last s17_mean s17_std s17_slope s20_last s20_mean s20_std s20_slope s21_last s21_mean s21_std s21_slope
feature_infos=[1:362] [641.21000000000004:644.52999999999997] [641.45000000000005:643.69899999999996] [0:0.52064063101785374] [-0.84000000000003183:0.67999999999994998] [1571.04:1616.9100000000001] [1573.02:1604.393] [0:8.7999999999999545] [-17.599999999999909:13.529999999999973] [1382.25:1441.49] [1387.3800000000001:1427.8965000000003] [0:10.789999999999964] [-11.879999999999882:21.579999999999927] [549.85000000000002:556.05999999999995] [551.38049999999998:555.37] [0:1.1026332119068605] [-1.8700000000000045:1.5400000000000773] [2387.9000000000001:2388.5599999999999] [2387.9200000000001:2388.2930000000001] [0:0.13555349497521746] [-0.11000000000012733:0.090000000000145519] [9021.7299999999996:9244.5900000000001] [9030.9344999999994:9195.0374999999985] [0:22.73544036850846] [-12.1299999999992:12.979999999999563] [46.850000000000001:48.530000000000001] [46.93:48.123499999999993] [0:0.19388849888531307] [-0.28000000000000114:0.33999999999999631] [518.69000000000005:523.38] [519.67599999999993:522.88] [0:0.63499999999999091] [-1.2699999999999818:1.0900000000000318] [2387.8800000000001:2388.5599999999999] [2387.9299999999998:2388.297] [0:0.13887404365101139] [-0.1000000000003638:0.12000000000034561] [8099.9399999999996:8293.7199999999993] [8107.878999999999:8255.7980000000025] [0:19.094378197521827] [-12.890000000000327:9.1500000000005457] [8.3248999999999995:8.5847999999999995] [8.3302999999999994:8.5225649999999984] [0:0.046499999999999986] [-0.092999999999999972:0.080199999999999605] [388:400] [390:396.60000000000002] [0:2] [-3:4] [38.140000000000001:39.43] [38.437000000000005:39.270000000000003] [0:0.23000000000000043] [-0.28000000000000114:0.46000000000000085] [22.894200000000001:23.618400000000001] [23.064380000000007:23.5349] [0:0.1324500000000004] [-0.22029999999999816:0.2649000000000008]
tree_sizes=2733 2835 2834 2811 2815 2838 2823 2853 2820 2830 2832 2823 2819 2828 2833 2826 2820 2842 2824 2848 2830 2837 2826 2818 2842 2847 2833 2839 2830 2858 2849 2849 2850 2850 2852 2831 2841 2845 2865 2859 2854 2864 2850 2856 2830 2872 2846 2867 2846 2839 2865 2852 2848 2885 2853 2854 2855 2870 2858 2875 2864 2862 2834 2863 2847 2832 2871 2831 2872 2831 2848 2888 2855 2886 2861 2861 2867 2887 2902 2841 2857 2873 2866 2858 2866 2847 2884 2869 2879 2878 2902 2825 2871 2853 2869 2888 2838 2877 2888 2847 2848 2846 2844 2870 2859 2878 2880 2830 2859 2901 2854 2843 2888 2849 2892 2834 2882 2850 2857 2870 2871 2853 2857 2844 2862 2886 2893 2833 2812 2885 2837 2857 2861 2853 2814 2900 2867 2838 2845 2849 2837 2853 2865 2850 2880 2858 2861 2874 2853 2869 2865 2869 2848 2834 2846 2872 2868 2873 2870 2848 2828 2854 2843 2868 2835

Tree=0
num_leaves=31
num_cat=0
split_feature=10 0 46 42 22 28 28 0 54 0 20 40 20 46 20 42 42 50 28 38 22 30 38 34 40 42 12 31 23 0
split_gain=1.67402e+07 2.94457e+06 1.47347e+06 811648 486139 335832 324813 218542 192223 121927 118894 100286 97927.5 96132.1 84123.3 66773.1 63748.2 61018.3 53181 51958 49508.6 46990.3 46307.6 46306.4 44814.1 41661.9 41907.9 41323.2 42187.9 39914.9
threshold=1411.7092500000003 91.500000000000014 394.22500000000008 8.4161422222222253 9071.9980000000014 0.0052330827067667987 0.0047969924812029914 65.500000000000014 23.179722500000004 110.50000000000001 0.0015413533834644252 0.54422932330826523 0.0018195488721866606 392.02500000000003 0.0015789473684214973 8.4507925000000021 8.4491425000000007 38.847029411764716 0.007210526315789373 8148.1290000000017 9077.4182500000043 520.94625000000008 8150.0115000000005 2388.1597500000012 -0.26484962406016227 8.4367175000000021 0.18907518796992698 0.34411389829489353 4.5194086309453096 157.50000000000003
decision_type=2 2 2 2 2 2 2 2 2 2 2 2 2 2 2 2 2 2 2 2 2 2 2 2 2 2 2 2 2 2
left_child=1 7 6 20 5 12 9 -1 -4 23 25 17 15 -9 19 24 -11 -6 -10 21 -3 -8 -18 -2 -5 -7 -27 28 -15 -26
right_child=2 3 8 4 11 10 14 13 18 16 -12 -13 -14 27 -16 -17 22 -19 -20 -21 -22 -23 -24 -25 29 26 -28 -29 -30 -31
leaf_value=87.899659151195635 87.064381189790367 87.59347570232363 84.57644058834272 86.085161346317946 85.912148418285796 86.859685775481708 85.550551580528733 87.832957674579092 85.347332336584245 87.008611870784321 85.90043863757974 85.500978986145682 86.558643620913088 87.521579993676056 85.216098400835833 86.516773310451327 86.138865399357684 86.542224155757467 84.895908237645585 85.393387945536674 86.648650434292634 86.278467915596607 85.52844112285824 85.864550957695386 87.121630530693196 86.644771941482787 85.913516605768763 86.938461589845915 87.018929235526116 87.49611921515816
leaf_weight=5164 194 1067 1536 32 289 286 130 644 493 62 348 263 333 1030 475 149 525 267 502 210 52 212 144 33 1164 177 117 163 177 329
leaf_count=5164 194 1067 1536 32 289 286 130 644 493 62 348 263 333 1030 475 149 525 267 502 210 52 212 144 33 1164 177 117 163 177 329
internal_value=86.8261 87.4098 85.2684 86.8407 86.6293 86.8097 85.8811 87.7962 84.7885 86.2793 86.3381 85.9835 87.0279 87.5304 85.5105 87.1213 86.0909 86.2137 85.1179 85.7663 87.5494 85.9989 86.0057 86.8865 87.1806 86.6018 86.3516 87.3876 87.4481 87.2045
internal_weight=16567 12051 4516 4873 3754 2935 1985 7178 2531 958 928 819 2007 2014 1027 1674 731 556 995 552 1119 342 669 227 1525 580 294 1370 1207 1493
internal_count=16567 12051 4516 4873 3754 2935 1985 7178 2531 958 928 819 2007 2014 1027 1674 731 556 995 552 1119 342 669 227 1525 580 294 1370 1207 1493
is_linear=0
shrinkage=1


Tree=1
num_leaves=31
num_cat=0
split_feature=10 0 46 54 21 28 36 0 26 12 22 0 46 14 32 39 32 28 21 38 37 22 18 30 28 0 10 31 54 44
split_gain=1.53783e+07 2.87823e+06 1.35549e+06 667645 441610 292701 265061 250576 178400 148852 134320 120374 101352 85582 79769.1 71874.9 70586.9 65774.7 64212.5 58423.6 58133.6 55223.8 54667.8 54064.2 50003.7 39786.9 39681.6 39420.1 38789.2 36334.7
threshold=1411.7092500000003 94.500000000000014 394.22500000000008 23.344755000000003 9077.3050000000021 0.0047969924812029914 0.0023909774436077034 63.500000000000007 47.855250000000012 0.17707894736842442 9077.4182500000043 110.50000000000001 392.02500000000003 554.12825000000009 -0.012462406015037541 4.3449111166788832 -0.014139097744358384 0.0058345864661653911 9104.720000000003 8141.1639166666673 8147.5550000000012 9071.1380000000008 2388.0876973684221 521.01475000000016 0.0027917956656347324 140.50000000000003 1413.2540000000001 0.34325846673904176 23.322705000000003 0.00013248120300753528
decision_type=2 2 2 2 2 2 2 2 2 2 2 2 2 2 2 2 2 2 2 2 2 2 2 2 2 2 2 2 2 2
left_child=1 7 5 4 6 11 9 -1 18 17 13 26 -9 19 -7 28 24 20 -4 -5 -3 23 -8 -13 -11 -21 -2 -14 -6 -18
right_child=2 3 8 10 15 14 22 12 -10 16 -12 21 27 -15 -16 -17 29 -19 -20 25 -22 -23 -24 -25 -26 -27 -28 -29 -30 -31
leaf_value=1.0455156377499593 0.35220117744058371 0.38554434605460403 -1.5284023575035921 0.62166149565062034 -0.87507449092356471 -1.468317964445248 -0.35471379659205143 0.96413013484054177 -2.21226190161916 -0.13290702709129879 -0.43036802217006681 -0.85852223351438695 0.59130247617283094 0.83545527556828691 -0.90571632217709763 -1.3433490503419119 0.33481942641994228 -0.18578203747700328 -2.023521320961617 -0.14460158903761927 -0.17303242476684833 -1.1849086722914735 -1.1827820634670805 -0.25130878303887411 -0.91709024724563415 0.63864368874293109 -0.48564806792933446 0.12768770297652388 -0.18644892972884791 -0.25826733850491673
leaf_weight=5011 149 1021 746 343 285 661 111 731 1355 111 124 280 1448 677 356 264 137 325 369 231 200 178 208 251 216 77 76 187 100 284
leaf_count=5011 149 1021 746 343 285 661 111 731 1355 111 124 280 1448 677 356 264 137 325 369 231 200 178 208 251 216 77 76 187 100 284
internal_value=0.00169239 0.555309 -1.51218 -0.0237268 -0.261916 -0.920392 -0.0878129 0.925274 -1.97906 0.025005 0.511191 -0.536083 0.670277 0.599366 -1.27246 -0.961677 -0.322157 0.193072 -1.69392 0.352942 0.293983 -0.727709 -0.896654 -0.572509 -0.652116 0.0526428 0.0682977 0.538388 -0.697157 -0.0649315
internal_weight=16512 12091 4421 4714 3262 1951 2613 7377 2470 2294 1452 934 2366 1328 1017 649 748 1546 1115 651 1221 709 319 531 327 308 225 1635 385 421
internal_count=16512 12091 4421 4714 3262 1951 2613 7377 2470 2294 1452 934 2366 1328 1017 649 748 1546 1115 651 1221 709 319 531 327 308 225 1635 385 421
is_linear=0
shrinkage=0.03


Tree=2
num_leaves=31
num_cat=0
split_feature=6 0 10 42 28 0 22 0 28 32 42 22 46 36 42 22 10 44 6 40 16 32 32 28 54 32 40 34 0 42
split_gain=1.47498e+07 2.59471e+06 1.11346e+06 685303 385504 317227 280858 241724 190248 131669 117824 108790 97511.6 82501.9 79708.4 62707.9 61157.9 53918.6 51709.1 48123.5 44554.7 42192.2 42149.3 41905.4 39278.8 38141.6 37713.4 34098.5 34016.8 31876.4
threshold=1592.1432500000003 93.500000000000014 1416.4197500000002 8.4161422222222253 0.0050375939849623018 90.500000000000014 9071.9980000000014 68.500000000000014 0.0063007518796991098 -0.015661654135339143 8.4871350000000003 9074.3337500000016 392.02500000000003 0.000421052631580445 8.4511025000000028 9070.8829999999998 1412.3572500000002 0.00080913533834586153 1588.6740000000002 0.24831203007518465 -0.019548872180452107 -0.0056954887218061681 -0.011503759398495478 0.0084473684210526565 23.294170000000005 -0.02789849624060314 0.25398872180450333 2388.1445576923084 44.500000000000007 8.4459475000000044
decision_type=2 2 2 2 2 2 2 2 2 2 2 2 2 2 2 2 2 2 2 2 2 2 2 2 2 2 2 2 2 2
left_child=1 7 5 19 6 16 13 28 11 24 23 14 -9 26 -7 20 -2 -15 -8 -3 -11 27 -10 -4 -6 -19 -5 -14 -1 -22
right_child=2 3 10 4 9 8 18 12 22 15 -12 -13 21 17 -16 -17 -18 25 -20 -21 29 -23 -24 -25 -26 -27 -28 -29 -30 -31
leaf_value=1.0525342745094948 0.87242228287916912 0.73325990664665563 -1.5675935238921965 0.48017002336582593 -1.1671924691633746 0.057089423328546468 -0.17536216092263829 0.92762974754277405 -1.5667441580579047 -0.55382415366616655 -2.1911267195527975 -1.3413821165902273 0.33238515412740943 0.1434415588695484 -0.77842231686487018 -0.77457948983114744 -0.63821102619171144 -1.161737404441727 -0.86584652675515961 0.097696516000833664 0.2127991819967989 0.61236806509977715 -1.0958076616736019 -1.9555951923836687 -0.64584000321504254 -0.19104381919119282 -0.047592854785592588 -0.62129123369852701 0.89228663291172017 -0.38111406018499466
leaf_weight=3477 90 964 591 757 329 121 144 592 614 187 1136 279 559 776 676 223 32 41 306 121 243 771 254 498 223 280 145 35 1904 121
leaf_count=3477 90 964 591 757 329 121 144 592 614 187 1136 279 559 776 676 223 32 41 306 121 243 771 254 498 223 280 145 35 1904 121
internal_value=0.00387639 0.536056 -1.50872 -0.00159819 -0.192607 -1.00642 0.0305125 0.8921 -1.09953 -0.6044 -1.97447 -0.831582 0.606027 0.182999 -0.651663 -0.351223 0.474223 0.00817651 -0.64577 0.662537 -0.17879 0.465972 -1.43036 -1.74666 -0.958122 -0.318249 0.395371 0.275242 0.996009 0.0148687
internal_weight=16489 12198 4291 4860 3775 2066 2449 7338 1944 1326 2225 1076 1957 1999 797 774 122 1097 450 1085 551 1365 868 1089 552 321 902 594 5381 364
internal_count=16489 12198 4291 4860 3775 2066 2449 7338 1944 1326 2225 1076 1957 1999 797 774 122 1097 450 1085 551 1365 868 1089 552 321 902 594 5381 364
is_linear=0
shrinkage=0.03


Tree=3
num_leaves=31
num_cat=0
split_feature=6 21 2 54 32 2 6 28 22 42 22 36 16 12 14 50 36 12 2 50 2 42 28 28 36 28 39 10 38 22
split_gain=1.3889e+07 1.28554e+06 1.18895e+06 619410 347963 261386 255681 248884 245533 200763 127972 114962 109802 99002.6 94691.4 92532.6 65734 65675.6 54263 53523.1 52275.8 51223 49012.5 40360.3 37488.4 37014.4 34904.2 34382.4 32908 32660.4
threshold=1592.0037500000003 9075.6850000000031 642.96825000000024 23.3577625 -0.011007518796991614 643.15775000000019 1588.4192500000001 0.0034511278195489127 9073.8672500000011 8.4491425000000007 9061.0347500000007 0.001804511278201541 0.011180451127819726 0.066484962406014675 553.59025000000008 38.797750000000015 0.00085714285714276158 0.074018796992482191 642.84275000000014 38.977573529411778 642.83775000000026 8.4124975000000024 0.0074473684210526652 0.0057744360902255839 -0.0001278195488730899 0.0052330827067667987 4.4926627052643688 1409.3422500000004 8141.2480000000005 9062.9232500000016
decision_type=2 2 2 2 2 2 2 2 2 2 2 2 2 2 2 2 2 2 2 2 2 2 2 2 2 2 2 2 2 2
left_child=1 3 8 4 7 22 21 17 9 27 15 20 13 -9 25 18 -15 29 -6 28 -11 -3 -4 -13 -19 -12 -8 -2 -5 -1
right_child=2 6 5 19 10 -7 26 12 -10 11 14 23 -14 16 -16 -17 -18 24 -20 -21 -22 -23 -24 -25 -26 -27 -28 -29 -30 -31
leaf_value=0.71398482706044564 0.9058804475693476 0.65609564638451523 -1.3138081722165365 0.90001154568268127 0.49624070731822906 -2.0693109177544478 -0.69572402176154502 0.10605478214703074 -1.3654448811739486 -0.13238324915083635 0.14987436749585392 -0.7798535092082699 0.67108321309089658 -0.15234311673619333 0.55868143020040861 0.77334878991504619 -0.81666930921444347 0.56491421476755732 -0.2346905727014629 0.99083249284678432 -0.69745074768537696 -0.1024055519948403 -1.6896860725996923 -1.5282139328973634 0.051973692767223599 -0.46780706598570471 -1.1697518656550463 0.05861858302808326 0.63654529644543545 0.10831865896676715
leaf_weight=558 62 113 708 906 576 1527 419 304 452 225 372 112 110 217 652 2622 352 178 108 2590 429 269 609 167 453 113 216 137 836 94
leaf_count=558 62 113 708 906 576 1527 419 304 452 225 372 112 110 217 652 2622 352 178 108 2590 429 269 609 167 453 113 216 137 836 94
internal_value=0.00250949 0.530189 -1.43422 0.624203 0.443532 -1.80109 -0.490074 0.14092 -0.774809 -0.537975 0.597803 -0.722362 -0.218148 -0.330833 0.32284 0.692242 -0.564026 0.415984 0.380656 0.903842 -0.503546 0.123095 -1.48877 -1.23165 0.197335 0.00529451 -0.858554 0.325799 0.77401 0.626964
internal_weight=16486 12058 4428 11041 6709 2844 1017 2266 1584 1132 4443 933 983 873 1137 3306 569 1283 684 4332 654 382 1317 279 631 485 635 199 1742 652
internal_count=16486 12058 4428 11041 6709 2844 1017 2266 1584 1132 4443 933 983 873 1137 3306 569 1283 684 4332 654 382 1317 279 631 485 635 199 1742 652
is_linear=0
shrinkage=0.03


Tree=4
num_leaves=31
num_cat=0
split_feature=6 0 6 54 28 22 0 0 28 26 22 32 36 46 21 14 32 10 40 21 12 32 40 6 14 23 0 26 32 26
split_gain=1.31277e+07 2.4551e+06 967277 648192 319872 244786 242134 198620 153652 140499 120220 107705 83810.8 82416.3 66718.5 64449.9 56659.9 56242.2 52965.3 47536.5 44767.5 44571.1 43989.7 43139.6 42301 40794.7 36851.3 45671.4 36043.9 34731.6
threshold=1592.2117500000002 92.500000000000014 1594.5327500000003 23.344755000000003 0.0052330827067667987 9068.9562500000029 90.500000000000014 67.500000000000014 0.0063007518796991098 47.855250000000012 9075.1654999999992 -0.016270676691729696 0.0020601503759432763 392.02500000000003 9083.6550000000007 554.12825000000009 -0.016075187969924975 1412.4885000000002 0.42522180451128716 9112.2800000000025 0.15054135338345817 -0.024657894736841903 -0.25549624060151599 1590.3595000000003 553.59025000000008 4.4755942340533146 156.50000000000003 47.58560714285715 -0.010548872180452985 47.410250000000012
decision_type=2 2 2 2 2 2 2 2 2 2 2 2 2 2 2 2 2 2 2 2 2 2 2 2 2 2 2 2 2 2
left_child=1 7 6 4 5 12 17 -1 14 19 15 -6 22 -9 16 29 -8 -2 24 -4 -10 -14 -3 -7 -13 28 -24 -28 -15 -5
right_child=2 3 9 10 11 23 8 13 20 -11 -12 18 21 25 -16 -17 -18 -19 -20 -21 -22 -23 26 -25 -26 -27 27 -29 -30 -31
leaf_value=0.94602316553904231 0.86248989864631931 -0.69324907608654185 -1.4321819356347845 0.43763567206067727 -0.95284499392255972 -0.36323324554374342 -0.98842467167160719 0.88384442172010058 -0.98001146169193076 -2.0212466315842219 -0.23350990606911398 -0.43085307958110963 -1.1705932618618011 0.27315444217853269 -1.2495941084744979 0.7868930634888025 -0.44858140166933086 -0.64306468917477511 -0.99940179889447223 -1.903781316167658 -1.489049145244731 -0.1694561384807286 0.16628417141551569 -0.92438466680265652 0.12796797849150265 0.10917659013268413 0.67331370337062502 -0.22610656472463761 0.65160789987181911 -0.3879673482298851
leaf_weight=5285 80 45 778 584 521 284 263 589 239 1401 177 433 49 328 195 737 530 30 106 274 500 203 1143 220 169 248 291 61 747 49
leaf_count=5285 80 45 778 584 521 284 263 589 239 1401 177 433 49 328 195 737 530 30 106 274 500 203 1143 220 169 248 291 61 747 49
internal_value=-0.00455934 0.494934 -1.43285 -0.0105966 -0.235263 -0.0261126 -0.911508 0.851153 -0.998425 -1.82274 0.50115 -0.625656 0.138221 0.588564 -0.752337 0.596167 -0.628641 0.44979 -0.383881 -1.5567 -1.32597 -0.367979 0.221239 -0.609526 -0.274023 0.456537 0.24921 0.517249 0.536497 0.373215
internal_weight=16559 12269 4290 5072 3525 2296 1837 7197 1727 2453 1547 1229 1792 1912 988 1370 793 110 708 1052 739 252 1540 504 602 1323 1495 352 1075 633
internal_count=16559 12269 4290 5072 3525 2296 1837 7197 1727 2453 1547 1229 1792 1912 988 1370 793 110 708 1052 739 252 1540 504 602 1323 1495 352 1075 633
is_linear=0
shrinkage=0.03


Tree=5
num_leaves=31
num_cat=0
split_feature=6 0 2 42 21 0 20 2 32 0 32 37 32 6 46 2 42 46 52 42 16 20 37 26 16 0 0 20 20 15
split_gain=1.23319e+07 2.14047e+06 1.04211e+06 617237 336637 332499 225442 190282 137256 122077 90262.8 79520.8 66207.8 65889.1 64422.3 60882.3 54191.9 53951 49646.6 49312.8 46446.8 42319.3 36021.8 33299.3 32038.7 31731.6 28841.6 26241.1 25956.1 24024.7
threshold=1592.0037500000003 86.500000000000014 643.00125000000014 8.4174950000000024 9074.8050000000021 104.50000000000001 0.0015789473684214973 643.13575000000026 -0.014654135338345869 54.500000000000007 -0.011338345864661941 8155.6850000000004 -0.021451127819548162 1589.4827500000004 392.17424242424249 642.87575000000027 8.4501675000000027 392.02500000000003 -0.00053617499631435485 8.4487950000000023 -0.0087443609022563179 0.0022481203007431679 8153.8350000000009 47.948250000000009 0.001086466165412845 142.50000000000003 71.500000000000014 0.00024151287310259393 0.0007819548872140858 0.39270265468845955
decision_type=2 2 2 2 2 2 2 2 2 2 2 2 2 2 2 2 2 2 2 2 2 2 2 2 2 2 2 2 2 2
left_child=1 9 5 14 6 15 10 -4 21 -1 18 16 -8 -6 -3 -2 -10 -11 24 25 29 22 -7 -9 27 -12 -19 -5 -18 -14
right_child=2 3 7 4 13 8 12 23 11 17 19 -13 20 -15 -16 -17 28 26 -20 -21 -22 -23 -24 -25 -26 -27 -28 -29 -30 -31
leaf_value=0.95097228121848876 0.65535644323719255 0.74418036181616742 -1.401334352694362 -0.085508178134483318 -0.36474116126813416 -0.83754100941926346 -0.92224585505173751 -1.8090825263857839 0.18022053289413453 0.88115284763311885 0.26734616386616017 -1.2008193319360005 -0.1798969126991122 -0.92692178902298017 0.31313346795124575 -0.51963378189338583 -0.3964413279160684 0.70284272550636029 0.19950331131415439 -0.080674028045990887 0.064366387960131027 -1.5509723328869687 -1.3483848026177401 -2.0991690265039171 0.15354109993293169 0.60549503396262583 0.44966650914868289 -0.56836839745857504 -0.81585235386336541 -0.66888882460641563
leaf_weight=4239 150 896 995 161 317 286 194 959 89 843 855 193 147 466 482 53 257 876 319 271 218 252 232 686 125 354 770 274 282 238
leaf_count=4239 150 896 995 161 317 286 194 959 89 843 855 193 147 466 482 53 257 876 319 271 218 252 232 686 125 354 770 274 282 238
internal_value=-0.00054957 0.497383 -1.35299 0.0474937 -0.143706 -0.794403 -0.00549305 -1.73214 -0.940233 0.852861 0.141902 -0.668987 -0.441392 -0.700077 0.593744 0.347542 -0.503892 0.685453 -0.0988254 0.284845 -0.285419 -1.2282 -1.06849 -1.93126 -0.268819 0.366776 0.584752 -0.390261 -0.616978 -0.483133
internal_weight=16479 12045 4434 5317 3939 1794 3156 2640 1591 6728 2359 821 797 783 1378 203 628 2489 879 1480 603 770 518 1645 560 1209 1646 435 539 385
internal_count=16479 12045 4434 5317 3939 1794 3156 2640 1591 6728 2359 821 797 783 1378 203 628 2489 879 1480 603 770 518 1645 560 1209 1646 435 539 385
is_linear=0
shrinkage=0.03


Tree=6
num_leaves=31
num_cat=0
split_feature=2 0 26 21 42 0 28 0 37 28 20 2 24 14 20 42 22 12 36 54 23 22 16 28 14 20 2 47 51 39
split_gain=1.15603e+07 2.31544e+06 811811 546876 383815 265543 252621 183098 144303 111183 103854 97397.6 77318.9 73864.6 73029.4 65395.4 61910.7 59412.1 45945.5 42499.4 39588 41304.9 38151 36707.1 35385.8 35186.3 35153.8 35360.5 33590.1 32159.6
threshold=642.83775000000026 94.500000000000014 47.773750000000007 9080.7650000000012 8.4174950000000024 70.500000000000014 0.0057744360902255839 65.500000000000014 8163.795000000001 0.007744360902255624 0.0018458646616522003 643.23325000000011 0.74589097744360633 554.26183333333358 0.0018458646616522003 8.4507925000000021 9067.9655000000039 0.13469172932330956 0.00085714285714276158 23.314637500000007 4.3935839400465921 9059.0244722222251 -0.019548872180452107 0.0083525159051475433 554.12825000000009 0.001451127819561742 642.92225000000019 0.72345650665345607 0.11240440382832018 3.3316976131130724
decision_type=2 2 2 2 2 2 2 2 2 2 2 2 2 2 2 2 2 2 2 2 2 2 2 2 2 2 2 2 2 2
left_child=1 7 5 4 24 -2 10 -1 9 26 15 23 19 20 22 16 17 28 -19 -5 21 -9 -8 -4 -3 -11 27 -7 29 -6
right_child=2 3 11 12 6 8 14 13 -10 25 -12 -13 -14 -15 -16 -17 -18 18 -20 -21 -22 -23 -24 -25 -26 -27 -28 -29 -30 -31
leaf_value=0.89901808979350961 0.63554989601703404 0.37560808149413011 -1.3620576512657006 -0.84784585498100096 0.6854775517444287 0.18485189692448761 -0.6504055441265375 0.69748050866482869 -1.4878525673868503 -0.94201984488877699 -0.38026046392086471 -1.9490492507792689 -1.2410113713711124 0.87330750428328441 -0.92129292035425026 -0.24860660777098553 -0.14355246808494315 0.30380316790430045 -0.28999335487426253 -0.2919702284472171 0.19809968955443311 0.35479689244074475 -0.15773466019875862 -1.7385658171633456 0.74096389843797683 -1.4788364616173963 -0.86802827751686074 -0.59714301486834109 0.0456924825928667 0.25525693665258586
leaf_weight=5145 93 392 532 257 536 58 212 741 426 206 346 1182 236 553 258 271 292 298 192 241 370 559 424 469 624 259 480 473 135 223
leaf_count=5145 93 392 532 257 536 58 212 741 426 206 346 1182 236 553 258 271 292 298 192 241 370 559 424 469 624 259 480 473 135 223
internal_value=0.000852451 0.463807 -1.36242 -0.0389355 0.0930679 -0.924212 -0.0688391 0.800634 -1.00077 -0.85928 0.097964 -1.76228 -0.793906 0.572628 -0.4963 0.1831 0.253012 0.336723 0.0710151 -0.579962 0.472598 0.550513 -0.322722 -1.54002 0.600508 -1.24355 -0.681483 -0.51154 0.482115 0.559578
internal_weight=16483 12305 4178 4937 4203 1995 3187 7368 1902 1476 2293 2183 734 2223 894 1947 1676 1384 490 498 1670 1300 636 1001 1016 465 1011 531 894 759
internal_count=16483 12305 4178 4937 4203 1995 3187 7368 1902 1476 2293 2183 734 2223 894 1947 1676 1384 490 498 1670 1300 636 1001 1016 465 1011 531 894 759
is_linear=0
shrinkage=0.03


Tree=7
num_leaves=31
num_cat=0
split_feature=42 21 46 54 22 28 20 40 26 42 46 42 12 12 23 28 21 16 32 50 50 15 20 32 24 32 32 24 12 36
split_gain=1.06842e+07 1.11435e+06 1.07043e+06 503977 314991 233180 194814 155390 143100 142924 111901 109249 97594.6 75882.4 64065.1 59728.5 49052 48173.7 45873.3 45643.5 41958.1 41942.2 43202.6 39552.8 38894.7 38390.7 38254.9 38150.2 38117.9 40890.6
threshold=8.4519775000000035 9078.8200000000015 394.17500000000001 23.359805000000005 9063.5792500000007 0.0049248120300750828 0.00092481203007605656 -0.086590225563908704 47.888750000000009 8.4372525000000014 393.37980769230774 8.4202124999999999 0.091541353383459853 0.22071804511278117 3.7871295191100454 0.0078270676691728509 9080.7650000000012 0.0073308270676695165 -0.011199248120300181 38.977573529411778 38.794750000000015 0.35844717183948466 0.0018195488721866606 -0.014315789473685463 0.27137969924808919 -0.015052631578948721 -0.0063984962406016246 0.71813226247433992 0.034357142857141025 0.00015037593985051304
decision_type=2 2 2 2 2 2 2 2 2 2 2 2 2 2 2 2 2 2 2 2 2 2 2 2 2 2 2 2 2 2
left_child=1 3 5 4 6 10 18 12 15 21 -2 -3 -8 25 -11 -4 26 23 28 -5 -9 -6 24 -14 -23 -7 -12 -13 -1 -30
right_child=2 11 8 19 9 13 7 20 -10 14 16 27 17 -15 -16 -17 -18 -19 -20 -21 -22 22 -24 -25 -26 -27 -28 -29 29 -31
leaf_value=0.64710923444551038 0.2661531339110555 0.040499421596433147 -1.2453380099109939 0.6804491058308213 0.58089438815445948 -1.0671583004708751 0.28144272011120308 0.028517707743323767 -1.8978066472183885 0.0056630371755628447 -0.62444950723687542 -0.63646508980806416 -1.0216667388184968 -1.3315561498068516 -0.68343145654979831 -1.6383530131307968 -1.0932637080808325 0.44720125338860922 0.68509546458383508 0.88150397555354099 0.51176581334563398 0.34812101299822745 -0.42956668136754761 -0.31591167521396069 -0.22918083269175865 -0.54597564737664328 -0.18045433864049379 -1.138201105170054 0.56674493078142407 0.04238169011365818
leaf_weight=456 184 170 731 1693 215 248 246 194 1111 200 452 380 133 458 308 713 126 41 2620 2641 974 431 114 156 138 269 286 218 239 303
leaf_count=456 184 170 731 1693 215 248 246 194 1111 200 452 380 133 458 308 713 126 41 2620 2641 974 431 114 156 138 269 286 218 239 303
internal_value=-0.000752891 0.474092 -1.23178 0.550552 0.388707 -0.715708 0.493492 0.232854 -1.63996 -0.0109715 -0.404454 -0.630473 -0.170195 -1.04951 -0.412656 -1.4404 -0.547411 -0.506704 0.619029 0.803141 0.431593 0.216468 0.10107 -0.643109 0.207951 -0.79756 -0.452863 -0.820967 0.445077 0.274222
internal_weight=16448 11870 4578 11102 6768 2023 5362 1744 2555 1406 1048 768 576 975 508 1444 864 330 3618 4334 1168 898 683 289 569 517 738 598 998 542
internal_count=16448 11870 4578 11102 6768 2023 5362 1744 2555 1406 1048 768 576 975 508 1444 864 330 3618 4334 1168 898 683 289 569 517 738 598 998 542
is_linear=0
shrinkage=0.03


Tree=8
num_leaves=31
num_cat=0
split_feature=2 22 6 6 22 50 20 46 6 2 32 32 28 28 12 26 28 22 20 23 16 24 12 10 56 43 23 42 22 52
split_gain=1.02743e+07 1.20457e+06 663772 552132 275190 163444 162731 151856 139766 138412 134596 104010 98565.3 91493.1 85705.6 69844.8 66660 53955 52802.4 49236.3 43840.8 36277.7 35840.4 34489 31982.8 31153.6 30382.3 29919 28382 27888.9
threshold=642.84275000000014 9074.3337500000016 1594.1315000000002 1589.2192500000003 9060.8592500000013 38.973078947368428 0.0011052631578968091 393.34166666666675 1588.7965833333337 643.18225000000018 -0.0067105263157885833 -0.011199248120300181 0.00622556390977451 0.0035037593984961718 0.24435714285714391 47.63418750000001 0.0023984962406015213 9061.1222500000022 -0.00032330827067673956 3.691881887909306 -0.0077067669172984892 1.009515037593985 0.14615037593984689 1409.05475 -0.0033382330827067528 0.021091099722182798 3.5986989836603307 8.4385750000000019 9065.6692500000008 0.00089473684210521882
decision_type=2 2 2 2 2 2 2 2 2 2 2 2 2 2 2 2 2 2 2 2 2 2 2 2 2 2 2 2 2 2
left_child=1 3 7 5 6 11 15 -2 -3 24 13 16 -9 29 19 25 -1 -13 -18 -6 -15 -10 -20 28 -4 -5 -16 -28 -21 -8
right_child=2 8 9 4 14 -7 10 12 21 -11 -12 17 -14 20 26 -17 18 -19 22 23 -22 -23 -24 -25 -26 -27 27 -29 -30 -31
leaf_value=0.54675935776854478 0.27375761618939309 -0.10156793274515766 -1.5504309856791456 0.68646088222287049 0.26792461505722859 0.84649624009598357 -0.068605542064674438 -0.65718898701229511 -0.77029884376455982 -1.8017122001237766 0.44837107232110507 0.73818931339821237 -1.167716579823777 -0.95039054096766884 -0.086905167944291054 0.0071458596803925254 0.59055171930287265 0.47992950275785828 0.17987166911580607 0.26560492149375853 -0.069889550963289124 -1.3344787429196989 -0.3302484152152918 -0.43269933208885064 -1.2220638075064529 0.41222988030779251 0.019701349139213561 -0.99900448064260838 -0.30094548390611353 0.67611988035030657
leaf_weight=673 109 294 475 1229 343 2847 154 764 451 1394 406 2121 622 174 67 197 165 1122 308 187 72 136 206 270 703 544 31 157 137 63
leaf_count=673 109 294 475 1229 343 2847 154 764 451 1394 406 2121 622 174 67 197 165 1122 308 187 72 136 206 270 703 544 31 157 137 63
internal_value=0.00191769 0.432484 -1.30576 0.514581 0.231726 0.66774 0.3923 -0.802222 -0.63601 -1.59803 0.0502351 0.556824 -0.886977 -0.2991 -0.150724 0.543088 0.335378 0.649013 0.125368 -0.0177955 -0.694009 -0.903059 -0.0248176 -0.182955 -1.35567 0.6026 -0.637195 -0.831811 0.0258561 0.149715
internal_weight=16421 12354 4067 11473 4031 7442 2839 1495 881 2572 869 4595 1386 463 1192 1970 1352 3243 679 937 246 587 514 594 1178 1773 255 188 324 217
internal_count=16421 12354 4067 11473 4031 7442 2839 1495 881 2572 869 4595 1386 463 1192 1970 1352 3243 679 937 246 587 514 594 1178 1773 255 188 324 217
is_linear=0
shrinkage=0.03


Tree=9
num_leaves=31
num_cat=0
split_feature=6 0 2 2 22 28 0 2 0 14 28 20 24 46 2 19 20 22 40 6 20 22 28 40 35 44 22 23 2 44
split_gain=9.7855e+06 1.87657e+06 700292 491808 256690 212853 203909 140779 124834 112665 96488.9 83545.4 51400.8 49664 48008.7 45900.5 45668.5 51921.5 43468.4 42300.9 40075.7 37073.9 33347.4 31607.4 30569.6 30502.5 30353.5 27473.9 26221.4 26121.3
threshold=1592.2117500000002 88.500000000000014 643.00125000000014 642.49175000000025 9068.9562500000029 0.0068258145363407916 106.50000000000001 643.18225000000018 57.500000000000007 554.12825000000009 0.0037218045112781366 0.0011052631578968091 0.34216541353386259 392.02500000000003 642.84825000000023 0.025573423705156275 0.0021278195488794774 9071.3887500000001 -0.13796609169983942 1590.9910000000004 0.0022481203007431679 9075.1654999999992 0.0075300751879699363 0.48405639097744985 0.03292403662192863 0.00045741854636591374 9070.340000000002 3.2585585367915058 642.85925000000032 0.00027680451127820154
decision_type=2 2 2 2 2 2 2 2 2 2 2 2 2 2 2 2 2 2 2 2 2 2 2 2 2 2 2 2 2 2
left_child=1 8 6 9 5 11 14 22 -1 12 26 29 15 -10 -2 -3 17 -12 -13 23 27 -11 -4 -6 -17 -20 -8 -7 -15 -5
right_child=2 3 7 4 19 20 10 -9 13 21 16 18 -14 28 -16 24 -18 -19 25 -21 -22 -23 -24 -25 -26 -27 -28 -29 -30 -31
leaf_value=0.8497614137835342 0.61379936218808551 0.62152096500919185 -1.1543246284323538 0.35265381126387102 -0.36127193392251833 0.27201388316508385 -0.34742789569535049 -1.7446470632198898 0.77424894545020073 0.67847212980656957 -0.62339723637379774 -0.68388602611733906 -0.27451571728568519 0.50193281336802453 -0.41203043981031934 0.26972456577365228 -1.354955158886844 -1.1697336868847472 0.15146559502522663 -0.96039367337871318 -1.1138894744520471 -0.045581035448504344 -1.4758725538455619 -0.88179376504421225 -0.12624028408742813 -0.30856861679359926 -0.8528143746516218 -0.56442496946970377 -0.38342937377191355 0.077295020649246149
leaf_weight=4474 108 242 667 630 360 39 323 1426 808 801 320 133 191 1587 65 595 291 315 260 313 117 69 566 149 248 257 161 328 30 611
leaf_count=4474 108 242 667 630 360 39 323 1426 808 801 320 133 191 1587 65 595 291 315 260 313 117 69 566 149 248 257 161 328 30 611
internal_value=-0.00142555 0.428851 -1.24297 0.00677259 -0.229017 -0.0707677 -0.74268 -1.54042 0.755686 0.357983 -0.861882 0.0729969 0.178265 0.581843 0.228219 0.258151 -1.04142 -0.895828 -0.202333 -0.685604 -0.631452 0.621061 -1.30301 -0.515075 0.153225 -0.077371 -0.516954 -0.475041 0.48528 0.217254
internal_weight=16484 12242 4242 5343 3197 2375 1583 2659 6899 2146 1410 1891 1276 2425 173 1085 926 635 650 822 484 870 1233 509 843 517 484 367 1617 1241
internal_count=16484 12242 4242 5343 3197 2375 1583 2659 6899 2146 1410 1891 1276 2425 173 1085 926 635 650 822 484 870 1233 509 843 517 484 367 1617 1241
is_linear=0
shrinkage=0.03


Tree=10
num_leaves=31
num_cat=0
split_feature=6 0 10 42 28 22 0 32 32 0 24 2 20 2 6 34 18 22 12 15 14 20 10 12 46 12 40 22 36 0
split_gain=9.05342e+06 1.71059e+06 684346 462021 304196 207492 195823 136448 96512.5 96070.9 95247.3 82059.3 70524.4 47624.5 45547.4 44748.3 41178.4 40444.6 38397.9 36205.7 36187.4 32289.5 31837.5 31787.4 30835.2 29302.1 27253.3 24296.8 24285.1 26830.2
threshold=1592.1432500000003 85.500000000000014 1416.4197500000002 8.4161422222222253 0.0052330827067667987 9068.9562500000029 77.500000000000014 -0.014654135338345869 -0.015263157894737192 55.500000000000007 0.62007894736843616 643.18225000000018 0.0018195488721866606 642.89475000000016 1589.4827500000004 2388.1445576923084 2388.0780625000007 9071.1380000000008 0.23137593984962254 0.42383221916060815 554.23275000000024 0.00092481203007605656 1399.7070000000001 0.18460150375939774 393.48684210526318 0.2737105263157914 -0.25549624060151599 9060.5447500000009 0.001849624060148694 154.50000000000003
decision_type=2 2 2 2 2 2 2 2 2 2 2 2 2 2 2 2 2 2 2 2 2 2 2 2 2 2 2 2 2 2
left_child=1 9 6 20 5 12 -2 18 23 -1 13 -4 16 25 -7 22 -5 21 -8 -14 -3 -10 -11 -6 -17 -9 -18 -24 29 -28
right_child=2 3 11 4 8 14 7 10 17 15 -12 -13 19 -15 -16 24 26 -19 -20 -21 -22 -23 27 -25 -26 -27 28 -29 -30 -31
leaf_value=0.82501124030883999 0.69391631014935384 0.38850397165659784 -1.3163698767550085 0.48529844234825448 -0.54521756000789923 -0.16330437706825071 -0.9224270427174428 -0.12402741619338138 0.071406269930426855 0.79892376692608147 -1.2129067413390628 -1.6987486337629931 0.038197595029366468 -0.69709645317464286 -0.67183911683106856 0.54841470156946481 -0.69103668451309197 -0.62383941020900835 -1.3074950672510408 -0.59962486723892738 0.71552332785901551 -0.36782099961494374 0.62078852891680891 -0.99316949021932743 -0.71274783807992936 -0.79365164562010426 0.17654750646042547 0.3771350597379648 -0.14975649073442765 0.56260403817801763
leaf_weight=4297 76 708 838 545 276 312 509 346 300 593 188 1378 211 401 323 30 31 220 457 128 541 301 1152 306 39 70 903 551 159 197
leaf_count=4297 76 708 838 545 276 312 509 346 300 593 188 1378 211 401 323 30 31 220 457 128 541 301 1152 306 39 70 903 551 159 197
internal_value=-0.000432171 0.417735 -1.18942 0.024117 -0.126166 0.0540389 -0.79331 -0.850978 -0.486742 0.740342 -0.605228 -1.55481 0.193398 -0.464083 -0.422626 0.586221 0.266826 -0.276712 -1.10576 -0.203687 0.53061 -0.148818 0.608841 -0.782038 -0.164415 -0.238338 0.174222 0.542223 0.196058 0.246135
internal_weight=16386 12123 4263 5461 4212 2809 2047 1971 1403 6662 1005 2216 2174 817 635 2365 1835 821 966 339 1249 601 2296 582 69 416 1290 1703 1259 1100
internal_count=16386 12123 4263 5461 4212 2809 2047 1971 1403 6662 1005 2216 2174 817 635 2365 1835 821 966 339 1249 601 2296 582 69 416 1290 1703 1259 1100
is_linear=0
shrinkage=0.03


Tree=11
num_leaves=31
num_cat=0
split_feature=6 0 10 54 40 0 28 38 20 0 20 22 46 44 40 4 30 46 15 23 12 31 46 28 39 0 19 35 38 10
split_gain=8.65301e+06 1.5188e+06 705045 389262 237462 237363 208957 136363 113602 109673 93873.5 91621.5 72002.1 56137.5 50109.3 47599.9 45999.1 45448 40099 38577.1 30995.5 30862.6 30741.7 29619.6 28362.5 28285 24583.4 24401 24237.4 24021.3
threshold=1592.0037500000003 87.500000000000014 1416.6130000000001 23.35006730769231 0.35714285714284727 89.500000000000014 0.0074473684210526652 8151.2650000000021 0.0012781954887146588 62.500000000000007 0.0018458646616522003 9075.1654999999992 395.12500000000006 0.00058349624060150299 -0.10443233082707858 0.011187969924810788 520.98425000000009 392.02500000000003 0.39141027067958961 3.8296934602940831 0.16374060150376216 0.34325846673904176 392.17424242424249 0.0082631578947366773 3.346667857286322 149.50000000000003 0.027294688127912532 0.030866648668092939 8146.7955357142855 1412.2549999999999
decision_type=2 2 2 2 2 2 2 2 2 2 2 2 2 2 2 2 2 2 2 2 2 2 2 2 2 2 2 2 2 2
left_child=1 9 5 4 6 29 10 8 16 -1 13 22 23 20 -10 27 -7 -11 -12 25 24 -19 -5 -4 -3 -15 -24 -8 -18 -2
right_child=2 3 12 11 -6 7 15 -9 14 17 18 -13 -14 19 -16 -17 28 21 -20 -21 -22 -23 26 -25 -26 -27 -28 -29 -30 -31
leaf_value=0.78708721999641407 0.73180863638667715 0.46534472041535646 -1.2326957705920532 0.62745298820104145 -0.73638256426022775 -0.70195027446231018 -0.10107655563789444 -1.1849880347329369 -1.2607184735481425 0.73253579000583502 0.0029542327799061507 -0.24617184881737847 -1.7328516066913873 -0.0065778454796212617 -0.73167148812162464 -0.8974701269598383 -0.13556332935643103 0.47203207198472424 -0.57884640893718642 -0.20836641439534798 0.045952608875668724 0.019801250742327782 0.57125594801808666 -1.5253047560750039 0.12751338115512434 0.59932426788977211 0.13754590213174678 -0.61821635877126013 -0.7247971772670746 -0.22147639548406003
leaf_weight=4932 96 682 696 865 504 311 184 676 280 614 187 156 851 182 395 227 392 1155 247 502 412 154 208 638 334 111 271 148 74 31
leaf_count=4932 96 682 696 865 504 311 184 676 280 614 187 156 851 182 395 227 392 1155 247 502 412 154 208 638 334 111 271 148 74 31
internal_value=0.00209335 0.4185 -1.1302 0.0329171 -0.131596 -0.75753 -0.036617 -0.832731 -0.668031 0.71207 0.0743565 0.440726 -1.51429 0.153165 -0.952668 -0.56328 -0.419852 0.51936 -0.328732 -0.0488539 0.265588 0.418884 0.520579 -1.37368 0.354521 0.22422 0.326677 -0.332773 -0.230484 0.499205
internal_weight=16515 12075 4440 5220 3720 2255 3216 2128 1452 6855 2657 1500 2185 2223 675 559 777 1923 434 795 1428 1309 1344 1334 1016 293 479 332 466 127
internal_count=16515 12075 4440 5220 3720 2255 3216 2128 1452 6855 2657 1500 2185 2223 675 559 777 1923 434 795 1428 1309 1344 1334 1016 293 479 332 466 127
is_linear=0
shrinkage=0.03


Tree=12
num_leaves=31
num_cat=0
split_feature=6 0 2 42 28 38 42 32 0 32 38 37 20 37 26 2 16 50 10 6 15 54 2 19 38 36 34 15 38 3
split_gain=7.98414e+06 1.68064e+06 498756 447921 283439 174192 151166 108806 106287 95850.8 69146.8 67516.6 57315.3 52796.6 47213.6 47200.3 44226 41264.1 40538.3 39571.7 37219.7 36012.8 33993.2 30905.5 28102.4 28000.3 26582.7 29010.1 28589.2 26486.5
threshold=1592.4002500000004 87.500000000000014 643.08475000000033 8.4174950000000024 0.0048721804511277647 8146.5425000000005 8.4501675000000027 -0.015661654135339143 55.500000000000007 -0.02124812030075161 8147.7909285714295 8163.795000000001 0.0016616541353334155 8152.0250000000005 47.922750000000008 642.74025000000017 -0.019548872180452107 38.977573529411778 1399.7070000000001 1589.5180000000005 0.3987992916173177 23.294170000000005 642.92225000000019 0.034824560298694483 8158.4652500000002 0.0029511278195476416 2388.1437500000011 0.39141027067958961 8138.1310000000021 0.29297610823595477
decision_type=2 2 2 2 2 2 2 2 2 2 2 2 2 2 2 2 2 2 2 2 2 2 2 2 2 2 2 2 2 2
left_child=1 8 6 17 5 12 10 21 -1 -8 -2 22 15 16 -4 23 -9 24 -10 -7 -14 -6 25 -5 -3 -11 28 -28 -20 -30
right_child=2 3 14 4 7 19 9 13 18 11 -12 -13 20 -15 -16 -17 -18 -19 26 -21 -22 -23 -24 -25 -26 -27 27 -29 29 -31
leaf_value=0.77748728020367419 0.33912193624509707 0.38807886580405754 -1.377080712929315 0.41886476618472579 -0.95674394368293325 -0.166308060652819 -1.2096669247666558 -0.45918341067074736 0.7485286694471055 -0.37081617220238544 -0.91478681802749628 -1.2005771398544312 0.12893163721223133 -0.64666919995479433 -1.6823411763751606 0.010498505987905573 0.046518652735786002 0.69382178551694262 0.59800634085048332 -0.62298281688310875 -0.47558586477168968 -0.50283571622437906 -0.81261836140058064 -0.045492196562886236 -0.32066694869142437 -1.1789881231618482 0.58138992120822264 -0.54527911230921744 0.20852152615880509 0.54585163129126935
leaf_weight=4367 134 799 1123 951 393 356 661 240 597 406 55 245 184 244 838 526 439 473 989 329 181 269 490 149 53 42 35 47 470 380
leaf_count=4367 134 799 1123 951 393 356 661 240 597 406 55 245 184 244 838 526 439 473 989 329 181 269 490 149 53 42 35 47 470 380
internal_value=0.000340078 0.374208 -1.16684 -0.0124442 -0.162258 0.0260768 -0.836874 -0.480045 0.687867 -0.919651 -0.0286663 -0.75672 0.168054 -0.269079 -1.50832 0.244295 -0.13264 0.469094 0.53219 -0.386234 -0.171323 -0.773337 -0.639632 0.355981 0.343666 -0.449039 0.464603 -0.063173 0.488157 0.359792
internal_weight=16465 12471 3994 5586 4261 2676 2033 1585 6885 1844 189 1183 1991 923 1961 1626 679 1325 2518 685 365 662 938 1100 852 448 1921 82 1839 850
internal_count=16465 12471 3994 5586 4261 2676 2033 1585 6885 1844 189 1183 1991 923 1961 1626 679 1325 2518 685 365 662 938 1100 852 448 1921 82 1839 850
is_linear=0
shrinkage=0.03


Tree=13
num_leaves=31
num_cat=0
split_feature=6 0 6 42 38 0 28 32 0 42 6 44 32 38 42 46 19 36 50 28 19 42 36 34 46 26 24 38 34 18
split_gain=7.66999e+06 1.34132e+06 680783 393232 217050 210414 175216 124060 98480.9 90904.7 67824.1 63095.9 57316.6 51224.4 53166.8 43551.2 41976.4 41963.1 36627 34743 33255.2 31763.4 30915.6 28097.4 43459.5 27523.8 25831 25637.4 24706.1 24684.7
threshold=1592.0037500000003 87.500000000000014 1594.3842500000003 8.4178975000000023 8146.9351071428591 90.500000000000014 0.0057744360902255839 -0.014654135338345869 51.500000000000007 8.4871350000000003 1589.4117500000004 0.00080913533834586153 -0.015661654135339143 8148.1290000000017 8.4501675000000027 392.17424242424249 0.027906092524734423 0.0016842105263135741 38.979750000000017 0.0088947368421053424 0.033804585487706533 8.4511025000000028 0.00096847888952979221 2388.1445576923084 393.48684210526318 47.642250000000011 0.80773684210528307 8150.2185000000009 2388.1762500000009 2388.0791428571433
decision_type=2 2 2 2 2 2 2 2 2 2 2 2 2 2 2 2 2 2 2 2 2 2 2 2 2 2 2 2 2 2
left_child=1 8 5 15 6 25 11 17 -1 19 -6 20 -8 14 -9 -3 -13 27 23 26 21 -5 -18 -10 -25 -2 -4 -7 -16 -24
right_child=2 3 9 4 10 7 12 13 18 -11 -12 16 -14 -15 28 -17 22 -19 -20 -21 -22 -23 29 24 -26 -27 -28 -29 -30 -31
leaf_value=0.763114786062141 0.70203003408421172 0.58848369238033726 -0.97533517597848784 0.37829228918201518 -0.21002830029409503 -0.60917443236445679 -0.70636551921230717 0.29198324462685443 0.48771838063030964 -1.5853611398758212 -0.69600845140369938 0.19527178538172213 -0.16518079562482665 -0.81968998219051292 -0.3752919187481627 0.2356600995156114 -0.064568982385098936 -1.1887184339250252 0.71362630397932869 -1.4039842851149207 -0.053019126001603273 -0.063409898784230742 -0.031935978574412209 0.61863691476675176 -0.78891536629199976 -0.3147339184053482 -1.356348634105347 -1.0809716571035559 -1.0150878118699596 -0.8973534607887268
leaf_weight=4075 109 897 568 1088 450 305 295 103 1980 1150 610 218 437 276 472 488 167 436 734 560 261 169 41 38 39 30 238 162 61 107
leaf_count=4075 109 897 568 1088 450 305 295 103 1980 1150 610 218 437 276 472 488 167 436 734 560 261 169 41 38 39 30 238 162 61 107
internal_value=0.000825656 0.393298 -1.0609 0.0312163 -0.124991 -0.640279 0.0141946 -0.726438 0.668955 -1.38717 -0.490089 0.156409 -0.383947 -0.478791 -0.329799 0.464427 -0.124229 -0.975747 0.531252 -1.21929 0.254964 0.318904 -0.345263 0.46586 -0.0952535 0.481904 -1.08938 -0.774799 -0.450278 -0.659433
internal_weight=16564 12094 4470 5228 3843 1954 2783 1815 6866 2516 1060 2051 732 912 636 1385 533 903 2791 1366 1518 1257 315 2057 77 139 806 467 533 148
internal_count=16564 12094 4470 5228 3843 1954 2783 1815 6866 2516 1060 2051 732 912 636 1385 533 903 2791 1366 1518 1257 315 2057 77 139 806 467 533 148
is_linear=0
shrinkage=0.03


Tree=14
num_leaves=31
num_cat=0
split_feature=2 0 10 21 42 28 0 0 28 12 50 38 46 32 46 38 42 36 23 22 31 20 30 36 24 20 39 3 18 0
split_gain=7.20508e+06 1.44927e+06 479738 359834 238597 171613 158255 151015 103313 69673.4 58924.2 56005.9 53861.3 50161.2 49469.5 43254.8 47072.5 43140.5 40369.1 38935.4 45927.4 36434.5 34018 29607 28129 26417.6 25207.4 24998.2 24734 24440.5
threshold=642.83775000000026 96.500000000000014 1417.0697500000003 9080.7650000000012 8.4174950000000024 0.0057744360902255839 72.500000000000014 69.500000000000014 0.0074473684210526652 0.17707894736842442 38.89316666666668 8148.1290000000017 391.97500000000008 -0.016270676691729696 395.12500000000006 8146.9351071428591 8.4507925000000021 0.00089285714285470684 4.403039958347847 9058.7679166666694 0.2989178398367564 0.0015789473684214973 520.95925000000022 0.0014285714285869951 0.96930827067671599 0.00121052631578068 2.9358194552043311 0.26695481827444578 2388.0270714285721 43.500000000000007
decision_type=2 2 2 2 2 2 2 2 2 2 2 2 2 2 2 2 2 2 2 2 2 2 2 2 2 2 2 2 2 2
left_child=1 7 6 4 28 9 -2 29 11 15 24 22 -9 -7 -4 16 21 -11 19 -14 27 26 -8 -15 -5 -10 -6 -21 -3 -1
right_child=2 3 14 10 5 13 8 12 25 17 -12 -13 18 23 -16 -17 -18 -19 -20 20 -22 -23 -24 -25 -26 -27 -28 -29 -30 -31
leaf_value=0.75583877953133871 0.4792713263865267 0.61864487099180743 -1.2796946509086076 -0.66856033614880062 0.59532434929311273 -0.70098995766653449 -0.72041675575798547 0.65229296307281526 -0.86145445674657817 0.025977465707063677 -0.20266399122982612 -0.93449741317519863 0.5537128815401815 -0.06553196393698453 -1.5847715566306433 -0.17946631695491722 -0.17095015980819664 -0.46688415393153188 0.0021764948182893028 0.035059039496450818 -0.15851714448630808 -0.044077745874722796 -0.33483564223959406 -0.54051686958669387 -1.1477341021299361 -1.2328344550937602 0.2765884984089757 0.5774002114288237 0.32109869734078472 0.62304143665876077
leaf_weight=3423 88 497 1205 385 374 346 371 566 293 374 196 411 610 334 852 248 201 278 308 111 199 197 469 182 159 470 561 246 517 2032
leaf_count=3423 88 497 1205 385 374 346 371 566 293 374 196 411 610 334 852 248 201 278 308 111 199 197 469 182 159 470 561 246 517 2032
internal_value=-0.00118531 0.362675 -1.08096 -0.0414639 0.0682547 -0.0626252 -0.761606 0.624109 -0.816036 0.0761969 -0.649968 -0.647269 0.403568 -0.421913 -1.40676 0.183782 0.251447 -0.184562 0.307683 0.388312 0.206178 0.326533 -0.505788 -0.233787 -0.810462 -1.09153 0.404583 0.409342 0.467403 0.706495
internal_weight=16503 12344 4159 4849 4109 3095 2102 7495 2014 2233 740 1251 2040 862 2057 1581 1333 652 1474 1166 556 1132 840 516 544 763 935 357 1014 5455
internal_count=16503 12344 4159 4849 4109 3095 2102 7495 2014 2233 740 1251 2040 862 2057 1581 1333 652 1474 1166 556 1132 840 516 544 763 935 357 1014 5455
is_linear=0
shrinkage=0.03


Tree=15
num_leaves=31
num_cat=0
split_feature=2 0 10 2 22 32 0 0 28 36 14 22 46 42 24 20 16 24 32 20 6 42 0 44 2 0 48 12 23 22
split_gain=6.70325e+06 1.41448e+06 452628 346507 194338 153643 142141 125168 95056.1 87320.1 75241.6 57804.7 53125.7 52132 48773.1 48540 47711 47465.5 38597 37527.1 34007.7 29698.4 30033.1 28203.7 27579.2 26927.5 26474.5 26323.3 24915.5 25519.2
threshold=642.84275000000014 98.500000000000014 1416.8277500000002 642.49925000000019 9069.5995000000003 -0.011804511278195307 71.500000000000014 70.500000000000014 0.0076315789473684953 0.0020375939849605535 554.1187500000002 9073.8672500000011 392.02500000000003 8.4915325000000035 0.84332706766919152 0.00051127819548842785 -0.02815789473684218 0.34216541353386259 -0.022221804511277983 0.0019248120300691637 1590.7865833333337 8.448497500000002 158.50000000000003 0.0012093233082706792 642.92225000000019 164.50000000000003 -0.0069548872180451122 0.17469172932331065 3.4188646501993381 9059.1845000000048
decision_type=2 2 2 2 2 2 2 2 2 2 2 2 2 2 2 2 2 2 2 2 2 2 2 2 2 2 2 2 2 2
left_child=1 6 7 10 5 9 -1 -2 11 19 17 24 -8 23 20 -14 -7 18 -3 25 -6 22 -18 -4 -9 26 -5 -20 -17 -30
right_child=2 3 13 4 14 16 12 8 -10 -11 -12 -13 15 -15 -16 28 21 -19 27 -21 -22 -23 -24 -25 -26 -27 -28 -29 29 -31
leaf_value=0.6825989253531668 0.50373783747355139 -0.29411494721726672 -1.0760956516427509 0.1686281058595826 -0.30464792944688712 -0.40806938672900422 0.62569754594484217 -0.32134425880783551 -1.0645073380377537 -0.87522719385883496 0.51457502724854964 -0.95482867453380349 0.44288142593846153 -1.5385723326657268 -1.0515651742735905 0.48465070537408855 0.18208579982982195 -0.3187136306201524 0.37563637514915138 -0.67266092609180961 -0.74055019448869508 -0.046694891560645331 0.61859856946592406 -1.3747133876979833 -0.65357059131559914 0.25043789263997046 -0.38490819540726284 -0.0064620479292392188 0.19673594404292363 -0.22759098098950184
leaf_weight=5547 71 122 589 107 338 132 612 441 661 247 686 335 831 887 200 118 512 187 617 128 311 314 196 616 466 142 279 220 278 234
leaf_count=5547 71 122 589 107 338 132 612 441 661 247 686 335 831 887 200 118 512 187 617 128 311 314 196 616 466 142 279 220 278 234
internal_value=0.00264636 0.350297 -1.05381 -0.0567305 -0.260399 -0.102666 0.603355 -0.727346 -0.773518 -0.395552 0.266303 -0.61792 0.391084 -1.36137 -0.64199 0.292446 0.12666 0.117368 0.202645 -0.213886 -0.51435 0.196056 0.30363 -1.22976 -0.492568 -0.101607 -0.231428 0.275316 0.0936274 0.00273966
internal_weight=16424 12358 4066 4738 2906 2057 7620 1974 1903 903 1832 1242 2073 2092 849 1461 1154 1146 959 656 649 1022 708 1205 907 528 386 837 630 512
internal_count=16424 12358 4066 4738 2906 2057 7620 1974 1903 903 1832 1242 2073 2092 849 1461 1154 1146 959 656 649 1022 708 1205 907 528 386 837 630 512
is_linear=0
shrinkage=0.03


Tree=16
num_leaves=31
num_cat=0
split_feature=2 0 6 2 38 36 0 0 28 2 40 20 44 18 32 40 46 40 12 4 23 22 31 23 6 38 14 28 14 28
split_gain=6.32521e+06 1.35617e+06 418629 344612 205054 155136 117081 112763 76049 69376 68251.4 68200.1 55183.5 52965 52986 49553.8 43362.6 38434.9 34387.8 30789.5 29760.9 34193.4 41331.7 29424.5 29289.4 29066.1 26677.8 26269 26104.8 25633.8
threshold=642.84275000000014 94.500000000000014 1594.5327500000003 642.48725000000024 8147.5352272727268 0.001548872180451087 70.500000000000014 63.500000000000007 0.0045864661654135006 643.23325000000011 0.24831203007518465 0.0016015037593943044 0.0003608270676691668 2388.0260555555565 -0.023228166570272085 0.54422932330826523 392.02500000000003 -0.20054887218045181 0.032537593984962226 0.0074360902255649688 4.5033664904778687 9059.1845000000048 0.30013247075134303 3.2002865296495187 1590.3595000000003 8141.335750000002 553.6975735294119 0.01152631578947364 553.80325000000016 0.0069699248120300115
decision_type=2 2 2 2 2 2 2 2 2 2 2 2 2 2 2 2 2 2 2 2 2 2 2 2 2 2 2 2 2 2
left_child=1 7 6 10 5 12 -2 -1 -8 27 13 18 -5 -3 -15 24 -9 -14 -7 -10 21 -18 -23 -19 -6 28 -27 -4 -16 -25
right_child=2 3 9 4 15 11 8 16 19 -11 -12 -13 17 14 25 -17 20 23 -20 -21 -22 22 -24 29 -26 26 -28 -29 -30 -31
leaf_value=0.6778301001049799 0.48413753373282298 0.60741805051573583 -1.0373474089485815 0.25340527378638189 -0.26119106154753402 0.22848402238579402 -0.46882682626729838 0.62046997248761504 -0.68419691333220201 -1.4483044694685669 -0.18886330164987974 -0.82211530992800885 -0.79175430742177089 -0.34247854201577776 0.020515531811898 -0.93163508668237793 0.53003533914516976 0.40037957839476757 -0.39931907424916985 -1.0376362658215357 0.064633532285248985 0.41632190993526735 -0.097562179288982795 -0.019974857745099297 -0.67132008181239411 0.7288341992779781 0.033207403156664463 -1.3634256590703488 0.54119274435269071 -0.50019578683943977
leaf_weight=4958 76 495 920 810 329 115 662 734 392 1162 244 281 65 126 106 293 796 116 243 543 286 389 220 486 302 56 384 313 476 125
leaf_count=4958 76 495 920 810 329 115 662 734 392 1162 244 281 65 126 106 293 796 116 243 543 286 389 220 486 302 56 384 313 476 125
internal_value=0.000706061 0.33664 -1.026 -0.042101 -0.233393 -0.0782419 -0.661241 0.595774 -0.716017 -1.28042 0.2787 -0.473072 0.0794435 0.34821 0.236012 -0.609193 0.427798 -0.0985672 -0.197576 -0.890346 0.343849 0.400599 0.230827 -0.0355879 -0.458233 0.307598 0.123194 -1.12116 0.446559 -0.118877
internal_weight=16503 12435 4068 5052 3165 2241 1673 7383 1597 2395 1887 639 1602 1643 1148 924 2425 792 358 935 1691 1405 609 727 631 1022 440 1233 582 611
internal_count=16503 12435 4068 5052 3165 2241 1673 7383 1597 2395 1887 639 1602 1643 1148 924 2425 792 358 935 1691 1405 609 727 631 1022 440 1233 582 611
is_linear=0
shrinkage=0.03


Tree=17
num_leaves=31
num_cat=0
split_feature=2 22 6 54 32 28 22 20 46 6 2 50 28 12 26 16 44 44 32 22 26 20 50 24 35 12 32 22 16 40
split_gain=5.95493e+06 734762 399888 331662 243501 155699 121770 115017 96126.2 83843.2 78214.6 71764 58535.4 52989.4 43271.1 38225.1 33064.2 30545.1 28502.6 27536.5 28464.5 27275.1 27006.2 24708.7 23734.8 23681.4 23148.3 22803.5 22586.9 22503.7
threshold=642.84275000000014 9074.3337500000016 1594.1315000000002 23.3577625 -0.013244360902255174 0.0023458646616542006 9061.0347500000007 7.5187969925598452e-05 393.34166666666675 1588.8808750000001 643.23325000000011 38.816583333333348 0.0052857142857143406 0.062856921716055947 47.627250000000011 0.012233082706766991 0.00086097744360904953 0.00060171273772668271 -0.019633971291863686 9067.9655000000039 47.637250000000016 0.00063909774436493691 38.979750000000017 1.009515037593985 0.033537292675447854 0.22071804511278117 -0.0034436090225564214 9060.5447500000009 -0.020270676691728107 0.21354511278196092
decision_type=2 2 2 2 2 2 2 2 2 2 2 2 2 2 2 2 2 2 2 2 2 2 2 2 2 2 2 2 2 2
left_child=1 3 8 4 5 19 14 27 -2 -3 18 -8 -10 -9 16 17 -6 24 -4 20 -1 -18 -5 -11 -15 -14 -23 -7 -13 -30
right_child=2 9 10 22 6 7 11 13 12 23 -12 28 25 15 -16 -17 21 -19 -20 -21 -22 26 -24 -25 -26 -27 -28 -29 29 -31
leaf_value=0.36873302686036125 0.21860854234735844 -0.10151233104195925 -1.2081124435981347 0.50670149395681552 0.54704191784683232 0.50286269043173104 -0.19889582498162112 -0.059456253929963128 -0.46695732968860798 -0.6091391015906682 -1.4041956924782903 0.022884331767270262 -0.69113804370709553 -0.13407257755223204 0.085581181662493053 0.30629402569362096 0.48218625730101289 -0.82121391803568056 -0.92981680001967992 -0.27043215485779865 -0.3565441021380516 -0.22976786342263222 0.6579056309188851 -1.0805334577345309 -0.77387773934479165 -1.0370897590097197 0.31388665968911689 -0.037011573948576799 0.42711725354613661 -0.0080634027043747347
leaf_weight=820 117 302 681 1831 2686 167 396 262 652 444 1173 241 382 145 243 41 357 329 701 75 51 119 2622 132 81 354 170 121 648 128
leaf_count=820 117 302 681 1831 2686 167 396 262 652 444 1173 241 382 145 243 41 357 329 701 75 51 119 2622 132 81 354 170 121 648 128
internal_value=0.00305233 0.329316 -0.994137 0.393012 0.265364 -0.00630846 0.379283 -0.24136 -0.605578 -0.506867 -1.22269 0.143377 -0.675159 -0.415373 0.472458 -0.571472 0.500638 -0.63675 -1.06773 0.278391 0.325905 0.307149 0.595861 -0.718852 -0.365782 -0.858715 0.0900085 0.276697 0.276716 0.355417
internal_weight=16471 12411 4060 11533 7080 2092 4988 1146 1505 878 2555 1413 1388 858 3575 596 3332 555 1382 946 871 646 4453 576 226 736 289 288 1017 776
internal_count=16471 12411 4060 11533 7080 2092 4988 1146 1505 878 2555 1413 1388 858 3575 596 3332 555 1382 946 871 646 4453 576 226 736 289 288 1017 776
is_linear=0
shrinkage=0.03


Tree=18
num_leaves=31
num_cat=0
split_feature=6 0 2 42 28 38 0 2 32 12 38 12 0 46 6 23 16 20 2 42 18 26 32 42 40 37 23 36 39 20
split_gain=5.60843e+06 1.08836e+06 440429 313752 207873 129326 121419 77909.8 76137.1 71647.9 54957 51885.2 48176.3 37946.1 36863 36656.7 36185.2 36117.7 34400.6 34174.5 30835.9 27035.1 24730.4 24172.3 22470.4 20839.7 19982.3 19528.7 18585 18406.1
threshold=1592.2117500000002 81.500000000000014 643.00925000000018 8.4165275000000026 0.0048721804511277647 8146.9351071428591 105.50000000000001 643.18225000000018 -0.0224661654135331 0.19638721804511225 8154.9242500000009 0.29298120300751918 48.500000000000007 392.24264705882359 1590.2042500000005 3.691881887909306 -0.02336842105263259 0.0012932330827002912 642.87575000000027 8.4367175000000021 2388.0770714285723 47.623750000000015 0.0090601503759399887 8.4511025000000028 -0.11352891844996464 8174.9050000000016 3.4480498109821904 0.0035488721804557643 4.4926627052643688 0.0014172932330818453
decision_type=2 2 2 2 2 2 2 2 2 2 2 2 2 2 2 2 2 2 2 2 2 2 2 2 2 2 2 2 2 2
left_child=1 12 6 13 5 11 18 25 -8 15 17 16 -1 -3 -7 -6 29 23 -2 -11 -18 -14 28 -10 -19 27 -13 -4 -17 -5
right_child=2 3 7 4 9 14 8 -9 10 19 -12 26 21 -15 -16 22 20 24 -20 -21 -22 -23 -24 -25 -26 -27 -28 -29 -30 -31
leaf_value=0.66696459315119772 0.52705697885483771 0.50751302110809637 -0.87828968271895347 0.065279565116693805 0.08443649679340802 -0.14900363923866611 -0.97732981984337708 -1.3384169640887005 0.21060939906521681 -0.3284134926505991 -0.88020387528506205 0.25030863262572378 0.51594083863204376 0.14730933818117314 -0.61959779110429514 -0.32446097036583288 0.48516320775355526 -1.0596035380022866 -0.39395954424684693 -0.79920834326479506 0.1954359876518183 -0.061151581312480725 0.34445972240489459 -0.32375438105800081 -0.47665325826416682 -1.2616751438638438 -0.41673938755699663 -1.3085211814077278 -0.89110453778299781 -0.45199212738666039
leaf_weight=3815 108 1083 791 214 273 468 437 1405 93 221 265 52 2559 349 220 557 452 83 54 382 1235 75 45 406 218 229 172 113 57 86
leaf_count=3815 108 1083 791 214 273 468 437 1405 93 221 265 52 2559 349 220 557 452 83 54 382 1235 75 45 406 218 229 172 113 57 86
internal_value=0.00678564 0.329705 -0.939463 0.0339784 -0.0907217 0.0587608 -0.559632 -1.18818 -0.643759 -0.372889 -0.506096 0.170533 0.598651 0.41989 -0.300165 -0.207666 0.219341 -0.381229 0.219518 -0.627491 0.273304 0.499492 -0.328618 -0.223941 -0.640377 -1.00085 -0.261465 -0.933455 -0.378428 -0.084014
internal_weight=16517 12315 4202 5866 4434 2899 1664 2538 1502 1535 1065 2211 6449 1432 688 932 1987 800 162 603 1687 2634 659 499 301 1133 224 904 614 300
internal_count=16517 12315 4202 5866 4434 2899 1664 2538 1502 1535 1065 2211 6449 1432 688 932 1987 800 162 603 1687 2634 659 499 301 1133 224 904 614 300
is_linear=0
shrinkage=0.03


Tree=19
num_leaves=31
num_cat=0
split_feature=2 0 10 2 12 0 0 38 32 28 40 32 20 21 14 42 20 36 40 56 16 44 18 32 31 28 42 2 16 12
split_gain=5.31502e+06 1.14788e+06 339630 264936 151323 124976 116593 108985 83402.4 69022.4 60618.6 56078.5 52732.4 46932.2 44471.4 42745.8 40594.8 31571.3 31374.3 31059.6 29996 28585.8 26364 25043.6 24778.7 24533 23805.6 22986.5 22146.9 21821.7
threshold=642.84275000000014 99.500000000000014 1416.8277500000002 642.49175000000025 0.26788721804511223 70.500000000000014 66.500000000000014 8146.5425000000005 -0.011199248120300181 0.0076315789473684953 0.21775939849624773 -0.022958646616540599 0.0015639097744290264 9083.6550000000007 554.23887500000012 8.492792500000002 0.00060150375939914597 0.0013609022556443566 0.54422932330826523 -0.0019995488721804879 -0.02336842105263259 0.0014539097744360738 2388.0270714285721 -0.0090112781954887738 0.30324309549317424 0.0096015037593986299 8.448497500000002 642.25552777777796 -0.0087443609022563179 0.17246240601503635
decision_type=2 2 2 2 2 2 2 2 2 2 2 2 2 2 2 2 2 2 2 2 2 2 2 2 2 2 2 2 2 2
left_child=1 6 5 10 7 -2 -1 8 12 13 11 -3 19 23 16 25 -8 -6 -9 -5 -10 24 -13 28 27 -4 -22 -18 -7 -11
right_child=2 3 15 4 17 9 14 18 20 29 -12 22 -14 -15 -16 -17 21 -19 -20 -21 26 -23 -24 -25 -26 -27 -28 -29 -30 -31
leaf_value=0.61620791657214213 0.48917064126715598 -0.24080186872449638 -0.97885281349137021 -0.3896096937096955 -0.4686795545623742 -0.75015351296974375 0.41320597860820241 -0.32291609713667729 -0.16795012549865385 -0.69260341978455719 -0.14927397137831469 0.58680601672429811 -0.62687565598585837 -0.9162443991340834 0.58386463215366369 -1.3763103899561371 -0.33785586357116698 -0.9157731349859386 -0.78901108082362581 0.11377161355257945 0.38276421578247377 -0.47694887177087364 0.28988734735207322 -0.29886759433072468 -0.057224195124137962 -1.2514730051047818 0.024774560969703052 0.37573041724166267 -0.33600234967733611 -1.0623603782443136
leaf_weight=5275 82 145 760 170 330 341 1095 518 171 221 304 388 218 270 643 797 44 255 174 310 531 63 890 437 251 531 244 438 180 463
leaf_count=5275 82 145 760 170 330 341 1095 518 171 221 304 388 218 270 643 797 44 255 174 310 531 63 890 437 251 531 244 438 180 463
internal_value=0.0058075 0.313671 -0.933542 -0.0596005 -0.233728 -0.652966 0.535825 -0.125539 0.00746921 -0.702179 0.234879 0.316994 -0.241096 -0.566782 0.368315 -1.20105 0.294752 -0.664797 -0.441083 -0.0649486 0.190932 0.131489 0.38042 -0.467438 0.184362 -1.09187 0.270232 0.310025 -0.607986 -0.944078
internal_weight=16539 12457 4082 4648 2921 1994 7809 2336 1644 1912 1727 1423 698 1228 2534 2088 1891 585 692 480 946 796 1278 958 733 1291 775 482 521 684
internal_count=16539 12457 4082 4648 2921 1994 7809 2336 1644 1912 1727 1423 698 1228 2534 2088 1891 585 692 480 946 796 1278 958 733 1291 775 482 521 684
is_linear=0
shrinkage=0.03


Tree=20
num_leaves=31
num_cat=0
split_feature=6 0 2 42 28 0 2 38 36 38 32 0 36 44 35 6 32 46 46 38 34 19 38 26 4 42 42 35 44 24
split_gain=4.97492e+06 913569 460690 273303 172105 158420 120334 106111 57790.6 58569.5 56250 52141.9 44733.5 42416.7 38966.3 35019.4 34593.5 27813.7 25488 25420.3 24260.5 23544.4 22907.3 20558.5 20270.2 20245.1 20069.7 19569.2 18772 18580.1
threshold=1591.9322500000003 82.500000000000014 642.92225000000019 8.4161422222222253 0.0048721804511277647 102.50000000000001 643.13575000000026 8146.5425000000005 0.0022932330826978434 8148.6790833333334 -0.017947368421052375 47.500000000000007 0.00048120300752571061 0.00086097744360904953 0.029563490998178236 1589.4827500000004 -0.019399436090226103 392.02500000000003 393.29705882352948 8161.9947500000017 2388.132583333334 0.029445901227794953 8146.9351071428591 47.481659090909098 -0.0052218045112784892 8.4951250000000034 8.4501675000000027 0.033600595232917863 0.00014146616541352603 0.35047368421052438
decision_type=2 2 2 2 2 2 2 2 2 2 2 2 2 2 2 2 2 2 2 2 2 2 2 2 2 2 2 2 2 2
left_child=1 11 5 17 7 -2 16 12 9 26 -6 -1 23 24 22 -9 -4 -3 -13 -18 -20 -15 -12 -5 -14 -8 -7 -26 -29 -19
right_child=2 3 6 4 10 8 25 15 -10 -11 14 18 13 21 -16 -17 19 29 20 -21 -22 -23 -24 -25 27 -27 -28 28 -30 -31
leaf_value=0.63171513495422649 0.46858166625290065 0.52625326082967772 -1.0182669817573253 0.49288366767863778 -0.62078616184636182 0.16085343585253875 -1.1359839268048935 -0.077644876789443096 -0.8935543603735342 -0.72757994326041231 0.10542379426750793 0.48621264689495258 0.4476957682162136 -0.024133085870056702 -0.40700759687751531 -0.50526584767351224 -0.64556682939807919 0.31923527938628787 0.38864554341076996 -1.0525039873766093 -0.24528337803171127 -0.58694341677312667 -0.34153129532933235 0.20507533087716751 0.14407241774650897 -1.3586702067711776 -0.29521377332043647 0.15191442581316963 -0.58355339306674592 -0.15384934698199401
leaf_weight=3737 171 742 690 354 467 106 958 394 268 301 340 2443 153 138 499 306 686 543 147 177 85 129 147 610 542 679 466 54 72 86
leaf_count=3737 171 742 690 354 467 106 958 394 268 301 340 2443 153 138 499 306 686 543 147 177 85 129 147 610 542 679 466 54 72 86
internal_value=-0.00433143 0.314997 -0.854526 0.0341438 -0.0857977 -0.380924 -1.04913 0.0536737 -0.508537 -0.389454 -0.349814 0.559189 0.16247 0.0305558 -0.220974 -0.26503 -0.858734 0.401811 0.457671 -0.730151 0.156331 -0.297228 -0.0299121 0.311166 0.137387 -1.22912 -0.210565 0.0657507 -0.269639 0.254411
internal_weight=16490 11988 4502 5576 4205 1312 3190 2752 1141 873 1453 6412 2052 1088 986 700 1553 1371 2675 863 232 267 487 964 821 1637 572 668 126 629
internal_count=16490 11988 4502 5576 4205 1312 3190 2752 1141 873 1453 6412 2052 1088 986 700 1553 1371 2675 863 232 267 487 964 821 1637 572 668 126 629
is_linear=0
shrinkage=0.03


Tree=21
num_leaves=31
num_cat=0
split_feature=2 21 6 54 20 28 2 21 4 46 35 6 40 28 8 38 10 28 24 14 40 24 28 20 4 54 50 38 23 40
split_gain=4.68781e+06 601014 316854 259604 183434 108531 90678.3 79879.3 73218.9 61865.4 57507.1 57375.7 56657.8 38388.4 35986.3 34210.8 31836.1 28856.2 27295.6 26367.5 25654 24091.6 23430 23154 28226.4 22931.2 22884.4 25314.5 21743.9 20669.7
threshold=642.84275000000014 9078.8200000000015 1593.5012500000003 23.358780000000003 0.0011052631578968091 0.0035037593984961718 643.13575000000026 9062.595000000003 -0.004150375939850892 393.14642857142866 0.031507935508335382 1588.7171578947371 0.16465037593985488 0.0063007518796991098 0.036740601503760441 8142.2132500000016 1412.8437500000002 0.0094812030075188663 0.32496240601501425 553.49775000000011 -0.090849624060147335 1.009515037593985 0.0020451127819550046 -0.00047368421052725257 0.0065037593984969937 23.300370000000004 38.977573529411778 8141.415750000001 4.910584357840456 0.0051691729323263833
decision_type=2 2 2 2 2 2 2 2 2 2 2 2 2 2 2 2 2 2 2 2 2 2 2 2 2 2 2 2 2 2
left_child=1 3 9 4 7 15 17 16 -7 -2 14 -3 19 -11 -10 20 22 28 -14 -9 -6 -13 -1 -24 -25 -16 27 -5 -4 -12
right_child=2 11 6 26 5 8 -8 12 10 13 29 21 18 -15 25 -17 -18 -19 -20 -21 -22 -23 23 24 -26 -27 -28 -29 -30 -31
leaf_value=0.49426334501406172 0.62523389410389507 -0.083843629070832024 -0.63498310164152338 0.55654604324455492 0.027173982306990932 0.27837435521623666 -1.1958384766416283 0.089457719850474945 0.19128836800763896 -0.35193479612729639 -0.79644000773246471 -0.52902571582919666 0.068229829660736513 -0.71394242218695581 -0.60411310518274497 -0.063296394886725782 -0.2257958018220961 -1.0693295601804327 -0.38241039466112853 0.410266465030312 0.39814918337878435 -0.98602263913435084 0.50596410217389554 0.38177638853603874 0.056910838392567845 -0.021798429853149823 0.5880262093998585 0.3283264273151158 -0.9363773279102684 -0.2698362965207351
leaf_weight=1999 45 240 528 919 229 203 1614 376 181 651 246 474 318 447 146 322 68 410 194 598 628 135 490 612 397 104 2616 847 381 94
leaf_count=1999 45 240 528 919 229 203 1614 376 181 651 246 474 318 447 146 322 68 410 194 598 628 135 490 612 397 104 2616 847 381 94
internal_value=0.00350711 0.292903 -0.879304 0.349364 0.238568 0.00668309 -1.04444 0.337369 -0.227534 -0.455024 -0.360925 -0.477168 0.152435 -0.499825 -0.130275 0.200204 0.414369 -0.858407 -0.102933 0.286641 0.299168 -0.631781 0.426875 0.336739 0.254138 -0.362922 0.531441 0.447336 -0.7622 -0.652068
internal_weight=16512 12436 4076 11587 7205 2153 2933 5052 974 1143 771 849 1486 1098 431 1179 3566 1319 512 974 857 609 3498 1499 1009 250 4382 1766 909 340
internal_count=16512 12436 4076 11587 7205 2153 2933 5052 974 1143 771 849 1486 1098 431 1179 3566 1319 512 974 857 609 3498 1499 1009 250 4382 1766 909 340
is_linear=0
shrinkage=0.03


Tree=22
num_leaves=31
num_cat=0
split_feature=6 0 2 42 28 0 32 16 22 2 0 38 35 12 38 46 28 36 2 42 23 46 34 4 50 38 36 22 20 38
split_gain=4.40035e+06 836451 388584 245905 148096 129443 70821.1 70637.3 68790.5 68420.5 57389 55217.3 65482.7 36476.6 30547 29985.4 29162.3 28905.7 28301.9 27961.1 27414.8 25186.2 28513.7 24337.6 21278.4 21196.9 21115.6 20753.3 19648.6 18465.7
threshold=1592.0037500000003 85.500000000000014 642.99275000000023 8.4174950000000024 0.002939849624060156 102.50000000000001 -0.014654135338345869 -0.02815789473684218 9068.9562500000029 643.23325000000011 49.500000000000007 8147.4082500000022 0.033466401061386944 0.13028195488721259 8148.1290000000017 392.02500000000003 0.0072706766917294031 0.0018345864661541715 642.83775000000026 8.4491425000000007 3.5113441689707217 393.29705882352948 2388.1352500000012 0.017996240601504235 38.888062500000011 8138.2995000000001 8.2706766913456952e-05 9070.8829999999998 -0.00027443609022454498 8158.4652500000002
decision_type=2 2 2 2 2 2 2 2 2 2 2 2 2 2 2 2 2 2 2 2 2 2 2 2 2 2 2 2 2 2
left_child=1 10 5 15 8 18 17 -6 13 16 -1 12 20 -5 19 -3 -4 -7 -2 -8 -9 27 25 -22 -13 -23 -15 -12 -14 -17
right_child=2 3 9 4 7 6 14 11 -10 -11 21 24 28 26 -16 29 -18 -19 -20 -21 23 22 -24 -25 -26 -27 -28 -29 -30 -31
leaf_value=0.59587950945930357 0.58110607756649024 0.50333172617436328 -0.75940643501935623 0.29117383851258305 -0.64774105260017334 -0.60297145281718767 0.32753641041546638 0.30080573081394879 -0.27819758641011105 -1.2103495850493706 0.4570870103249095 -0.54576740480994812 0.1806329829042608 0.2378838084678864 -0.61749471751287333 0.26293336991032734 -1.0283876957548888 -0.98651871828159476 -0.24454850454763929 -0.30958491056651566 0.0092340671779446663 0.52843147762425957 -0.27749825462718547 -0.52527818067689958 -0.069494986309904916 -0.25371470466256141 -0.15207146415455713 -0.29311327067258602 -0.61055406274598678 -0.36627410492797691
leaf_weight=3884 117 679 710 952 382 447 70 258 368 1168 2493 420 32 191 272 653 788 302 54 496 553 145 94 88 106 39 357 33 217 44
leaf_count=3884 117 679 710 952 382 447 70 258 368 1168 2493 420 32 191 272 653 788 302 54 496 553 145 94 88 106 39 357 33 217 44
internal_value=-0.000368656 0.298048 -0.808892 0.0165353 -0.104481 -0.462257 -0.546745 -0.280094 0.0888528 -1.03721 0.5211 -0.195862 -0.0790821 0.179028 -0.356597 0.361468 -0.901492 -0.758729 0.320467 -0.23035 0.0403051 0.417344 0.145663 -0.0648506 -0.450103 0.362175 -0.0159707 0.447174 -0.50856 0.222745
internal_weight=16412 11988 4424 5300 3924 1758 1587 2056 1868 2666 6688 1674 1148 1500 838 1376 1498 749 171 566 899 2804 278 641 526 184 548 2526 249 697
internal_count=16412 11988 4424 5300 3924 1758 1587 2056 1868 2666 6688 1674 1148 1500 838 1376 1498 749 171 566 899 2804 278 641 526 184 548 2526 249 697
is_linear=0
shrinkage=0.03


Tree=23
num_leaves=31
num_cat=0
split_feature=6 0 6 6 38 16 0 0 32 14 36 25 14 38 32 42 38 23 34 23 31 42 0 18 35 23 36 46 0 10
split_gain=4.22662e+06 857703 299212 219863 110696 98725.3 93636.1 73932.1 64709.1 58163 57726.8 53422.2 40818.5 36633.2 35264.9 33861.8 31568.3 30686.1 29962.1 29415.8 30322.5 27955.1 26455.6 26276.4 25636.2 24054.7 23427.4 23386.1 22351.4 21265.7
threshold=1592.2117500000002 94.500000000000014 1594.5327500000003 1588.9977500000002 8147.4082500000022 -0.02564661654135433 69.500000000000014 100.50000000000001 -0.016075187969924975 554.12825000000009 0.0020601503759432763 47.965000000000011 554.26183333333358 8142.2132500000016 -0.01711654135338447 8.4453550000000011 8157.0755000000017 3.4601600886368984 2388.1445576923084 4.419213589542756 0.31514579957719618 8.4501675000000027 152.50000000000003 2388.1080625000009 0.033537292675447854 7.3121360335656718 0.0010451127819515436 392.28991596638662 233.50000000000003 1412.8437500000002
decision_type=2 2 2 2 2 2 2 2 2 2 2 2 2 2 2 2 2 2 2 2 2 2 2 2 2 2 2 2 2 2
left_child=1 6 7 9 5 -5 -1 18 26 13 15 25 19 14 -3 22 21 -15 -2 20 -8 -10 -7 -17 -12 -4 -9 -11 -6 -25
right_child=2 3 11 4 28 10 12 8 16 27 24 -13 -14 17 -16 23 -18 -19 -20 -21 -22 -23 -24 29 -26 -27 -28 -29 -30 -31
leaf_value=0.54440393074855487 0.48795367298455072 -0.12774253349523154 -0.81080108501181203 -0.54407495744341661 -0.57316642398189543 0.1002974567776489 0.38221068371424038 -0.5571877598436209 0.20367689347848658 0.46559717226148761 -0.11049465308158561 -1.1696759525614249 0.54708938833686616 0.31162262957018094 0.33649459969000761 -0.45521794150646466 -0.78635167590156185 -0.1708380704428713 -0.46603572355707484 -0.039546364020593097 0.035506909025542724 -0.38533453728889039 0.49597124959278965 0.12919652371034437 -0.7423641824951539 -1.1368291342995382 -0.90973895788425096 -0.10675183150597149 0.22043741541750289 -0.37304253948852423
leaf_weight=5449 86 195 907 362 686 490 873 273 81 643 115 1288 464 148 595 132 159 582 44 302 307 649 220 361 116 274 480 71 33 95
leaf_count=5449 86 195 907 362 686 490 873 273 81 643 115 1288 464 148 595 132 159 582 44 302 307 649 220 361 116 274 480 71 33 95
internal_value=-0.00547113 0.277348 -0.821524 -0.0329556 -0.219906 -0.0993152 0.480585 -0.523607 -0.578111 0.185461 0.0062711 -1.03504 0.301696 0.0804381 0.221888 0.0841176 -0.404025 -0.0727316 0.163972 0.224549 0.292115 -0.319789 0.223426 -0.0841883 -0.429629 -0.88734 -0.78283 0.408613 -0.536487 0.0239761
internal_weight=16480 12239 4241 4844 2610 1891 7395 1772 1642 2234 1529 2469 1946 1520 790 1298 889 730 130 1482 1180 730 710 588 231 1181 753 714 719 456
internal_count=16480 12239 4241 4844 2610 1891 7395 1772 1642 2234 1529 2469 1946 1520 790 1298 889 730 130 1482 1180 730 710 588 231 1181 753 714 719 456
is_linear=0
shrinkage=0.03


Tree=24
num_leaves=31
num_cat=0
split_feature=2 0 6 24 20 32 0 2 26 0 6 36 16 14 22 23 36 34 16 32 42 23 24 22 23 32 2 4 15 42
split_gain=3.98048e+06 829477 285245 200119 153926 82739.2 77961.5 77156.4 66557.3 66257.6 50282.2 43133.1 35937.5 32574.2 34469.1 33061.9 31222.4 30431.2 29685.4 28268.2 26837.5 26412.3 26410.9 24437.8 20870.2 20745.5 20231.8 19943.5 19357.5 19338.8
threshold=642.83775000000026 95.500000000000014 1593.5012500000003 0.47731954887216682 0.0018458646616522003 -0.010849624060150337 64.500000000000014 643.13575000000026 47.405227272727281 49.500000000000007 1591.0692954545457 0.0019774436090154589 -0.033338345864662652 554.23275000000024 9060.6480357142882 4.4755942340533146 0.0012781954887208134 2388.1105833333345 -0.0087443609022563179 -0.025214285714285561 8.4495175000000042 6.3944374769721728 0.96930827067671599 9075.1654999999992 3.3861461501096399 -0.012766917293231641 642.92225000000019 0.018890977443609323 0.45249723745134979 8.4136575000000011
decision_type=2 2 2 2 2 2 2 2 2 2 2 2 2 2 2 2 2 2 2 2 2 2 2 2 2 2 2 2 2 2
left_child=1 6 9 4 5 10 -1 19 -6 -2 16 17 -7 14 15 27 -3 -11 -10 -4 23 -21 -5 -14 -12 -20 -19 -8 -16 -18
right_child=2 3 7 22 8 12 13 -9 18 11 24 -13 20 -15 28 -17 29 26 25 21 -22 -23 -24 -25 -26 -27 -28 -29 -30 -31
leaf_value=0.53830092114476102 0.64058231922296371 0.15658309578239044 -0.9902871641131008 -0.42538718118087243 0.078441133693634688 -0.28426504195820201 0.46125767562211323 -1.0952945500844862 -0.67914262001927328 -0.67623777353886472 0.22309826237999875 -0.76416544673754672 0.34846287747874194 0.51453593299330869 -0.037220292906231675 -0.0067452572332695124 0.30022986498090526 -0.11762334295562127 -0.5043809735529563 -0.60070061944053699 -0.020623368130224508 -0.987170804100579 -0.8848121265988601 -0.057919898157658641 -0.46743277703550445 0.18324685355094636 -0.46103847294866318 -0.049743791097402568 0.35252465370691044 -0.28234365572631359
leaf_weight=5046 51 748 424 455 230 109 933 1639 370 193 45 301 1597 636 411 191 61 409 84 703 245 210 151 145 288 73 248 74 158 299
leaf_count=5046 51 748 424 455 230 109 933 1639 370 193 45 301 1597 636 411 191 61 409 84 703 245 210 151 145 288 73 248 74 158 299
internal_value=0.0010791 0.271891 -0.79924 -0.0312612 0.0408049 0.123915 0.471285 -0.956782 -0.347169 -0.408713 -0.0510636 -0.455722 0.24418 0.330393 0.263861 0.35512 0.0461604 -0.345728 -0.532716 -0.786292 0.273297 -0.690576 -0.541133 0.314623 -0.373729 -0.18552 -0.247757 0.423694 0.0714327 -0.183072
internal_weight=16527 12349 4178 4900 4294 3537 7449 2976 757 1202 1441 1151 2096 2403 1767 1198 1108 850 527 1337 1987 913 606 1742 333 157 657 1007 569 360
internal_count=16527 12349 4178 4900 4294 3537 7449 2976 757 1202 1441 1151 2096 2403 1767 1198 1108 850 527 1337 1987 913 606 1742 333 157 657 1007 569 360
is_linear=0
shrinkage=0.03


Tree=25
num_leaves=31
num_cat=0
split_feature=42 0 46 40 0 54 44 32 28 25 16 10 0 28 37 46 37 36 28 38 28 19 36 23 51 19 15 43 50 32
split_gain=3.68214e+06 661860 359387 199464 157868 155570 115899 61098.7 56583.9 53118.4 52676.7 44358.6 31525.3 31440.2 30054.7 29583.5 29579 29411.9 27013.7 25807 25745.2 22404.3 21690.5 21055.6 19682.6 19896.8 18928.4 17229 17195.5 16538.1
threshold=8.4519775000000035 80.500000000000014 394.17500000000001 0.45236466165413847 102.50000000000001 23.35006730769231 0.00080913533834586153 -0.0099624060150380628 0.0086691729323309253 47.945000000000007 -0.026225563909774385 1413.5060000000003 41.500000000000007 0.003766917293233162 8178.8900000000003 392.02500000000003 8164.7150000000011 0.0024210526315791392 0.0067518796992482337 8146.9351071428591 0.0066466165413534345 0.026664583252014186 0.00051879699247628635 3.5113441689707217 0.094292099350900382 0.033939281575026604 0.48231084361639681 0.020194335530018929 38.813568181818191 -0.02031954887217945
decision_type=2 2 2 2 2 2 2 2 2 2 2 2 2 2 2 2 2 2 2 2 2 2 2 2 2 2 2 2 2 2
left_child=1 12 4 5 11 6 7 13 16 14 -8 26 -1 -3 29 -7 17 -6 21 24 -17 -12 -23 -15 28 -26 -2 -22 -9 -4
right_child=2 3 9 -5 8 15 10 19 -10 -11 18 -13 -14 23 -16 20 -18 -19 -20 -21 27 22 -24 -25 25 -27 -28 -29 -30 -31
leaf_value=0.558717171520691 0.47105757942027093 0.068864269111195725 -0.86826140471166691 -0.58959135435629584 -0.31009385173588733 0.45929690548784896 -0.65987952664310545 0.20516470074314963 -0.82804265501934127 -1.0863831122508494 0.19668406381560491 -0.53367032527923575 0.42283912041525656 0.13859439479025162 -1.0740156682224598 0.27430467969726541 -0.836547450170125 -0.71380339555230665 -0.46278157226668981 -0.057528398876325992 -0.46988489034500991 0.039887215134662549 -0.36107594241523161 -0.37193100569289567 0.25145484508943461 -0.20384597749974911 -0.3237779903988684 0.26482494701995796 0.58568039449357701 -0.60246514592199552
leaf_weight=3209 220 576 388 413 931 830 242 175 443 1376 199 59 2996 91 294 734 145 197 205 236 76 221 268 352 604 100 30 45 280 495
leaf_count=3209 220 576 388 413 931 830 242 175 443 1376 199 59 2996 91 294 734 145 197 205 236 76 221 268 352 604 100 30 45 280 495
internal_value=0.000222388 0.279347 -0.722307 0.044328 -0.423535 0.0944519 -0.0182634 0.0992904 -0.535892 -0.959029 -0.268153 0.20015 0.493189 -0.0772611 -0.809347 0.331726 -0.433655 -0.38117 -0.161377 0.228218 0.207494 -0.0710271 -0.180152 -0.266984 0.286403 0.186584 0.374767 -0.196715 0.440099 -0.720109
internal_weight=16430 11852 4578 5647 2025 5234 3549 2414 1716 2553 1135 309 6205 1019 1177 1685 1273 1128 893 1395 855 688 489 443 1159 704 250 121 455 883
internal_count=16430 11852 4578 5647 2025 5234 3549 2414 1716 2553 1135 309 6205 1019 1177 1685 1273 1128 893 1395 855 688 489 443 1159 704 250 121 455 883
is_linear=0
shrinkage=0.03


Tree=26
num_leaves=31
num_cat=0
split_feature=42 0 2 40 0 28 54 20 2 32 46 16 0 22 23 56 32 32 28 22 34 22 16 40 48 8 37 38 0 47
split_gain=3.53492e+06 641817 347937 179990 157145 139644 89312.1 68315.1 66798.9 47605.3 47601 36662.9 33109.3 31792.4 32358.9 29444.6 26849.2 25997.6 25284.5 23495.6 23206.8 19374 19016.8 18556.4 18229.9 17680.4 14934.9 14774.5 15870.9 14412.2
threshold=8.4519775000000035 81.500000000000014 642.96825000000024 0.45236466165413847 104.50000000000001 0.0068258145363407916 23.351115000000004 0.00063157894736340185 643.18225000000018 -0.01711654135338447 392.02500000000003 -0.036635338345866041 47.500000000000007 9062.7896666666693 3.8296934602940831 -0.00048716791979947724 -0.01875187969924837 -0.01752631578947287 0.0065751879699247652 9075.1654999999992 2388.1210555555563 9044.7760833333359 -0.003498120300754888 -0.25549624060151599 0.040048651039363121 -0.043048872180453168 8172.045000000001 8147.4082500000022 148.50000000000003 1.2007884366082044
decision_type=2 2 2 2 2 2 2 2 2 2 2 2 2 2 2 2 2 2 2 2 2 2 2 2 2 2 2 2 2 2
left_child=1 12 4 5 21 6 7 13 18 15 -7 -9 -1 29 -15 -6 -12 25 26 -8 -11 -2 -18 -19 27 -13 -4 28 -25 -3
right_child=2 3 8 -5 9 10 19 11 -10 20 16 17 -14 14 -16 -17 22 23 -20 -21 -22 -23 -24 24 -26 -27 -28 -29 -30 -31
leaf_value=0.53435712449182937 -0.30975586372873054 0.3368940779872085 -0.5643674032435233 -0.56859470108732946 -0.82488100956014521 0.46630544039011002 0.38391354294218 -0.67691759176055588 -1.052064735233742 -0.55190144926532658 -0.56759680419502889 0.15033132884438549 0.39526010141125129 0.31440466302745745 -0.15628297929641269 -0.30381600245309526 -0.31424836777534676 -0.64001268327236172 -0.8788712826861611 -0.092247866573605203 -0.231418922449388 0.36063071716958145 0.077526986532530193 0.10213811567242835 -0.19134226043501171 -0.38577261460663204 -0.95426683717303806 -0.15159703919131842 0.46524611925085385 -0.21568732750415801
leaf_weight=3742 45 872 577 409 445 74 1316 89 1428 333 271 69 2650 211 345 127 387 35 789 100 527 253 156 441 210 270 107 139 143 44
leaf_count=3742 45 872 577 409 445 74 1316 89 1428 333 271 69 2650 211 345 127 387 35 789 100 527 253 156 441 210 270 107 139 143 44
internal_value=-0.000689781 0.271545 -0.704433 0.0364646 -0.367394 0.0844131 0.155388 0.0590944 -0.905229 -0.497774 -0.257784 -0.0912244 0.476761 0.201617 0.0225851 -0.709922 -0.324102 -0.0508547 -0.762262 0.350245 -0.35601 0.2587 -0.201759 0.0283831 0.0541153 -0.276533 -0.626664 0.125576 0.191693 0.310145
internal_weight=16604 11973 4631 5581 1730 5172 4284 2868 2901 1432 888 1396 6392 1472 556 572 814 1307 1473 1416 860 298 543 968 933 339 684 723 584 916
internal_count=16604 11973 4631 5581 1730 5172 4284 2868 2901 1432 888 1396 6392 1472 556 572 814 1307 1473 1416 860 298 543 968 933 339 684 723 584 916
is_linear=0
shrinkage=0.03


Tree=27
num_leaves=31
num_cat=0
split_feature=6 0 2 42 28 22 0 44 32 46 16 56 40 0 40 19 28 12 34 15 46 40 34 39 40 42 12 36 4 38
split_gain=3.29761e+06 678206 238468 194664 134111 117694 77798.9 61633.9 53837.1 45612 40175.3 36792.8 36236 34782.6 33990.5 28259.2 26440.7 23985.9 23518.2 38595.4 23434.5 23407.2 23293 19726.9 19276.9 18979.5 17817.6 17055.9 16739.2 16352.3
threshold=1592.2117500000002 83.500000000000014 643.01625000000013 8.4174950000000024 0.0068258145363407916 9067.9655000000039 103.50000000000001 0.00086097744360904953 -0.02124812030075161 395.0750000000001 -0.0039172932330810237 -0.00057842105263161182 0.54422932330826523 42.500000000000007 -0.25549624060151599 0.027069355367236914 0.012939849624060137 0.13028195488721259 2388.1345227272736 0.36703933640898795 392.08012820512823 0.31277443609023431 2388.1437500000011 3.3169304848711856 -0.1450563909774352 8.4523600000000005 0.19638721804511225 0.0010300751879645431 0.013593984962406304 8152.0775000000003
decision_type=2 2 2 2 2 2 2 2 2 2 2 2 2 2 2 2 2 2 2 2 2 2 2 2 2 2 2 2 2 2
left_child=1 13 6 20 5 7 22 14 -8 16 15 26 24 -1 -5 -9 -4 23 29 -20 -3 -7 -2 25 -10 -16 -6 -17 -13 -15
right_child=2 3 9 4 11 21 8 10 12 -11 -12 28 -14 18 17 27 -18 -19 19 -21 -22 -23 -24 -25 -26 -27 -28 -29 -30 -31
leaf_value=0.52287446224610978 0.4314794932811632 0.4112407596968114 -0.74798714042386694 -0.566462822725188 -0.38983458212857108 -0.16657355431346343 -0.77113223474660531 0.03320029312417707 -0.68336194519056093 -1.0756734379873436 0.18292447434903439 -0.025739282084112407 -0.78309148062359191 0.41205273864946224 0.41262415431890515 -0.24762185572773557 -1.0610756214818646 0.057208193592553913 0.50075390461832281 -0.33346431002379034 0.17008378070586014 -0.48358116038215826 -0.35121504539027809 0.10002180710865939 -0.25543480683046038 -0.081188810788668117 -0.7180293838509777 -0.71753510308893098 -0.53499523150456407 -0.28434690333181811
leaf_weight=3340 108 826 1276 52 308 461 495 130 108 943 202 237 175 3013 743 131 309 644 95 103 650 386 49 362 755 77 297 151 76 30
leaf_count=3340 108 826 1276 52 308 461 495 130 108 943 202 237 175 3013 743 131 309 644 95 103 650 386 49 362 755 77 297 151 76 30
internal_value=-0.00096836 0.247013 -0.724811 0.00846553 -0.0944761 -0.00614584 -0.44851 0.0977039 -0.513625 -0.909272 -0.163038 -0.4154 -0.390201 0.45479 0.182993 -0.332693 -0.809655 0.204634 0.384486 0.0672969 0.305227 -0.311442 0.186522 0.284842 -0.309717 0.366212 -0.551867 -0.500888 -0.150702 0.405096
internal_weight=16532 12314 4218 5733 4257 3339 1690 2492 1533 2528 614 918 1038 6581 1878 412 1585 1826 3241 198 1476 847 157 1182 863 820 605 282 313 3043
internal_count=16532 12314 4218 5733 4257 3339 1690 2492 1533 2528 614 918 1038 6581 1878 412 1585 1826 3241 198 1476 847 157 1182 863 820 605 282 313 3043
is_linear=0
shrinkage=0.03


Tree=28
num_leaves=31
num_cat=0
split_feature=6 0 46 42 12 0 38 28 15 36 40 6 48 52 40 20 50 20 31 16 4 42 42 0 0 2 4 38 6 10
split_gain=3.0321e+06 688929 193087 171156 106474 76324.6 70073.9 59270.2 53799.6 49909.7 41448.9 41142 36621 32962 29099.8 28925.8 27495.1 27202.7 27133.5 24243.8 23284.9 22369.6 20630.7 20360.7 20054.2 20013.1 19347.2 18048.5 19064.7 27959.5
threshold=1592.4002500000004 98.500000000000014 394.22500000000008 8.4259425000000032 0.18460150375939774 76.500000000000014 8146.9351071428591 0.002142857142857064 0.35844717183948466 0.001248120300745616 0.24831203007518465 1597.7610000000002 -0.012531328320802003 -0.0028496240601504227 0.35714285714284727 0.0010751879699255438 38.945607142857149 -0.00012781954886796119 0.29307571547104194 -0.024174378253326599 0.017996240601504235 8.4511025000000028 8.4161422222222253 150.50000000000003 38.500000000000007 642.92225000000019 -0.0080000000000005431 8138.2225000000008 1587.2448076923081 1408.1330000000005
decision_type=2 2 2 2 2 2 2 2 2 2 2 2 2 2 2 2 2 2 2 2 2 2 2 2 2 2 2 2 2 2
left_child=1 5 7 10 6 24 8 21 23 14 18 19 -10 -9 26 -14 17 -7 -3 -4 27 -2 -20 -5 -1 -15 -6 -19 -29 -30
right_child=2 3 11 4 9 16 -8 13 12 -11 -12 -13 15 25 -16 -17 -18 20 22 -21 -22 -23 -24 -25 -26 -27 -28 28 29 -31
leaf_value=0.51346667807054391 0.26687881003696839 0.3694843351672874 -0.90384482517820752 0.19744623635096162 0.44178637862205505 0.33570593630222395 -0.3489183727758069 -0.6936807845006665 0.25501669114701286 -0.65092890121372116 -0.15656299091095841 -1.0542492660163587 -0.02771256695678239 -0.17742904987470975 -0.58975122168108263 -0.4090859643200348 0.4047974189559152 0.24230520214411738 0.27260491313820795 -0.66355100911682563 -0.44472855758887753 -0.26556669244327796 -0.077544378305798106 0.64172601933990203 0.40301373024675413 -0.59274472641848752 -0.18826261833875099 -0.57514500043221872 0.27361745493310802 -0.40042268716587737
leaf_weight=3014 90 818 840 359 48 431 525 714 234 474 257 860 468 241 161 289 553 345 314 722 80 324 291 125 2971 185 421 55 158 84
leaf_count=3014 90 818 840 359 48 431 525 714 234 474 257 860 468 241 161 289 553 345 314 722 80 324 291 125 2971 185 421 55 158 84
internal_value=0.00249515 0.232433 -0.718829 -0.0502371 -0.182231 0.408245 -0.0516223 -0.457359 0.0543597 -0.418579 0.1936 -0.886335 -0.0722815 -0.568948 -0.243009 -0.173657 0.231024 0.147401 0.256907 -0.79327 0.0346829 -0.149454 0.104336 0.313274 0.458713 -0.358755 -0.122977 0.0950213 -0.0763049 0.0389681
internal_weight=16451 12475 3976 4784 3104 7691 2000 1554 1475 1104 1680 2422 991 1140 630 757 1706 1153 1423 1562 722 414 605 484 5985 426 469 642 297 242
internal_count=16451 12475 3976 4784 3104 7691 2000 1554 1475 1104 1680 2422 991 1140 630 757 1706 1153 1423 1562 722 414 605 484 5985 426 469 642 297 242
is_linear=0
shrinkage=0.03


Tree=29
num_leaves=31
num_cat=0
split_feature=2 0 6 40 32 36 0 44 0 25 50 36 54 26 15 56 12 22 20 23 24 30 22 14 39 22 23 32 32 6
split_gain=2.90551e+06 631749 204541 179811 125734 72594.1 60976.3 60025.1 46852.4 44861.3 39199.8 38238.1 37776.9 27538.9 26291.6 24114.9 23903.4 22752.4 22500.2 22401.8 22088.8 20048.5 19217.1 34498.8 24986.6 18364.5 18146.1 16972.3 16478.2 15584.9
threshold=642.84275000000014 90.500000000000014 1594.1315000000002 0.46634962406015751 -0.014654135338345869 0.0011428571428576423 71.500000000000014 0.00041834586466166354 59.500000000000007 47.965000000000011 38.935250000000011 0.0020375939849605535 23.340767500000005 47.484142857142864 0.41682715224958294 -0.0023486842105263283 0.051872180451125953 9055.7350000000024 0.0011353383458690999 4.5033664904778687 1.009515037593985 522.25700000000018 9058.6002500000013 553.5821111111112 3.346667857286322 9075.1654999999992 3.5520818872459308 0.011338345864661899 -0.024330827067670379 1591.0342500000004
decision_type=2 2 2 2 2 2 2 2 2 2 2 2 2 2 2 2 2 2 2 2 2 2 2 2 2 2 2 2 2 2
left_child=1 8 6 4 5 14 -2 13 -1 20 18 15 16 25 29 -8 -7 -15 26 22 28 -21 -10 24 -24 -6 -9 -19 -4 -3
right_child=2 3 9 -5 7 12 11 10 19 -11 -12 -13 -14 17 -16 -17 -18 27 -20 21 -22 -23 23 -25 -26 -27 -28 -29 -30 -31
leaf_value=0.47015049357170063 0.39141347620222305 0.21159627372037162 -0.82637949263840393 -0.59309361579043141 0.38107544500931573 -0.15428481485954548 -0.53232674189499662 0.25580797145152462 0.44289248682002302 -0.97738064493595822 0.29915149950649722 -0.71019239580723192 0.078024998810784577 0.3207615359090637 -0.21282161448388659 -0.23820419059414874 -0.6208371943121801 -0.061775605330943686 -0.26619478274980934 -0.0025558017247489517 -0.94630933149805607 0.43882974738953634 0.22610665108118619 0.36035632406752788 -0.37711826983447139 -0.038739840676291631 -0.076856986778435915 0.5248827251366206 -0.5661781443504732 -0.19914499612095266
leaf_weight=4698 80 416 341 444 1027 128 430 199 1017 1285 298 388 115 302 328 608 445 470 405 335 317 127 134 720 113 103 562 48 660 103
leaf_count=4698 80 416 341 444 1027 128 430 199 1017 1285 298 388 115 302 328 608 445 470 405 335 317 127 134 720 113 103 562 48 660 103
internal_value=0.00274086 0.229653 -0.68948 -0.0154566 0.0364755 -0.188958 -0.410789 0.13786 0.414662 -0.850501 -0.00732947 -0.456036 -0.417627 0.246812 -0.00294074 -0.360442 -0.517066 0.114268 -0.0858474 0.307939 -0.72615 0.119463 0.351745 0.255527 -0.0502705 0.342809 0.0103558 -0.00650685 -0.655554 0.129855
internal_weight=16646 12537 4109 5393 4949 1535 1506 3414 7144 2603 1464 1426 688 1950 847 1038 573 820 1166 2446 1318 462 1984 967 247 1130 761 518 1001 519
internal_count=16646 12537 4109 5393 4949 1535 1506 3414 7144 2603 1464 1426 688 1950 847 1038 573 820 1166 2446 1318 462 1984 967 247 1130 761 518 1001 519
is_linear=0
shrinkage=0.03


Tree=30
num_leaves=31
num_cat=0
split_feature=2 0 10 39 28 14 28 16 0 32 42 10 4 40 14 22 23 36 44 34 26 23 42 0 2 20 12 39 11 28
split_gain=2.79271e+06 595570 170794 158727 107632 71520.5 62074.7 61896.4 56739.5 41008.2 40858.3 32639.5 31607.7 29809.6 24199.7 27719.5 27875.9 24191 23549.1 23521.7 21896.8 19213.2 18877 18259.3 17920.7 17774.3 17684.4 17245.9 17069.4 16909.5
threshold=642.84825000000023 95.500000000000014 1417.4492500000001 4.0980736782996106 0.0074473684210526652 554.12825000000009 0.0045864661654135006 -0.025357142857143512 63.500000000000007 -0.0097863777089767841 8.4367175000000021 1409.9147500000001 0.0090854710305164066 0.31277443609023431 554.26183333333358 9060.6480357142882 4.4755942340533146 0.0020375939849605535 0.00029996240601502507 2388.085250000001 47.963250000000009 5.2198829488669682 8.4408275000000028 145.50000000000003 642.24658333333343 0.0003533834586480048 0.23137593984962254 4.7410304073407863 3.5083307801685994 0.0079097744360902365
decision_type=2 2 2 2 2 2 2 2 2 2 2 2 2 2 2 2 2 2 2 2 2 2 2 2 2 2 2 2 2 2
left_child=1 8 6 4 5 7 11 25 -1 17 -6 -2 -8 18 15 16 24 28 -11 -17 29 -5 -21 -20 -10 -3 -12 -13 -9 -4
right_child=2 3 20 21 10 -7 12 9 14 13 26 27 -14 -15 -16 19 -18 -19 23 22 -22 -23 -24 -25 -26 -27 -28 -29 -30 -31
leaf_value=0.44980776473365902 0.54047822624444963 -0.0036056168681591169 -0.69273752175892389 -0.31402624552195724 -0.036795869448355265 0.37634752006133904 -0.45686973706718614 0.23407159320811377 -0.35222712024565667 0.36236353659206394 -0.34826115454547102 -0.29446471137372016 -0.75872500211365368 -0.18969334409280786 0.43722539582317055 0.14127378040352104 -0.036630430507628035 -0.36017476273307925 -0.008440522686611834 -0.7142944509818635 -1.041145200920105 -0.66201949474858302 0.071618354663533973 0.32701092984080316 0.38289310525833042 -0.3914319016178136 -0.75879001951217651 -0.77977124955556165 -0.059731172358716063 -0.91281589737088664
leaf_weight=4979 39 153 575 274 272 656 555 238 30 687 239 732 734 162 613 513 186 184 416 57 599 305 52 224 1021 348 159 72 696 761
leaf_count=4979 39 153 575 274 272 656 555 238 30 687 239 732 734 162 613 513 186 184 416 57 599 305 52 224 1021 348 159 72 696 761
internal_value=-0.00138052 0.221362 -0.683898 -0.0314623 0.029579 0.0919568 -0.498279 0.0318292 0.391442 0.0905376 -0.320468 -0.297567 -0.629211 0.193586 0.273751 0.219639 0.301735 -0.0467577 0.240485 0.0561499 -0.888053 -0.498164 -0.342121 0.109294 0.361595 -0.273237 -0.513757 -0.33884 0.0153053 -0.818686
internal_weight=16531 12464 4067 5013 4434 3764 2132 3108 7451 2607 670 843 1289 1489 2472 1859 1237 1118 1327 622 1935 579 109 640 1051 501 398 804 934 1336
internal_count=16531 12464 4067 5013 4434 3764 2132 3108 7451 2607 670 843 1289 1489 2472 1859 1237 1118 1327 622 1935 579 109 640 1051 501 398 804 934 1336
is_linear=0
shrinkage=0.03


Tree=31
num_leaves=31
num_cat=0
split_feature=42 0 6 42 22 16 0 25 28 0 36 37 12 42 44 14 40 37 19 36 32 0 10 38 22 28 50 28 54 22
split_gain=2.54651e+06 462347 269445 138962 115392 92427.1 89640.3 58831.2 51971.1 34475.2 33983.2 29654.5 28947.3 27925.7 27055 25198.3 22911.8 22840.6 21062.5 24041.8 20471.2 17781.8 17337.5 19919.5 27161.1 18714.6 15555.2 15001.2 14726.3 14704.5
threshold=8.4519775000000035 85.500000000000014 1593.3177500000004 8.418207500000003 9067.9655000000039 -0.025357142857143512 108.50000000000001 47.945000000000007 0.0079097744360902365 54.500000000000007 0.0022932330826978434 8178.8900000000003 0.26106801093643556 8.4358675000000023 0.00039165413533835274 553.02825000000018 0.24831203007518465 8157.8150000000014 0.028543825952346662 0.0013082706766912235 -0.024657894736841903 176.50000000000003 1399.7070000000001 8141.9937500000005 9063.4366666666701 0.0044135338345864727 38.977573529411778 0.0063007518796991098 23.283610000000007 9065.7917500000021
decision_type=2 2 2 2 2 2 2 2 2 2 2 2 2 2 2 2 2 2 2 2 2 2 2 2 2 2 2 2 2 2
left_child=1 9 6 16 5 14 15 11 12 -1 17 20 18 21 27 -2 26 -8 28 -20 -4 -6 -11 25 -25 -24 -3 -5 -7 -26
right_child=2 3 7 4 13 8 10 -9 -10 22 -12 -13 -14 -15 -16 -17 -18 -19 19 -21 -22 -23 23 24 29 -27 -28 -29 -30 -31
leaf_value=0.45074564118586097 -0.21687344005474676 0.23575618461989814 -0.75915292083762065 0.10287140238770218 -0.24598889597922122 0.14301347491311858 -0.2300155730813839 -0.90310936367868877 -0.2912957178708534 0.44455333968067479 -0.71596778415267148 -0.89531258764583888 -0.12691526098995698 -0.45568275102979949 -0.54814796846387659 0.31924839381634451 -0.047037156063809309 -0.60312744860586365 0.2002622248805184 -0.15516017663207921 -0.49941029147742999 0.19764639773351303 0.37756545459819507 -0.23627164913743148 0.45092804224954708 0.094408247142467858 0.45404379715161025 -0.49279699658354115 0.40959615815996808 0.046401581881236442
leaf_weight=4194 116 776 392 128 403 285 676 1426 252 621 240 330 264 641 268 242 175 189 663 230 949 101 1043 152 161 264 477 53 547 162
leaf_count=4194 116 776 392 128 403 285 676 1426 252 621 240 330 264 641 268 242 175 189 663 230 949 101 1043 152 161 264 477 53 547 162
internal_value=-0.000179186 0.23148 -0.602616 0.0217589 -0.0723144 0.0350687 -0.266844 -0.761095 0.11381 0.398765 -0.400419 -0.639435 0.165256 -0.324405 -0.357317 0.145413 0.274274 -0.312142 0.210019 0.108649 -0.575847 -0.15687 0.307892 0.260045 0.0934123 0.320487 0.319151 -0.0733001 0.31856 0.248808
internal_weight=16420 11860 4560 5263 3835 2690 1463 3097 2241 6597 1105 1671 1989 1145 449 358 1428 865 1725 893 1341 504 2403 1782 475 1307 1253 181 832 323
internal_count=16420 11860 4560 5263 3835 2690 1463 3097 2241 6597 1105 1671 1989 1145 449 358 1428 865 1725 893 1341 504 2403 1782 475 1307 1253 181 832 323
is_linear=0
shrinkage=0.03


Tree=32
num_leaves=31
num_cat=0
split_feature=42 6 22 46 20 12 28 56 36 54 22 38 42 23 10 26 16 52 23 36 10 40 38 8 4 40 40 19 18 24
split_gain=2.43703e+06 271070 263615 119221 112939 70430.5 58340.6 47451.9 42565.8 40886.7 36091.5 32295.6 31878 31662.6 30707 30412.3 27916.2 27087.9 25905.2 23849.5 21773.5 20847.5 18966.5 17321.1 17169 16581.4 16044.8 15700.4 15532.7 15398.4
threshold=8.4516775000000024 1593.4020000000003 9074.3337500000016 392.14642857142866 0.00063157894736340185 0.17469172932331065 0.0097105263157895323 -1.0000000180025095e-35 0.0019774436090154589 23.296052500000005 9060.5447500000009 8140.3305000000009 8.4202124999999999 3.5520818872459308 1420.4289999999999 47.517250000000011 -0.011176691729323484 -0.00067669172932328036 4.8817211035506487 0.001127819548870984 1412.8437500000002 -0.099473684210517888 8142.1080000000011 0.024545112781953767 0.016330827067668984 0.21354511278196092 0.21354511278196092 0.023932195887533762 2388.0302500000012 0.71813226247433992
decision_type=2 2 2 2 2 2 2 2 2 2 2 2 2 2 2 2 2 2 2 2 2 2 2 2 2 2 2 2 2 2
left_child=2 7 3 -1 10 17 14 8 11 16 -5 20 -4 -12 18 25 -7 19 -3 24 -2 23 -23 -11 26 -15 -6 -21 -24 -14
right_child=1 6 12 4 5 9 -8 -9 -10 21 13 -13 29 15 -16 -17 -18 -19 -20 27 -22 22 28 -25 -26 -27 -28 -29 -30 -31
leaf_value=0.40669374161247335 0.10305567639189607 -0.43849382784217594 0.039964891725648488 0.36142767245250279 0.28214519999242232 -0.59318907217649708 -0.89869532751000447 0.023373905326542443 -0.66602055650994629 0.21136095243449113 0.38616419853031597 -0.45590739236144368 -0.30017344870051316 0.23703852906158582 -0.83301244658443763 -0.23048115077019748 -0.071966832690424726 0.28129652773510982 -0.70583790544628489 0.4086156853018923 -0.28868773436610351 0.28083799390107911 0.46722592787309125 -0.45418271396573134 -0.17217186542805926 -0.12740756569106293 -0.14524111088851224 -0.17149467522780451 -0.25382522478763475 -0.62560153295546006
leaf_weight=3680 254 749 188 2796 575 234 1264 399 296 48 438 391 403 610 505 220 153 917 590 46 255 258 32 126 115 137 91 396 145 196
leaf_count=3680 254 749 188 2796 575 234 1264 399 296 48 438 391 403 610 505 220 153 917 590 46 255 258 32 126 115 137 91 396 145 196
internal_value=-0.000637231 -0.578056 0.22945 0.267346 0.197407 0.0611487 -0.741195 -0.259899 -0.354343 -0.147151 0.299084 -0.25121 -0.300711 0.174849 -0.632805 0.0788347 -0.387841 0.158119 -0.556732 0.0656071 -0.0933821 0.00618442 0.117195 -0.270426 0.165194 0.170118 0.223618 -0.110335 -0.121573 -0.407523
internal_weight=16507 4703 11804 11017 7337 3136 3108 1595 1196 996 4201 900 787 1405 1844 967 387 2140 1339 1223 509 609 435 174 781 747 666 442 177 599
internal_count=16507 4703 11804 11017 7337 3136 3108 1595 1196 996 4201 900 787 1405 1844 967 387 2140 1339 1223 509 609 435 174 781 747 666 442 177 599
is_linear=0
shrinkage=0.03


Tree=33
num_leaves=31
num_cat=0
split_feature=42 0 6 40 28 0 28 54 14 16 36 52 14 26 40 23 0 37 24 4 32 32 16 38 38 16 15 8 38 56
split_gain=2.31407e+06 402749 251309 130385 106669 105376 58014.8 48882.4 44849.2 44508.1 33998.9 30116.5 28446.1 28389.4 28284.3 26867.3 24620.5 22579.8 22034.1 21440.1 20531.8 19658.1 16492.9 16273 26517.9 16241.7 15626.4 20171.6 14276 13753.8
threshold=8.4516775000000024 81.500000000000014 1593.3177500000004 0.34676219961668858 0.0055789473684210089 103.50000000000001 0.0093759398496239994 23.351115000000004 553.93757352941191 -0.036116541353382998 0.0023909774436077034 -0.00017293233082715079 552.95500000000004 47.829750000000011 -0.12782889208314924 4.910584357840456 45.500000000000007 8157.2250000000013 0.31912030075186082 0.0029849624060175376 -0.02078571428571448 0.0088045112781965432 -0.035056390977443307 8141.2480000000005 8144.6147500000025 -0.010353383458646474 0.35764857049352106 0.08832330827067604 8152.0775000000003 -0.0021164285714285309
decision_type=2 2 2 2 2 2 2 2 2 2 2 2 2 2 2 2 2 2 2 2 2 2 2 2 2 2 2 2 2 2
left_child=1 16 5 4 7 12 13 9 14 -3 17 19 -2 15 -6 -4 -1 21 -5 26 -16 29 -22 -9 -25 -21 -11 -28 -18 -7
right_child=2 3 6 18 8 10 -8 23 -10 11 -12 -13 -14 -15 20 -17 28 -19 -20 25 22 -23 -24 24 -26 -27 27 -29 -30 -31
leaf_value=0.4387720560362634 -0.51338502407073972 -0.49295836644362562 -0.35954287710128935 -0.010271973561029881 -0.57381554027690607 -0.4319333953877072 -0.86675832658247876 0.4397183532743939 0.15911361748002248 0.34464299268930793 -0.69350339421987528 0.25859882613291613 0.32168687234053739 -0.74544520570355433 -0.4518303778818385 -0.66760108027373388 0.32640937007099685 -0.5787422857344946 -0.45121256966746781 -0.23550684523189483 -0.63266033495014362 0.34029529301395928 -0.02562695622039737 -0.084256747862760051 0.32823933222028467 0.044553754710488842 0.20846717519041918 -0.20590534126310678 -0.30379482610659164 -0.15950693099309915
leaf_weight=3547 41 112 557 127 203 272 1355 555 302 248 249 850 295 758 175 477 2737 205 518 327 43 51 478 187 556 431 271 172 32 434
leaf_count=3547 41 112 557 127 203 272 1355 555 302 248 249 850 295 758 175 477 2737 205 518 327 43 51 478 187 556 431 271 172 32 434
internal_value=-0.000494837 0.222474 -0.564303 0.0361337 0.0888318 -0.251 -0.718188 0.168392 -0.156807 0.088417 -0.381357 0.116942 0.218567 -0.605427 -0.262992 -0.502163 0.38633 -0.299926 -0.364542 0.0337231 -0.171642 -0.223757 -0.0768436 0.316761 0.224448 -0.0764151 0.154476 0.0474807 0.319019 -0.264927
internal_weight=16565 11871 4694 5555 4910 1547 3147 3709 1201 2411 1211 2299 336 1792 899 1034 6316 962 645 1449 696 757 521 1298 743 758 691 443 2769 706
internal_count=16565 11871 4694 5555 4910 1547 3147 3709 1201 2411 1211 2299 336 1792 899 1034 6316 962 645 1449 696 757 521 1298 743 758 691 443 2769 706
is_linear=0
shrinkage=0.03


Tree=34
num_leaves=31
num_cat=0
split_feature=42 0 6 40 50 0 44 36 25 16 52 38 36 24 37 36 12 40 34 32 0 32 0 44 15 50 7 38 23 34
split_gain=2.16282e+06 405201 228591 123332 99442.9 90493.6 80494 49768.4 46346.4 41480.7 34739.4 29355.6 29193.5 23958.1 23391.2 22160 23226.9 20993.4 20686.9 18504.3 18040.4 17893.3 17698.6 14681.8 14094.6 13824.1 13803.6 13652.9 13423.1 12069.7
threshold=8.4519775000000035 79.500000000000014 1593.5012500000003 0.46634962406015751 38.935250000000011 109.50000000000001 0.00076691729323306781 0.0020902255639046259 47.955000000000005 -0.02564661654135433 -0.0030375939849623993 8142.1080000000011 0.0022932330826978434 1.1923947368420824 8157.8150000000014 0.00032330827067332052 0.17469172932331065 0.081642857142868813 2388.1582500000009 -0.025214285714285561 203.50000000000003 -0.019172932330827532 49.500000000000007 0.0003608270676691668 0.36703933640898795 38.977573529411778 2.5859490066392015 8136.0032500000025 3.864092875431504 2388.1437500000011
decision_type=2 2 2 2 2 2 2 2 2 2 2 2 2 2 2 2 2 2 2 2 2 2 2 2 2 2 2 2 2 2
left_child=1 22 5 4 6 18 7 10 13 -8 21 -12 14 19 23 -11 -17 28 24 -4 -18 -3 -1 -7 -2 -6 -24 -26 -13 -28
right_child=2 3 8 -5 25 12 9 -9 -10 15 11 17 -14 -15 -16 16 20 -19 -20 -21 -22 -23 26 -25 27 -27 29 -29 -30 -31
leaf_value=0.42174577343809572 0.44574831760781153 -0.32752309022431675 -0.71296246243001771 -0.48243764839166237 0.20421802698649041 -0.074235056688969667 -0.51537036860153285 -0.25045394757646477 -0.83368666903277078 0.067962233639598607 0.32399138902947766 0.49209504500893525 -0.65285151914546358 -0.86377004062428187 -0.57532515564082165 -0.070155463803446658 -0.52594036249233334 -0.09478448132328364 -0.57298566944897178 -0.46938627124755078 0.24947087348468841 0.044938941389305265 -0.26004349963487805 -0.34672456353288333 -0.19495611254974166 0.39524688910991312 0.33540433366702188 0.29252645096688901 0.018207827329027409 -0.18027641773223876
leaf_weight=3870 139 140 410 388 771 330 285 336 1385 400 963 120 284 254 220 395 229 344 32 936 30 656 36 387 100 617 2305 105 97 41
leaf_count=3870 139 140 410 388 771 330 285 336 1385 400 963 120 284 254 220 395 229 344 32 936 30 656 36 387 100 617 2305 105 97 41
internal_value=0.00335577 0.214722 -0.551187 0.0334354 0.0707016 -0.261262 -0.00532063 0.0902883 -0.70616 -0.194894 0.139724 0.223577 -0.386506 -0.595318 -0.305168 -0.107831 -0.215289 0.0509381 0.145394 -0.544055 -0.43551 -0.0208982 0.382029 -0.221589 0.213687 0.289358 0.317352 0.054938 0.28132 0.326319
internal_weight=16605 12023 4582 5771 5383 1597 3995 2656 2985 1339 2320 1524 1221 1600 937 1054 654 561 376 1346 259 796 6252 717 344 1388 2382 205 217 2346
internal_count=16605 12023 4582 5771 5383 1597 3995 2656 2985 1339 2320 1524 1221 1600 937 1054 654 561 376 1346 259 796 6252 717 344 1388 2382 205 217 2346
is_linear=0
shrinkage=0.03


Tree=35
num_leaves=31
num_cat=0
split_feature=6 0 2 2 28 38 0 32 19 16 0 28 40 32 44 20 38 34 15 34 8 12 26 20 0 22 34 18 38 14
split_gain=2.02599e+06 404164 159286 128639 82186.7 60136.5 52613.2 42961 38006 34266.6 32070.8 30208.1 29264.5 28358.5 23792.8 23234.2 22590.5 21690.9 26142.7 20311.8 19998.1 18582.5 18349.3 17083.5 15128.7 19648.5 17115.9 15092.9 18542.1 34941.5
threshold=1592.2117500000002 85.500000000000014 643.02375000000018 642.48725000000024 0.0068258145363407916 8146.5425000000005 106.50000000000001 -0.014654135338345869 0.0338341543414701 -0.036635338345866041 54.500000000000007 0.010119674185463376 0.21775939849624773 -0.0224661654135331 -0.00015417293233083702 -0.00022556390977525664 8154.9242500000009 2388.1421111111122 0.3877781258162562 2388.1487500000007 -0.091018796992480472 0.12142857142856998 47.948250000000009 0.0021278195488794774 151.50000000000003 9063.5792500000007 2388.101583333334 2388.0260555555565 8141.335750000002 553.68175000000019
decision_type=2 2 2 2 2 2 2 2 2 2 2 2 2 2 2 2 2 2 2 2 2 2 2 2 2 2 2 2 2 2
left_child=1 10 6 12 5 8 19 23 9 -5 -1 22 13 -3 -6 -10 -9 -12 -19 -2 -11 24 -4 -8 25 -22 -26 -15 -29 -30
right_child=2 3 11 4 14 -7 7 16 15 20 17 -13 -14 27 -16 -17 -18 18 -20 -21 21 -23 -24 -25 26 -27 -28 28 29 -31
leaf_value=0.40000859284925411 0.33890370804117992 -0.13694357524777567 -0.57418496235444938 -0.52856022315720708 0.014819089480205975 -0.28439042186213898 -0.45606844155591636 -0.1647335418028972 0.20577313640051417 0.37201775133179416 0.2814712176919128 -0.84820332803706544 -0.072522421305926774 0.39264229832181463 -0.45880505127609583 -0.37743359692221462 -0.54763865983685966 0.37653852866454557 -0.60125795717750274 -0.33419145224584362 0.18231660667792021 -0.052987495691035731 -0.83451138531939584 -0.74667153144293819 0.65614543250474067 -0.30382923452691596 0.04144580506423319 0.30741961010718516 0.75886502904551367 -0.040800907901294599
leaf_weight=4265 127 171 1109 71 112 642 516 623 80 276 2322 1030 340 574 643 257 178 43 55 58 501 494 321 289 109 87 65 632 55 403
leaf_count=4265 127 171 1109 71 112 642 516 623 80 276 2322 1030 340 574 643 257 178 43 55 58 501 494 321 289 109 87 65 632 55 403
internal_value=-0.00289735 0.193669 -0.566801 0.0034802 -0.113513 -0.0329509 -0.351273 -0.406436 0.0503611 0.11126 0.350462 -0.723509 0.182948 0.230297 -0.388619 -0.238788 -0.2504 0.263013 -0.172755 0.127217 0.141238 0.0902694 -0.633164 -0.561194 0.18309 0.109993 0.428065 0.268095 0.202209 0.0566729
internal_weight=16448 12197 4251 5512 3337 2582 1791 1606 1940 1603 6685 2460 2175 1835 755 337 801 2420 98 185 1532 1256 1430 805 762 588 174 1664 1090 458
internal_count=16448 12197 4251 5512 3337 2582 1791 1606 1940 1603 6685 2460 2175 1835 755 337 801 2420 98 185 1532 1256 1430 805 762 588 174 1664 1090 458
is_linear=0
shrinkage=0.03


Tree=36
num_leaves=31
num_cat=0
split_feature=2 0 2 21 20 20 32 37 50 4 16 23 4 12 0 24 43 32 30 24 12 26 54 56 22 38 14 22 34 22
split_gain=1.92592e+06 413767 135012 126297 99444.6 51543.3 50158.5 44863.6 40174.6 38288.9 29831.2 29254 26647.3 23473.1 23091.1 21090.3 20573.3 19985.6 18881.4 17428.9 17207.7 16862.7 14799.6 14373.9 14793.7 14217.2 14775.1 15192.3 16053.2 15684.6
threshold=642.83775000000026 84.500000000000014 643.0992500000001 9080.7650000000012 0.0013383458646626597 0.0011052631578968091 -0.021451127819548162 8152.295000000001 38.841583333333347 0.017996240601504235 -0.0099172932330837734 3.5194542188235514 0.008537593984962422 0.31002631578947587 43.500000000000007 0.74589097744360633 0.022745264341587291 -0.014139097744358384 521.02525000000026 0.30687726669615956 0.22071804511278117 47.963250000000009 23.351115000000004 -0.0020280969030969337 9063.0752500000035 8152.0775000000003 554.23887500000012 9060.6480357142882 2388.0376388888894 9063.4366666666701
decision_type=2 2 2 2 2 2 2 2 2 2 2 2 2 2 2 2 2 2 2 2 2 2 2 2 2 2 2 2 2 2
left_child=1 14 5 4 8 7 -6 18 11 10 22 -3 -7 16 -1 -5 23 20 -2 -20 -10 -4 -8 -13 -25 26 27 28 -16 -29
right_child=2 3 21 15 6 12 9 -9 17 -11 -12 13 -14 -15 25 -17 -18 -19 19 -21 -22 -23 -24 24 -26 -27 -28 29 -30 -31
leaf_value=0.40343307274254703 -0.2497785977430122 0.2523943921274403 -0.68670315251437897 -0.25417830080822668 -0.4985832123762195 -0.37417133354614762 -0.22907905898109554 -0.50933006222823152 0.1472031586974604 -0.49758674765972394 0.18460551597124852 -0.1436031535652916 -0.66161522532567318 -0.49083045710836143 -0.17334852085959526 -0.59773834819209815 -0.35510336235484907 0.27196875799628339 0.18725771057605745 -0.3421838513139176 -0.26252756606495897 -0.88518636290508756 0.2065410404205322 0.22285205387307286 -0.1122303087452217 -0.34066794037353249 0.39812436439767479 -0.047522730411785952 0.32022539361598706 0.262349795496986
leaf_weight=3375 386 345 1307 477 308 509 406 397 466 157 446 266 692 104 61 244 139 1604 239 72 114 574 84 398 168 31 924 264 1594 330
leaf_count=3375 386 345 1307 477 308 509 406 397 466 157 446 266 692 104 61 244 139 1604 239 72 114 574 84 398 168 31 924 264 1594 330
internal_value=-0.00263061 0.186297 -0.559237 -0.000180846 0.0533175 -0.404504 -0.161085 -0.255174 0.136685 -0.0656117 0.00729934 0.012446 -0.540205 -0.0647237 0.348573 -0.371112 -0.018627 0.21742 -0.109888 0.0639821 0.0663566 -0.74771 -0.154133 0.037946 0.12337 0.290677 0.296951 0.255225 0.30194 0.12478
internal_weight=16481 12305 4176 5726 5005 2295 1401 1094 3604 1093 936 1420 1201 1075 6579 721 971 2184 697 311 580 1881 490 832 566 3204 3173 2249 1655 594
internal_count=16481 12305 4176 5726 5005 2295 1401 1094 3604 1093 936 1420 1201 1075 6579 721 971 2184 697 311 580 1881 490 832 566 3204 3173 2249 1655 594
is_linear=0
shrinkage=0.03


Tree=37
num_leaves=31
num_cat=0
split_feature=2 0 26 24 32 36 39 0 44 12 18 6 14 36 24 0 14 20 44 20 20 12 20 6 38 52 23 20 38 39
split_gain=1.81021e+06 388492 134952 116797 94711 53100.1 48027.8 41474.5 37638.3 35273.1 28269.7 24534 22755.8 23583.8 21719.9 21432 20760.9 23588.6 23215 19045.7 18453.7 17252.2 15878.1 15639.4 14562.2 14556.4 14507.1 13339.1 13020.7 12869
threshold=642.83775000000026 96.500000000000014 47.769250000000014 0.38636842105264252 -0.013090225563908252 0.0011428571428576423 4.6368864224925606 73.500000000000014 0.00035221804511278456 0.23387969924812038 2388.0702500000011 1598.4312500000003 553.56575000000009 0.00013533834586676102 0.74589097744360633 70.500000000000014 554.26183333333358 1.0000000180025095e-35 0.0013927443609022393 0.0029022556390954474 0.0018045112781938477 0.070037593984960692 0.0021278195488794774 1591.0692954545457 8141.0787500000015 -0.005165413533834538 3.8124532413499943 0.00121052631578068 8140.0953571428572 3.4679456094348353
decision_type=2 2 2 2 2 2 2 2 2 2 2 2 2 2 2 2 2 2 2 2 2 2 2 2 2 2 2 2 2 2
left_child=1 7 6 4 5 20 9 -1 24 15 -7 19 13 -10 -5 -2 17 -9 26 -4 23 -12 -15 -3 -6 -17 28 -11 -19 -26
right_child=2 3 11 14 8 10 -8 16 12 27 21 -13 -14 22 -16 25 -18 18 -20 -21 -22 -23 -24 -25 29 -27 -28 -29 -30 -31
leaf_value=0.3585380610186254 0.35193433130704438 0.15988150606979615 -0.56562689481667905 -0.24470389142924664 0.35412057191209823 -0.03743090455469332 -0.66264046546907629 0.27965866482907376 0.15962576355353783 -0.27547717794202842 -0.18890989548446877 -0.85282148241075517 0.15210595261183524 -0.16837648017587614 -0.57708434368984629 -0.39400166260138636 0.37831856916018997 0.37364436225974978 -0.54470959021883492 -0.79482894509204671 -0.30140062622945096 -0.58828898162094512 -0.72326353383064268 -0.19603312089619501 0.24804502310967724 -0.13622694115494788 -0.049255717787939142 -0.60026855128956957 -0.011423407528888095 -0.04454618763122143
leaf_weight=5741 64 511 1158 611 722 189 360 584 189 181 139 646 640 305 250 278 414 198 58 468 135 334 54 141 429 679 391 319 131 197
leaf_count=5741 64 511 1158 611 722 189 360 584 189 181 139 646 640 305 250 278 414 198 58 468 135 334 54 141 429 679 391 319 131 197
internal_value=0.00228129 0.184318 -0.539536 -0.0251323 0.0433494 -0.150072 -0.351286 0.319331 0.15388 -0.277206 -0.347867 -0.695166 0.03072 -0.111063 -0.341771 -0.175817 0.192461 0.135731 0.0274727 -0.632044 0.0165383 -0.47157 -0.253619 0.0827299 0.262319 -0.211441 0.0742567 -0.483479 0.22075 0.156043
internal_weight=16516 12363 4153 4846 3985 1449 1881 7517 2536 1521 662 2272 1188 548 861 1021 1776 1362 778 1626 787 473 359 652 1348 957 720 500 329 626
internal_count=16516 12363 4153 4846 3985 1449 1881 7517 2536 1521 662 2272 1188 548 861 1021 1776 1362 778 1626 787 473 359 652 1348 957 720 500 329 626
is_linear=0
shrinkage=0.03


Tree=38
num_leaves=31
num_cat=0
split_feature=2 21 6 6 36 16 12 20 21 50 38 4 40 23 26 4 24 6 34 36 6 20 56 40 16 40 21 20 46 20
split_gain=1.68203e+06 223741 123184 108596 67699.9 52133.9 48003.4 43375.6 36031.5 35406.3 42741.2 29853.2 28016.9 26510.4 23934.8 19782.9 19158.8 18560.6 18419.9 16668.8 16658.3 16208.2 15890 15583.6 15015.9 15303.9 13050.4 13036.2 12785.7 14442.7
threshold=642.83775000000026 9080.7650000000012 1595.6100000000004 1589.2192500000003 0.0012781954887208134 -0.0087443609022563179 -0.039011278195486575 0.0005563909774449836 9062.595000000003 38.979750000000017 8141.415750000001 0.003853383458645976 -0.044165413533837149 3.4601600886368984 47.63418750000001 0.011187969924810788 0.96930827067671599 1591.1497500000003 2388.025607142858 0.0010977443609009156 1598.5920000000003 0.0021052631578919677 0.00047958646616543113 0.1435000000000137 -0.0050187969924801847 -0.10443233082707858 9068.4050000000007 0.003263157894731823 392.69615384615389 -0.00037593984962747926
decision_type=2 2 2 2 2 2 2 2 2 2 2 2 2 2 2 2 2 2 2 2 2 2 2 2 2 2 2 2 2 2
left_child=1 3 5 9 8 11 -6 -8 14 10 19 -2 -9 -12 24 23 -3 -7 -15 -1 27 -13 28 -10 25 -5 -14 -4 -21 -30
right_child=2 16 20 4 6 17 7 12 15 -11 13 21 26 18 -16 -17 -18 -19 -20 22 -22 -23 -24 -25 -26 -27 -28 -29 29 -31
leaf_value=0.34361545336841282 -0.27386489250335655 -0.25923990161797494 -0.59116720765153374 -0.075645488317196183 0.23937375772085762 0.25287902001724688 0.051611922623331731 -0.60865043952214448 0.23731254012703118 0.36329322736694558 0.30906819642485978 -0.45831787903788668 -0.053999508457312072 0.23805504136851854 -0.085983097987931842 -0.21982103924598131 -0.6460528803200557 -0.2172412099830712 -0.0038398290009586272 0.19436710098904111 -0.83960459072821958 -0.69696565862241178 0.35683772074227982 -0.076172055888376874 0.34155380632002019 0.23191483600411827 -0.51397517569363116 -0.82253808205703205 0.37172265146534106 -0.25365215227311971
leaf_weight=2126 482 579 1041 181 262 85 324 263 306 2601 498 622 207 377 201 269 144 631 1131 344 564 450 307 266 953 735 75 289 42 146
leaf_count=2126 482 579 1041 181 262 85 324 263 306 2601 498 622 207 377 201 269 144 631 1131 344 564 450 307 266 953 735 75 289 42 146
internal_value=-0.00131138 0.17466 -0.522593 0.206543 0.0809578 -0.373267 -0.115944 -0.223223 0.157473 0.273562 0.226547 -0.47083 -0.386406 0.119513 0.22472 -0.00811718 -0.337067 -0.161156 0.0567516 0.298897 -0.701271 -0.559053 0.185309 0.0916527 0.258163 0.171125 -0.177717 -0.642023 0.0858421 -0.112713
internal_weight=16501 12337 4164 11614 4042 2270 1131 869 2911 7572 4971 1554 545 2006 2070 841 723 716 1508 2965 1894 1072 839 572 1869 916 282 1330 532 188
internal_count=16501 12337 4164 11614 4042 2270 1131 869 2911 7572 4971 1554 545 2006 2070 841 723 716 1508 2965 1894 1072 839 572 1869 916 282 1330 532 188
is_linear=0
shrinkage=0.03


Tree=39
num_leaves=31
num_cat=0
split_feature=2 22 25 25 12 46 38 20 12 6 28 20 46 20 40 16 20 38 38 40 16 37 40 44 35 22 26 23 48 12
split_gain=1.63498e+06 223702 118328 102525 59312.6 40343.2 37057.6 36249.5 31993.1 29085.5 28719 28645.8 28300.3 25146.4 23157.8 22543.2 20610.2 20196.5 18570.8 16524.4 15903.3 15852.6 15377.8 15049 14812.1 14594.4 17771.4 13154.5 12839 11828.3
threshold=642.83775000000026 9074.7102500000019 47.815000000000005 47.555000000000007 0.24435714285714391 392.02500000000003 8149.6057500000015 0.00063157894736340185 0.21812781954887342 1589.8797500000003 0.0015361480624640114 0.0007819548872140858 393.09545454545463 0.00024151287310259393 -0.086590225563908704 -0.004458646616542169 0.0011052631578968091 8146.7955357142855 8130.0155000000013 0.19522932330827153 -0.013007518796991248 8142.795000000001 -0.11024436090225528 -4.3195488721804673e-05 0.032695565448542761 9060.464750000001 47.63418750000001 3.5280189022795043 0.026344707923655297 0.028454887218047103
decision_type=2 2 2 2 2 2 2 2 2 2 2 2 2 2 2 2 2 2 2 2 2 2 2 2 2 2 2 2 2 2
left_child=1 3 6 5 11 -1 12 19 -4 -3 28 25 -2 -6 20 18 -14 -16 -12 -7 -13 -21 -18 -15 29 26 -5 -27 -9 -20
right_child=2 9 8 4 13 7 -8 10 -10 -11 15 14 16 23 17 -17 22 -19 24 21 -22 -23 -24 -25 -26 27 -28 -29 -30 -31
leaf_value=0.34348939817854773 0.49410158595260312 -0.1142134852781706 -0.49309222958016935 0.30298828789181353 0.097906294489900264 0.30258524817497617 -0.51891774880680142 0.29969021738109963 -0.71554551491652851 -0.46824106064771459 0.33677954858885356 -0.50252068614767442 -0.10949849823040181 0.019335158728573418 0.13849733599214528 0.17888362773917088 -0.60614658062798632 -0.3641595758515887 0.17416181653293211 0.28709865139115875 -0.02375940436805327 -0.049653499889252488 -0.2617428523921756 -0.46352915088343977 -0.38701827244833109 0.30863602779958338 -0.093350857380291682 -0.062891721564206485 0.082270485902130611 -0.16525822140426441
leaf_weight=3226 48 400 910 921 143 2719 520 710 1674 438 77 123 521 72 587 425 174 81 133 245 126 257 360 298 175 121 114 288 374 297
leaf_count=3226 48 400 910 921 143 2719 520 710 1674 438 77 123 521 72 587 425 174 81 133 245 126 257 360 298 175 121 114 288 374 297
internal_value=-0.000606704 0.173392 -0.511315 0.207846 0.0526114 0.259482 -0.310264 0.209353 -0.637426 -0.299592 0.115137 0.116149 -0.211515 -0.239465 -0.0149833 0.00762522 -0.244056 0.0770932 -0.099203 0.273385 -0.26132 0.114942 -0.374888 -0.369768 -0.155156 0.199376 0.259286 0.047507 0.224821 -0.0601143
internal_weight=16557 12350 4207 11512 2874 8638 1623 5412 2584 838 2191 2361 1103 513 917 1107 1055 668 682 3221 249 502 534 370 605 1444 1035 409 1084 430
internal_count=16557 12350 4207 11512 2874 8638 1623 5412 2584 838 2191 2361 1103 513 917 1107 1055 668 682 3221 249 502 534 370 605 1444 1035 409 1084 430
is_linear=0
shrinkage=0.03


Tree=40
num_leaves=31
num_cat=0
split_feature=42 0 6 28 40 0 16 46 32 44 23 32 14 40 20 35 14 40 0 40 56 4 52 42 14 31 28 16 35 38
split_gain=1.52083e+06 274462 166832 96888.8 64323 62384.1 45442.9 39750.4 37396.8 30872.7 28456.2 23911.6 22155.7 20778 20206.9 20171.2 18760.9 18358.5 18235.8 18228.2 16631.1 15641.8 15466.6 14875.1 13548.7 15180.8 13383.8 12631.1 11957.5 11438.4
threshold=8.4516775000000024 80.500000000000014 1593.2480000000003 0.0053458646616540983 0.31277443609023431 105.50000000000001 -0.024174378253326599 392.02500000000003 -0.024330827067670379 0.0014539097744360738 3.691881887909306 0.0036954887218030737 553.02825000000018 0.84390225563908716 0.0019248120300691637 0.033778691508088793 552.27625000000023 -0.27491695146958256 40.500000000000007 -0.19002631578947204 -0.0011014285714285726 0.001902255639098066 -0.0056090225563909446 8.4416250000000019 554.23275000000024 0.29307571547104194 0.010601503759398421 -0.017195488721805579 0.030211752679990031 8136.4944166666673
decision_type=2 2 2 2 2 2 2 2 2 2 2 2 2 2 2 2 2 2 2 2 2 2 2 2 2 2 2 2 2 2
left_child=1 18 5 4 8 12 22 -5 15 17 14 20 -2 16 26 -3 -8 -10 -1 -12 -7 -19 -4 -21 25 -23 28 -11 -9 -6
right_child=2 3 6 7 29 11 13 10 9 27 19 -13 -14 -15 -16 -17 -18 21 -20 23 -22 24 -24 -25 -26 -27 -28 -29 -30 -31
leaf_value=0.36760703403802614 -0.21779719109582427 -0.021874691646598995 -0.76699332403602882 0.3002008171515031 0.3062178728977839 -0.44462403209932216 -0.60160609977080093 0.37687769742044686 -0.41110087394714356 -0.49081429354522538 -0.6550654761530772 0.07947921009862241 0.31024444763253373 -0.69768669106239489 -0.4103822880541837 -0.57311132360387729 -0.32546780695023775 0.28917769741201033 0.2648286217513296 -0.16355568052307431 -0.191273299714706 0.18951899121560664 -0.58704997687808003 -0.41328706258689091 0.33843041699340465 -0.01959401204733045 -0.4393669523501938 -0.010287075699926112 -0.051051477726661791 -0.24958264759929552
leaf_weight=3147 100 228 937 142 35 641 302 145 42 68 118 130 245 257 80 80 851 1355 3104 564 370 823 843 348 284 503 32 172 98 475
leaf_count=3147 100 228 937 142 35 641 302 145 42 68 118 130 245 257 80 80 851 1355 3104 564 370 823 843 348 284 503 32 172 98 475
internal_value=-0.000833019 0.180042 -0.458879 0.0273366 0.10387 -0.196151 -0.581165 -0.176335 0.149075 0.179046 -0.225374 -0.302977 0.157002 -0.453287 0.00626397 -0.166444 -0.398254 0.205182 0.316622 -0.30514 -0.352185 0.214048 -0.68215 -0.259196 0.150677 0.11024 0.128518 -0.147908 0.204795 -0.210915
internal_weight=16519 11843 4676 5592 4065 1486 3190 1527 3555 3247 1385 1141 345 1410 355 308 1153 3007 6251 1030 1011 2965 1780 912 1610 1326 275 240 243 510
internal_count=16519 11843 4676 5592 4065 1486 3190 1527 3555 3247 1385 1141 345 1410 355 308 1153 3007 6251 1030 1011 2965 1780 912 1610 1326 275 240 243 510
is_linear=0
shrinkage=0.03


Tree=41
num_leaves=31
num_cat=0
split_feature=42 0 6 12 24 0 54 16 20 4 8 56 14 32 32 6 12 0 38 48 18 40 55 32 42 24 20 24 20 20
split_gain=1.40487e+06 281081 144395 97029.6 72909.4 51935.2 47520.5 38707.8 37948.8 29317.1 23510.1 21686.1 21341.5 21110.2 17243.6 16179 15684.7 15677.3 15488.9 14763.1 15851.5 13917.5 13582.6 12248.6 12154.6 11935 11738.4 12636.2 11443.7 10318.6
threshold=8.4523600000000005 79.500000000000014 1593.4020000000003 0.17707894736842442 0.34216541353386259 103.50000000000001 23.301110000000005 -0.019300751879700581 0.00063909774436493691 0.0021879699248108526 0.043578947368419295 -0.0022933082706767037 553.02825000000018 -0.016075187969924975 -0.0058533834586466339 1595.7392500000003 0.27086090225564052 38.500000000000007 8141.7312500000007 -0.0097891788294265057 2388.0807417582423 0.21775939849624773 0.048204928917815811 -0.010849624060150337 8.4188550000000024 -0.10583834586465095 0.0011203007518812448 0.38636842105264252 0.0006165413533813594 0.0024586466165418528
decision_type=2 2 2 2 2 2 2 2 2 2 2 2 2 2 2 2 2 2 2 2 2 2 2 2 2 2 2 2 2 2
left_child=1 17 5 4 8 12 10 16 -3 29 28 23 -2 -8 19 -9 -4 -1 25 -11 -21 -6 -12 -7 -20 -15 27 -13 -5 -10
right_child=2 3 7 6 21 11 13 15 9 14 22 26 -14 18 -16 -17 -18 -19 24 20 -22 -23 -24 -25 -26 -27 -28 -29 -30 -31
leaf_value=0.36083094769215834 -0.2305197148431431 0.24820006150679161 -0.54495348052305681 0.10443225119262933 0.014164071501213677 -0.56029047900416806 -0.25110307204076404 -0.30014480540819932 0.24201426985105645 0.11295837510283252 -0.088167382713995476 0.025348144685752871 0.33221747722856848 -0.17622033849114277 0.089466086004432996 -0.5377137390095007 -0.71839447030020842 0.26450868134431077 0.10399025646585915 -0.091682345968852108 -0.47588872848637398 -0.2915436661978052 -0.52730444345255978 -0.24837385836194775 -0.2172627062051832 0.28822142001147305 -0.33112328455803242 -0.36037192099942611 -0.28135498205336129 -0.15244814632543877
leaf_weight=2935 87 1858 814 119 195 311 280 511 568 118 75 288 195 60 367 532 1186 3199 198 210 179 427 425 182 226 276 281 103 163 66
leaf_count=2935 87 1858 814 119 195 311 280 511 568 118 75 288 195 60 367 532 1186 3199 198 210 179 427 425 182 226 276 281 103 163 66
internal_value=-0.00103868 0.169028 -0.453376 0.0194825 0.102344 -0.206467 -0.161843 -0.570679 0.157486 0.045628 -0.338369 -0.294848 0.158406 -0.0289113 -0.0670164 -0.42172 -0.648112 0.310648 0.0531712 -0.180242 -0.269243 -0.195834 -0.461741 -0.445877 -0.0673519 0.205009 -0.183551 -0.0769211 -0.118764 0.200775
internal_weight=16434 11944 4490 5810 3988 1447 1822 3043 3366 1508 782 1165 282 1040 874 1043 2000 6134 760 507 389 622 500 493 424 336 672 391 282 634
internal_count=16434 11944 4490 5810 3988 1447 1822 3043 3366 1508 782 1165 282 1040 874 1043 2000 6134 760 507 389 622 500 493 424 336 672 391 282 634
is_linear=0
shrinkage=0.03


Tree=42
num_leaves=31
num_cat=0
split_feature=42 0 2 24 20 0 16 9 32 40 40 32 2 24 4 30 4 32 0 44 15 44 15 48 34 8 0 42 16 2
split_gain=1.39535e+06 254657 135261 83864 76774.4 63332.1 49950.8 36933 32693.8 31980.8 26259.5 24594.3 21470.4 18004 17728.7 17824.6 16109.6 15521.3 14696.3 14574.7 13603.2 13416.8 12463.1 11927.3 12047.4 11586.8 10544 10408.7 10153.6 9777.89
threshold=8.4519775000000035 79.500000000000014 642.92225000000019 0.34216541353386259 0.0013383458646626597 103.50000000000001 0.00045864661653879934 1421.8750000000002 -0.010714285714282014 -0.1450563909774352 0.21775939849624773 0.0058270676691708819 642.45475000000022 1.1923947368420824 0.010360902255640446 521.08275000000015 0.016330827067668984 -0.023466165413535012 47.500000000000007 4.4812030075181038e-05 0.490563324134971 0.00032699248120299939 0.5177418372202266 0.056005823381984378 2388.1421111111122 0.15528195488721472 225.50000000000003 8.497197500000004 -0.016578947368421273 642.62612500000012
decision_type=2 2 2 2 2 2 2 2 2 2 2 2 2 2 2 2 2 2 2 2 2 2 2 2 2 2 2 2 2 2
left_child=1 18 5 4 8 20 9 13 16 -6 29 14 -11 17 15 -7 25 -4 -1 -14 -2 -10 -23 24 -20 -3 -17 -9 -16 -5
right_child=2 3 7 10 6 11 -8 27 21 12 -12 -13 19 -15 28 26 -18 -19 23 -21 -22 22 -24 -25 -26 -27 -28 -29 -30 -31
leaf_value=0.33942902934620806 0.27728495790312685 0.14116358153318681 -0.54618780001004541 0.16642540254875232 -0.51112023029354925 -0.030398250508065126 0.22594232428246797 -0.59943677813170915 0.28764544130010261 0.10595110303072992 -0.31741906491408539 0.2157527454971121 0.028963258136034502 -0.71377433387326517 -0.61543229407123223 -0.42967559115471021 -0.19850733474092191 -0.34374094843599456 0.27559351235112445 -0.33249316297512121 -0.38046196438372132 0.15708497009857958 -0.45492954138786557 0.02676317669164676 -0.17136777813945497 -0.089365383192708481 0.14086355447769164 -0.76721390287603264 -0.33343998182408446 -0.20138420322963169
leaf_weight=3726 251 741 539 170 252 244 292 1003 1224 250 734 77 138 212 232 284 228 955 2224 366 31 926 30 207 55 266 32 532 237 104
leaf_count=3726 251 741 539 170 252 244 292 1003 1224 250 734 77 138 212 232 284 228 955 2224 366 31 926 30 207 55 266 32 532 237 104
internal_value=-0.00282659 0.168679 -0.444888 0.0242569 0.0773839 -0.196891 -0.118951 -0.551003 0.152021 -0.219184 -0.223974 -0.299171 -0.121067 -0.45436 -0.337875 -0.223274 0.0286607 -0.417095 0.301661 -0.233662 0.203891 0.221862 0.137424 0.24494 0.264736 0.0802409 -0.371637 -0.658047 -0.473946 0.0265942
internal_weight=16562 11933 4629 5721 4713 1388 1298 3241 3415 1006 1008 1106 754 1706 1029 560 1235 1494 6212 504 282 2180 956 2486 2279 1007 316 1535 469 274
internal_count=16562 11933 4629 5721 4713 1388 1298 3241 3415 1006 1008 1106 754 1706 1029 560 1235 1494 6212 504 282 2180 956 2486 2279 1007 316 1535 469 274
is_linear=0
shrinkage=0.03


Tree=43
num_leaves=31
num_cat=0
split_feature=42 0 2 44 0 40 36 28 16 32 32 36 12 28 26 48 8 37 4 0 18 36 24 32 15 38 50 56 40 14
split_gain=1.27114e+06 230563 148421 85176.6 74281 55034.2 41102 40138.3 33442 27342.3 25903.4 22644.4 21664.6 19863.4 18728.9 18394.1 18058.5 16853.9 16166.8 15817.4 14544.2 14327 13189.4 12961.4 12532.6 11882.6 11464.6 11351.9 11290.3 10786.7
threshold=8.4514025000000021 82.500000000000014 642.92225000000019 0.00084003759398493933 103.50000000000001 0.34676219961668858 0.0020902255639046259 0.0094812030075188663 -0.022571428571427996 -0.024921052631578289 0.0058270676691708819 0.0026390977443622636 0.17469172932331065 -0.0014736842105263217 47.829750000000011 0.021240601503759404 0.059620300751880531 8170.6200000000017 0.0026165413533842424 39.500000000000007 2388.1091608391612 8.2706766913456952e-05 0.34216541353386259 -0.003293233082707746 0.490563324134971 8152.0775000000003 38.85025000000001 0.0013640225563909803 -0.11924436090226334 553.96408333333341
decision_type=2 2 2 2 2 2 2 2 2 2 2 2 2 2 2 2 2 2 2 2 2 2 2 2 2 2 2 2 2 2
left_child=1 19 4 5 24 6 9 14 26 16 11 20 22 -8 17 18 -3 -4 -11 -1 -6 -14 -10 -17 -2 28 -5 -22 -21 -15
right_child=2 3 7 8 10 -7 13 -9 12 15 -12 -13 21 29 -16 23 -18 -19 -20 25 27 -23 -24 -25 -26 -27 -28 -29 -30 -31
leaf_value=0.33866082356671012 0.2927454404669293 0.14234338692101567 -0.29862179148160301 -0.55268916515712163 -0.42073337691116935 -0.23872099078103556 0.38462217835219281 -0.65380670017408393 0.077346835109561224 0.35861792202613568 0.1946320216031745 -0.6137568346170279 0.042878655242068422 -0.31249943688794274 -0.55314405782191778 0.022064518248620019 -0.38700744392304887 -0.58536985949755216 0.17074975088238714 0.10680134177686425 -0.21782023464235051 -0.36552744102816914 -0.23599327985197305 0.22754892721409253 -0.3338126280158758 -0.31592344631605285 -0.22874684653779925 0.17776880756020547 0.27133048942591698 0.053220607295180807
leaf_weight=3059 294 109 878 212 315 391 56 1356 590 831 95 194 104 276 769 659 122 235 824 435 514 298 151 475 31 33 187 74 2822 98
leaf_count=3059 294 109 878 212 315 391 56 1356 590 831 95 194 104 276 769 659 122 235 824 435 514 298 151 475 31 33 187 74 2822 98
internal_value=-0.000682425 0.167019 -0.414401 0.0225752 -0.169378 0.0981837 0.136424 -0.529105 -0.165701 0.175495 -0.278956 -0.320108 -0.0829978 -0.13775 -0.438957 0.201475 -0.13769 -0.359637 0.265241 0.289463 -0.256412 -0.260026 0.0132628 0.108261 0.232141 0.243631 -0.401818 -0.167818 0.249396 -0.216783
internal_weight=16487 11732 4755 5383 1517 3841 3450 3238 1542 3020 1192 1097 1143 430 1882 2789 231 1113 1655 6349 903 402 741 1134 325 3290 399 588 3257 374
internal_count=16487 11732 4755 5383 1517 3841 3450 3238 1542 3020 1192 1097 1143 430 1882 2789 231 1113 1655 6349 903 402 741 1134 325 3290 399 588 3257 374
is_linear=0
shrinkage=0.03


Tree=44
num_leaves=31
num_cat=0
split_feature=2 0 6 39 36 44 44 54 0 56 0 28 26 8 15 23 36 23 50 15 55 22 34 31 6 54 15 4 24 10
split_gain=1.18179e+06 252703 105955 83036.3 63624.5 45018.8 34621.4 29803.7 28384.9 27164.3 21986.6 21715.5 19453.5 18881.1 18591.6 18424.5 18199 17943.3 16361.6 17590.4 15959.6 15697.4 29784.3 22567.4 14919.2 32617.1 14788.2 14089 13689.3 13131.8
threshold=642.82332894736862 91.500000000000014 1593.5012500000003 4.2634984137395424 0.0020902255639046259 0.0003608270676691668 0.0013130075187970053 23.310412500000005 47.500000000000007 0.0003328947368421148 66.500000000000014 0.0035037593984961718 47.888750000000009 0.097537593984963797 0.42464735369416357 3.7948530098685942 0.0020375939849605535 4.403039958347847 38.981125000000013 0.46490482896262614 0.044717494335033289 9059.0244722222251 2388.0810555555563 0.28401738497798973 1588.0137500000003 23.359805000000005 0.39961825533876799 -0.0090751879699245488 0.96930827067671599 1408.433416666667
decision_type=2 2 2 2 2 2 2 2 2 2 2 2 2 2 2 2 2 2 2 2 2 2 2 2 2 2 2 2 2 2
left_child=1 10 8 4 5 13 12 14 -2 16 -1 -6 28 -3 15 29 20 21 19 -19 -10 -12 24 -24 25 -23 -9 -15 -4 -7
right_child=2 3 6 -5 11 7 -8 26 9 -11 17 -13 -14 27 -16 -17 -18 18 -20 -21 -22 22 23 -25 -26 -27 -28 -29 -30 -31
leaf_value=0.29856625154043426 0.423882339385248 0.24277261784752108 -0.32206228056030584 -0.39848493842728783 -0.040148401460082257 -0.19918000653899948 -0.64383940946316642 0.1801125935301548 0.24723760746293147 0.045393581655126788 0.31980630041189906 -0.38108060250369985 -0.59024164764360443 0.39599995643227964 -0.3606001723874756 -0.18228034417719755 -0.51819724324322836 -0.23751295034906694 0.2847423442227896 0.35541831550853592 -0.2669714010682237 -0.3766837344964345 0.16703010612879604 -0.56351795813132977 0.4643161294555771 0.27465838785171509 -0.043467998630039292 -0.0045870411988601905 -0.58503741270303722 0.34250301219578971
leaf_weight=5210 61 1285 993 452 290 57 1264 573 58 252 787 400 521 90 281 383 261 230 128 55 717 89 67 86 166 299 496 600 219 132
leaf_count=5210 61 1285 993 452 290 57 1264 573 58 252 787 400 521 90 281 383 261 230 128 55 717 89 67 86 166 299 496 600 219 132
internal_value=-0.000239728 0.151563 -0.424776 -0.0109978 0.0272635 0.0742897 -0.52415 -0.0290709 -0.203778 -0.23381 0.266644 -0.238056 -0.436531 0.17484 -0.161223 -0.0628188 -0.301703 0.179322 0.00427463 -0.122245 -0.22822 0.227676 0.124815 -0.244598 0.227093 0.124668 0.0764309 0.0481609 -0.370023 0.17895
internal_weight=16502 12156 4346 5039 4587 3897 2997 1922 1349 1288 7117 690 1733 1975 853 572 1036 1907 413 285 775 1494 707 153 554 388 1069 690 1212 189
internal_count=16502 12156 4346 5039 4587 3897 2997 1922 1349 1288 7117 690 1733 1975 853 572 1036 1907 413 285 775 1494 707 153 554 388 1069 690 1212 189
is_linear=0
shrinkage=0.03


Tree=45
num_leaves=31
num_cat=0
split_feature=42 0 6 28 46 0 24 32 32 23 44 36 36 36 14 39 32 26 24 34 56 32 0 56 16 46 51 32 16 55
split_gain=1.09805e+06 222728 114977 88247.6 47905.7 47666.8 44502.6 36483.9 36212.6 29756 23984.7 22581.9 22259.6 21764.5 20984.1 20797.6 20111.5 19411.9 17208.6 15188.8 13551.3 12812.2 12650.6 12474.2 10934.7 10201.5 10146.7 9915.21 9841.97 10546.6
threshold=8.4519775000000035 78.500000000000014 1593.3177500000004 0.0034511278195489127 392.02500000000003 101.50000000000001 0.32496240601501425 -0.023466165413535012 -0.021451127819548162 3.5440100874364311 0.0014539097744360738 0.0017443609022547368 0.0022932330826978434 0.00016541353383426509 553.02825000000018 6.1632072606647919 -0.022684210526314686 47.948250000000009 0.57595864661656582 2388.1078362573103 -0.0020861278195489327 0.005609022556391347 36.500000000000007 -0.00017860902255638071 -0.0372406015037604 393.54772727272734 0.10369848114084682 0.013586466165412975 -0.0014285714285690177 0.059825203297573751
decision_type=2 2 2 2 2 2 2 2 2 2 2 2 2 2 2 2 2 2 2 2 2 2 2 2 2 2 2 2 2 2
left_child=1 22 5 6 -5 14 10 -4 -6 28 13 18 19 -3 -2 17 -15 -9 24 -7 -18 23 -1 -21 -11 -24 -22 -26 -10 -30
right_child=2 3 7 4 8 12 -8 15 9 11 -12 -13 -14 16 -16 -17 20 -19 -20 21 26 -23 25 -25 27 -27 -28 -29 29 -31
leaf_value=0.32176287668344206 -0.23441132068634032 0.29251583454844293 -0.61279737660299194 0.24416838583452946 -0.39297553208861047 -0.40389486705511807 -0.12879792550174082 -0.31005204491064925 0.027701701987072946 -0.44986349896380773 -0.15322501654451215 -0.38826376490720677 -0.51629035135502865 -0.1734388365490096 0.31295060357739846 -0.63594897823529029 0.021548317254086336 -0.63360140664236886 -0.3922672817081797 -0.26957144758130597 0.29158692612119891 0.19559678537305444 0.24165683821026571 0.028502306104561344 -0.040920165441040567 -0.17538712925381131 0.078887613820054395 0.49755016911774874 0.56193922081589698 -0.015957954704761503
leaf_weight=2834 88 1073 1434 289 491 239 556 1180 241 56 198 314 252 188 216 292 449 195 152 411 622 95 3206 182 805 53 300 31 79 44
leaf_count=2834 88 1073 1434 289 491 239 556 1180 241 56 198 314 252 188 216 292 449 195 152 411 622 95 3206 182 805 53 300 31 79 44
internal_value=-0.00291435 0.148168 -0.397739 0.016579 -0.118504 -0.180309 0.116401 -0.501629 -0.165955 -0.101034 0.164603 -0.165579 -0.266633 0.188562 0.154255 -0.40569 0.116872 -0.356364 -0.0982958 -0.198281 0.156779 -0.126372 0.275307 -0.178194 -0.0478189 0.234823 0.222539 -0.0203824 0.139564 0.35675
internal_weight=16565 11981 4584 5888 2502 1483 3386 3101 2213 1722 2830 1358 1179 2632 304 1667 1559 1375 1044 927 1371 688 6093 593 892 3259 922 836 364 123
internal_count=16565 11981 4584 5888 2502 1483 3386 3101 2213 1722 2830 1358 1179 2632 304 1667 1559 1375 1044 927 1371 688 6093 593 892 3259 922 836 364 123
is_linear=0
shrinkage=0.03


Tree=46
num_leaves=31
num_cat=0
split_feature=2 0 28 6 24 8 16 54 20 15 4 0 36 48 32 32 22 0 38 4 6 0 50 0 28 20 50 20 38 22
split_gain=1.05888e+06 236230 84188.2 81117.9 49296.8 41842.4 41426.5 33299 33041 28470.9 28188.5 20538 19236.8 18168.2 17281.5 16849.1 16303.5 14580.9 15032.5 13220.3 13185.8 13104.2 12534.4 11971.4 12107.8 11454.9 11127 10578.6 10504.8 21868.3
threshold=642.83775000000026 85.500000000000014 0.0055789473684210089 1595.7392500000003 0.44243609022555069 0.059620300751880531 -0.003498120300754888 23.351115000000004 0.00063157894736340185 0.35844717183948466 0.0059210526315790759 147.50000000000003 0.0017063246351094661 -0.03126934984520123 -0.022684210526314686 -0.015263157894737192 9046.0445000000018 39.500000000000007 8152.0775000000003 0.0068045112781950712 1598.5920000000003 73.500000000000014 38.810527777777786 162.50000000000003 0.00027170198222852086 -0.00018796992481254291 38.868090909090917 0.003263157894731823 8141.2480000000005 9063.4366666666701
decision_type=2 2 2 2 2 2 2 2 2 2 2 2 2 2 2 2 2 2 2 2 2 2 2 2 2 2 2 2 2 2
left_child=1 17 4 6 7 14 10 8 -3 11 -2 -10 19 -11 -4 -12 -15 -1 -19 -7 27 -8 -13 24 -18 -21 -25 -5 -9 -30
right_child=3 2 5 20 -6 12 21 28 9 13 15 22 -14 16 -16 -17 23 18 -20 25 -22 -23 -24 26 -26 -27 -28 -29 29 -31
leaf_value=0.30866934317081862 -0.20546067901285198 0.14832928659918115 -0.38011299145798527 -0.45922523644811886 -0.2354686380891822 -0.069215051227976485 0.4119278765697868 0.3339130869919904 -0.027640474820202522 0.24652168605082175 -0.54790776859263512 -0.097334279977561278 -0.50564146141666888 0.21028191493339327 0.062958394823996261 -0.31463148183114442 -0.13718406216851595 0.22564263498250259 -0.38324017928258791 0.029960801187774232 -0.68221025890403697 -0.10426107604957484 0.54303823805263929 -0.20679903346344938 -0.45010695784299998 -0.44046663277560755 0.29739034110680224 -0.66849787503480917 -0.13422834230342082 0.25689805214552847
leaf_weight=3056 666 1290 92 992 432 282 48 526 272 84 675 35 326 72 534 484 173 3589 36 57 571 458 123 132 317 251 55 287 174 487
leaf_count=3056 666 1290 92 992 432 282 48 526 272 84 675 35 326 72 534 484 173 3589 36 57 571 458 123 132 317 251 55 287 174 487
internal_value=-4.3299e-05 0.139217 -0.00240407 -0.412831 0.0676063 -0.191744 -0.294895 0.102667 0.0415938 -0.0674546 -0.361459 0.130596 -0.320821 -0.169724 -0.00265992 -0.450846 -0.216672 0.260323 0.219492 -0.218016 -0.56119 -0.0545786 0.401464 -0.262322 -0.34013 -0.353592 -0.057715 -0.50667 0.233879 0.153892
internal_weight=16576 12395 5714 4181 4172 1542 2331 3740 2553 1263 1825 430 916 833 626 1159 749 6681 3625 590 1850 506 158 677 490 308 187 1279 1187 661
internal_count=16576 12395 5714 4181 4172 1542 2331 3740 2553 1263 1825 430 916 833 626 1159 749 6681 3625 590 1850 506 158 677 490 308 187 1279 1187 661
is_linear=0
shrinkage=0.03


Tree=47
num_leaves=31
num_cat=0
split_feature=46 2 22 29 28 32 38 20 28 22 4 50 20 14 38 26 24 20 35 26 4 10 8 48 10 32 23 32 19 22
split_gain=1.00734e+06 122287 92849.2 61099.6 42768 42774.9 41168.9 42145.8 34231.2 24326.1 23073 17128 17056.5 16942.5 19886.2 15294.2 15520.4 13995.4 15044.6 13124.1 11970.1 11603.1 11183.3 11019.6 10673 10824 10507.4 10411.3 9712.53 9356.06
threshold=393.54772727272734 642.92225000000019 9073.4602500000019 521.59500000000014 0.00092481203007520709 -0.020548872180450942 8152.0775000000003 0.0011052631578968091 0.010119674185463376 9060.464750000001 0.0027481203007515176 38.894557692307707 -0.00063909774435844037 554.23275000000024 8140.558500000001 47.922750000000008 1.0716353383458694 0.00063909774436493691 0.031507935508335382 47.63418750000001 -0.0067932330827072127 1409.1342500000003 0.12366917293233017 0.054340396445659613 1407.8205000000003 -0.007951127819547708 4.7826318066709694 -1.0000000180025095e-35 0.031240998703644787 9062.9232500000016
decision_type=2 2 2 2 2 2 2 2 2 2 2 2 2 2 2 2 2 2 2 2 2 2 2 2 2 2 2 2 2 2
left_child=2 6 3 4 19 12 7 26 15 17 -9 -4 -6 14 28 16 -3 -7 22 29 -14 23 -19 -11 25 -16 27 -2 -5 -1
right_child=1 8 11 13 5 9 -8 10 -10 21 -12 -13 20 -15 24 -17 -18 18 -20 -21 -22 -23 -24 -25 -26 -27 -28 -29 -30 -31
leaf_value=0.2442014503389747 0.054263263509727953 -0.31303193882735231 -0.29370029390605484 0.29171671505362229 0.20848332478966511 0.22600926374163166 -0.41741626904186802 -0.019417212521284821 -0.59464110584404384 0.05488972119827213 -0.43641285072202268 -0.0075885478443050956 0.081707081163630763 0.28614672117242557 0.030674364388732892 -0.56416332814359904 -0.57631755130560325 0.24207986353225877 -0.15729643837460855 -0.1382418824404478 -0.34871913807923499 -0.29702262878164948 -0.11423050771219603 -0.38005162751332661 -0.19176523930108058 0.18930166620398234 -0.17810079901168743 0.32619356450183612 0.16003240771062255 0.035626219646135965
leaf_weight=1441 382 1360 436 1500 70 752 385 199 1258 372 298 331 67 2672 615 385 238 292 232 99 423 172 108 60 97 1046 107 189 766 224
leaf_count=1441 382 1360 436 1500 70 752 385 199 1258 372 298 331 67 2672 615 385 238 292 232 99 423 172 108 60 97 1046 107 189 766 224
internal_value=-0.000753941 -0.366965 0.148579 0.170818 0.0827152 0.00408806 -0.148603 -0.0602433 -0.471992 0.0693409 -0.269821 -0.170399 -0.22727 0.227532 0.18855 -0.393923 -0.352581 0.138638 0.0344837 0.196221 -0.289818 -0.0894119 0.145831 -0.00625701 0.112735 0.130622 0.0935563 0.144685 0.247292 0.216179
internal_weight=16576 4801 11775 11008 4312 2548 1560 1175 3241 1988 497 767 560 6696 4024 1983 1598 1384 632 1764 490 604 400 432 1758 1661 678 571 2266 1665
internal_count=16576 4801 11775 11008 4312 2548 1560 1175 3241 1988 497 767 560 6696 4024 1983 1598 1384 632 1764 490 604 400 432 1758 1661 678 571 2266 1665
is_linear=0
shrinkage=0.03


Tree=48
num_leaves=31
num_cat=0
split_feature=42 0 12 28 24 2 52 28 14 16 0 54 16 0 4 0 23 4 32 51 36 12 0 12 0 32 6 10 14 23
split_gain=926952 172560 97537.5 66173.9 45151.7 44568.9 36734.7 30796.6 30217.9 29837.2 26542.8 26321.1 19133.5 16092.8 15647.9 15290.8 14637.1 14284.2 14124.5 13064.4 11926.9 11880.1 11299.5 11143.8 11046 10555.3 10964.9 9395.53 11412.7 9090.23
threshold=8.4516775000000024 79.500000000000014 0.22071804511278117 0.0055789473684210089 0.37113909774433956 642.92225000000019 -0.00067669172932328036 0.0075300751879699363 554.09025000000008 -0.0012518796992475371 101.50000000000001 23.356777500000003 -0.027541353383459578 107.50000000000001 0.012725563909773892 155.50000000000003 3.691881887909306 0.018255639097744514 0.005609022556391347 0.093662959594494818 0.00016541353383426509 0.14429699248120054 178.50000000000003 0.12647744360902122 50.500000000000007 -0.02078571428571448 1587.4887500000002 1399.7070000000001 554.10025000000007 4.0303931252899732
decision_type=2 2 2 2 2 2 2 2 2 2 2 2 2 2 2 2 2 2 2 2 2 2 2 2 2 2 2 2 2 2
left_child=1 24 5 4 6 10 11 13 9 14 -2 12 -3 -4 21 17 -11 19 22 25 -8 -5 -12 -22 -1 -14 -27 -26 -29 -17
right_child=2 3 7 8 -6 -7 20 -9 -10 16 18 -13 15 -15 -16 29 -18 -19 -20 -21 23 -23 -24 -25 27 26 -28 28 -30 -31
leaf_value=0.28312718212154764 0.21354689151048659 -0.30288230386288728 0.11481652862712985 -0.063544028453136753 -0.17084777301113385 -0.33615539280878609 0.31829648385572057 -0.58093999490530768 0.19199347515501569 0.31579212803626433 -0.26907710620802977 0.19791509331783322 -0.28258228896016424 -0.39157551600409379 -0.4682853485480431 0.35476726148488386 -0.1030325078036587 -0.36782063412463123 0.23432466038943905 -0.092090517588972728 0.22809437981084352 -0.3286708561066074 0.019387517163724253 0.0062822198254220626 0.29825007466046233 -0.27895293581485747 0.2911181579940334 0.19079093819244408 -0.050493237008847815 0.011208763406762192
leaf_weight=3834 233 203 60 284 552 1250 714 1455 198 111 495 634 43 864 309 158 227 109 75 558 614 328 162 305 622 34 237 1421 201 123
leaf_count=3834 233 203 60 284 552 1250 714 1455 198 111 495 634 43 864 309 158 227 109 75 558 614 328 162 305 622 34 237 1421 201 123
internal_value=0.000177212 0.140738 -0.361395 0.0227817 0.0821797 -0.217985 0.119641 -0.494772 -0.151802 -0.205979 -0.0647241 0.0365887 -0.033315 -0.358604 -0.294372 0.0102519 0.0350363 -0.0456718 -0.15347 -0.00502801 0.226305 -0.205943 -0.198027 0.154566 0.252132 0.149489 0.218834 0.199071 0.160878 0.204957
internal_weight=16413 11819 4594 5741 4284 2215 3732 2379 1457 1259 965 2099 1465 924 921 1262 338 981 732 872 1633 612 657 919 6078 314 271 2244 1622 281
internal_count=16413 11819 4594 5741 4284 2215 3732 2379 1457 1259 965 2099 1465 924 921 1262 338 981 732 872 1633 612 657 919 6078 314 271 2244 1622 281
is_linear=0
shrinkage=0.03


Tree=49
num_leaves=31
num_cat=0
split_feature=42 0 32 14 16 24 56 32 2 4 40 38 43 0 44 11 4 19 34 18 0 44 4 38 50 51 11 7 34 0
split_gain=862124 192574 79502.9 75951.7 56203.1 46027.7 34750.4 34182.6 30444.8 29604.2 24707.1 20436.6 20039.9 19642.8 19313.6 15294.6 14405.3 14030 18651.5 21402.9 13550.6 13249.5 13168.4 12723.9 11448 10986.6 10697.6 11224.3 10624.5 17607.1
threshold=8.4539380882352955 78.500000000000014 -0.011503759398495478 554.12825000000009 -0.02564661654135433 0.57595864661656582 -0.0015297681704261592 -0.024921052631578289 642.96176923076939 -0.0075639097744349794 -0.25549624060151599 8142.1080000000011 0.019473714966026238 107.50000000000001 0.00087424812030075666 3.2850781378941671 0.023368421052631743 0.033689761055866012 2388.0490454545461 2388.0770714285723 164.50000000000003 0.00069868421052632172 0.00096240601503701803 8153.442 38.710250000000009 0.093493315269060989 3.2548000514620408 4.8129378732951045 2388.1445576923084 55.500000000000007
decision_type=2 2 2 2 2 2 2 2 2 2 2 2 2 2 2 2 2 2 2 2 2 2 2 2 2 2 2 2 2 2
left_child=1 28 6 4 14 7 21 -6 13 -9 -11 16 20 -4 22 -14 17 18 -12 -20 -13 -2 -3 -5 -8 -19 -21 -28 -1 -30
right_child=2 3 8 23 5 -7 24 9 -10 10 11 12 15 -15 -16 -17 -18 25 19 26 -22 -23 -24 -25 -26 -27 27 -29 29 -31
leaf_value=0.25084861179098711 -0.40100443129936814 0.044058001550475942 0.25630164032632652 0.27055424511853798 -0.23613123446345327 -0.34584139689512844 -0.37534041266222579 0.27590747298866519 -0.31631822795849462 -0.50189272611946256 -0.1964485147997089 -0.27814723657395102 0.47393842961018279 -0.12427907622010231 -0.43194376761700048 0.0047136276050963825 -0.25279370910870402 0.1634106736398134 0.40332053388797307 -0.15130832624596519 0.082565761728711967 -0.5671859312549713 -0.25324196381375508 -0.065250050205933413 -0.13672982354992189 -0.20458791251611577 0.13413898521667991 0.6086308513581753 0.34868208195033829 -0.5649058707136857
leaf_weight=6066 621 208 164 972 374 307 469 511 662 76 114 398 71 468 340 475 94 121 345 110 122 1521 375 113 297 181 716 47 37 37
leaf_count=6066 621 208 164 972 374 307 469 511 662 76 114 398 71 468 340 475 94 121 345 110 122 1521 375 113 297 181 716 47 37 37
internal_value=0.000485478 0.128042 -0.370105 0.00820943 -0.0413099 0.00672714 -0.457146 0.0356367 -0.174298 0.0657601 0.0282606 0.0428558 -0.0604104 -0.0252719 -0.252493 0.0664849 0.106559 0.127373 0.169208 0.203565 -0.193522 -0.519217 -0.147279 0.235553 -0.283123 -0.0570921 0.124253 0.164126 0.246488 -0.109553
internal_weight=16412 12210 4202 6070 4985 4062 2908 3755 1294 3381 2870 2794 1066 632 923 546 1728 1634 1332 1218 520 2142 583 1085 766 302 873 763 6140 74
internal_count=16412 12210 4202 6070 4985 4062 2908 3755 1294 3381 2870 2794 1066 632 923 546 1728 1634 1332 1218 520 2142 583 1085 766 302 873 763 6140 74
is_linear=0
shrinkage=0.03


Tree=50
num_leaves=31
num_cat=0
split_feature=2 0 41 2 12 40 16 28 40 40 36 52 20 23 52 12 36 14 55 0 40 24 20 38 22 7 4 20 34 16
split_gain=826942 198016 74051 63520.6 53097.1 28117 27439.5 26629 26390.4 22673.5 20068.4 18029.7 17251.4 16300.5 14429.7 14385.8 14287.7 13406.3 12370.2 11812.8 11655.7 11654.8 11288 10684.5 10170.9 15984.9 10117.3 9875.45 9801.07 9740.29
threshold=642.84275000000014 82.500000000000014 8.4347500000000011 643.08475000000033 0.26106801093643556 0.25398872180450333 -0.02815789473684218 0.0034511278195489127 -0.27491695146958256 0.45236466165413847 0.00073684210526129114 -0.002706766917293111 0.0029022556390954474 3.6733590717885951 -0.0043533834586466117 0.18907518796992698 0.0016842105263135741 554.09025000000008 0.045300610620510752 44.500000000000007 -0.11924436090226334 0.23358270676692344 0.00098496240601704814 8151.2650000000021 9060.8592500000013 4.3941255528848737 0.0090854710305164066 0.00018045112781853 2388.108535714287 -0.0026090225563916388
decision_type=2 2 2 2 2 2 2 2 2 2 2 2 2 2 2 2 2 2 2 2 2 2 2 2 2 2 2 2 2 2
left_child=1 19 5 7 6 8 22 18 -3 12 -10 26 13 -8 -15 -5 27 -12 -2 -1 -21 -7 -4 -22 25 -16 -9 28 -6 -20
right_child=3 2 4 15 16 21 9 11 10 -11 17 -13 -14 14 24 -17 -18 -19 29 20 23 -23 -24 -25 -26 -27 -28 -29 -30 -31
leaf_value=0.27241721382375361 0.3268869469208377 -0.47684428381919858 -0.12425867104252415 -0.35040652410890233 -0.18411076688309116 0.14375470917264954 0.17703265181224501 -0.28323753659690831 0.23540612463380642 -0.32736080794483419 -0.019267085222318878 -0.18153566569789792 -0.45111274876961338 -0.1925985815719638 0.066157338113505756 -0.53827284881550219 -0.53727358899297928 0.20858446482652693 -0.21198061806889903 0.045501091618772964 0.22159869221303663 -0.20180763977228799 -0.46304192852162751 -0.34002938314205816 -0.05730513896938088 0.54432177032570583 -0.48629378333569306 -0.34208291726616713 0.38665767584700839 0.051831138375827243
leaf_weight=3493 55 59 188 497 100 118 585 372 1372 174 669 494 64 308 423 1496 229 355 452 425 2583 336 168 30 468 73 565 285 36 174
leaf_count=3493 55 59 188 497 100 118 585 372 1372 174 669 494 64 308 423 1496 229 355 452 425 2583 336 168 30 468 73 565 285 36 174
internal_value=-0.000584872 0.120392 -0.00387916 -0.370116 -0.105856 0.104827 -0.0418707 -0.255277 0.14493 -0.000442694 0.160434 -0.328736 0.0293238 0.0461155 -0.0141858 -0.491623 -0.346694 0.0598509 -0.100661 0.234734 0.191331 -0.111873 -0.284983 0.215023 0.0429579 0.137486 -0.406066 -0.242001 -0.0313055 -0.138687
internal_weight=16646 12541 6010 4105 3101 2909 2451 2112 2455 2095 2396 1431 1921 1857 1272 1993 650 1024 681 6531 3038 454 356 2613 964 496 937 421 136 626
internal_count=16646 12541 6010 4105 3101 2909 2451 2112 2455 2095 2396 1431 1921 1857 1272 1993 650 1024 681 6531 3038 454 356 2613 964 496 937 421 136 626
is_linear=0
shrinkage=0.03


Tree=51
num_leaves=31
num_cat=0
split_feature=42 0 12 32 0 40 40 44 46 16 10 16 8 36 40 35 18 4 4 15 19 26 15 22 52 24 52 26 6 30
split_gain=800359 142559 94626.5 62392.9 52397.1 50995.7 41807.3 35476.5 25452.3 21896.9 21422.6 20168.5 19172.9 16042.5 15141 13976.8 12299 12069.8 11600.8 11007.6 10738.1 10220.5 10094.4 9982.57 11031.7 9184.52 9122.5 9665.68 11671.7 11461.7
threshold=8.4514025000000021 77.500000000000014 0.27086090225564052 -0.0224661654135331 101.50000000000001 0.41397368421052433 -0.26484962406016227 0.00056383458646618707 394.47500000000008 -0.022571428571427996 1413.5060000000003 -0.0077067669172984892 0.081845864661655957 0.0020902255639046259 0.25398872180450333 0.033151168908457686 2388.0290454545461 0.0070526315789472376 0.012263157894737187 0.48377823678263659 0.027906092524734423 47.328723684210537 0.38363182219328595 9067.9655000000039 -0.0060150375939849506 0.060018796992474914 -0.00057894736842114311 47.479166666666679 1590.0830000000003 521.33359210526339
decision_type=2 2 2 2 2 2 2 2 2 2 2 2 2 2 2 2 2 2 2 2 2 2 2 2 2 2 2 2 2 2
left_child=1 -1 4 15 10 6 -5 13 12 21 19 -4 18 14 26 23 -17 20 -6 -2 -11 -9 -22 24 -3 -19 27 -8 29 -29
right_child=2 3 11 5 8 -7 7 9 -10 17 -12 -13 -14 -15 -16 16 -18 25 -20 -21 22 -23 -24 -25 -26 -27 -28 28 -30 -31
leaf_value=0.23657326236932208 0.31710099543418202 -0.41684429498819203 -0.52495492038291736 -0.49035532262590187 -0.0047509702889045654 -0.27244958646977041 0.23143124696969986 0.1511564555930506 -0.39341155731636618 0.25115685311178948 -0.37133693889516295 -0.2495862780053287 -0.29064059405890574 -0.032913279000383155 -0.0078566799632140555 0.15217555696314031 -0.46941293003106555 -0.24230811880771505 -0.25905421991832556 -0.2847971911968723 0.16609995836461031 -0.29398238036182844 -0.10938120302996772 -0.29827985908385168 0.063923644313083491 0.027725243652323345 0.28545747444175423 0.38623792503029108 0.17693512789826643 -0.23931595227138341
leaf_weight=5986 244 51 1693 107 531 370 749 55 863 339 60 282 829 311 293 32 242 171 231 30 242 279 235 189 246 332 1063 31 284 150
leaf_count=5986 244 51 1693 107 531 370 749 55 863 339 60 282 829 311 293 32 242 171 231 30 242 279 235 189 246 332 1063 31 284 150
internal_value=0.00110615 0.134014 -0.326924 0.0276117 -0.214255 0.0660376 0.0930761 0.10695 -0.262227 -0.00384108 0.137939 -0.485783 -0.190867 0.170496 0.195115 -0.2255 -0.396529 0.0511342 -0.0820814 0.250404 0.122328 -0.220449 0.0304358 -0.12846 -0.0197542 -0.064374 0.221225 0.164792 0.0571876 -0.130643
internal_weight=16520 11757 4763 5771 2788 5011 4641 4534 2454 1653 334 1975 1591 2881 2570 760 274 1319 762 274 816 334 477 486 297 503 2277 1214 465 181
internal_count=16520 11757 4763 5771 2788 5011 4641 4534 2454 1653 334 1975 1591 2881 2570 760 274 1319 762 274 816 334 477 486 297 503 2277 1214 465 181
is_linear=0
shrinkage=0.03


Tree=52
num_leaves=31
num_cat=0
split_feature=2 0 28 25 40 42 32 36 38 40 32 32 55 40 16 10 32 40 31 15 23 14 43 14 52 32 43 0 40 38
split_gain=732796 158246 70333.9 62107.3 43259.4 29548.1 28658.2 25815.2 21896.9 21600.2 20554 19061.7 16760.9 15429.6 14809.4 13197.9 11446.2 11303.8 10650 10519.5 13909.9 10291.9 13581.4 10956.1 10755.9 10006.9 9828.24 9736.16 9666.13 9493.85
threshold=642.83775000000026 78.500000000000014 0.0055789473684210089 47.815000000000005 0.29729323308270211 8.4367175000000021 -0.0099624060150380628 0.00070676691729327416 8149.4597500000009 -0.19559774436090632 -0.023466165413535012 0.009317337461299877 0.044717494335033289 -0.27491695146958256 -0.0026090225563916388 1423.2710000000004 -0.022221804511277983 -0.21760526315789708 0.27375148400653376 0.42464735369416357 3.2585585367915058 553.52341666666678 0.0228508506145359 553.32158333333348 -0.00035338345864655956 0.011755639097743886 0.024037913795833723 34.500000000000007 0.97565789473683229 8136.4142500000007
decision_type=2 2 2 2 2 2 2 2 2 2 2 2 2 2 2 2 2 2 2 2 2 2 2 2 2 2 2 2 2 2
left_child=1 27 4 8 6 9 7 17 12 -4 -5 19 18 -8 25 28 -9 -3 -2 20 -7 22 23 -15 -25 -14 -11 -1 -12 -6
right_child=3 2 5 10 29 11 13 16 -10 26 15 -13 14 21 -16 -17 -18 -19 -20 -21 -22 -23 -24 24 -26 -27 -28 -29 -30 -31
leaf_value=0.26700145796905445 0.59798509820302326 -0.39721332828203837 -0.46275308456757797 -0.51917349619116937 0.2251732840637366 0.3150750068976329 -0.48486789643764494 -0.28168636259199542 -0.35638229129973281 -0.0083359525924560363 -0.27117729638772564 0.32701537013053894 -0.24774471571750653 0.23336120726602516 0.037982922823147011 -0.59427262137102521 -0.035390162404985104 0.14719838654365772 -0.053609501278918725 -0.45283516671871993 -0.27911432152709631 0.22789343046955132 -0.1929338788217114 -0.16461487358031066 0.19847280882795651 0.30448980730868153 0.39356158375740052 0.19030251062125561 -0.51622498717801324 -0.19049406955907072
leaf_weight=2642 44 35 91 1309 53 38 31 263 528 627 925 42 706 481 261 171 477 761 45 327 408 1470 123 160 134 30 59 3457 173 607
leaf_count=2642 44 35 91 1309 53 38 31 263 528 627 925 42 706 481 261 171 477 761 45 327 408 1470 123 160 134 30 59 3457 173 607
internal_value=-0.00172399 0.115138 0.00823411 -0.344172 0.0677731 -0.163548 0.105474 0.00428354 -0.198048 -0.0310984 -0.435543 -0.28963 -0.120811 0.170234 -0.156077 -0.348936 -0.123187 0.122792 0.271592 -0.323514 -0.227897 0.179012 0.0988288 0.145323 0.00098588 -0.224853 0.0267521 0.223566 -0.310221 -0.156825
internal_weight=16478 12286 6187 4192 4595 1592 3935 1536 1614 777 2578 815 1086 2399 997 1269 740 796 89 773 446 2368 898 775 294 736 686 6099 1098 660
internal_count=16478 12286 6187 4192 4595 1592 3935 1536 1614 777 2578 815 1086 2399 997 1269 740 796 89 773 446 2368 898 775 294 736 686 6099 1098 660
is_linear=0
shrinkage=0.03


Tree=53
num_leaves=31
num_cat=0
split_feature=42 22 6 28 54 20 56 28 4 4 16 23 15 22 24 26 36 44 12 39 36 48 22 19 52 51 12 12 34 20
split_gain=700674 90073.5 83304 39716.4 40264.5 42484.3 28455.5 27288.9 25130.5 21051.2 17861 14384.5 14234.5 14075.7 13996.5 14856.1 13333.1 12872.7 11881.7 11807 10095.2 9955.86 9089.32 8777.27 8542.62 8495.68 8450.07 8151.51 7890.69 7627.51
threshold=8.4511025000000028 9074.3337500000016 1593.2480000000003 0.0014285714285715533 23.362522500000004 0.00052631578947252183 -1.0000000180025095e-35 0.010119674185463376 0.009669172932332078 0.0058007518796987173 0.00028195488721877176 3.8124532413499943 0.32753225012698994 9060.9505000000008 1.1249097744361041 47.922750000000008 -0.00093984962405604738 2.5902255639108833e-05 -0.039011278195486575 4.1896255166747505 0.0014135338345870614 0.034775750565224257 9063.8027500000007 0.026622359023964631 -0.0051015037593985244 0.089413365891236274 0.036368421052630308 -0.075462406015035358 2388.053038461539 0.0014360902255576462
decision_type=2 2 2 2 2 2 2 2 2 2 2 2 2 2 2 2 2 2 2 2 2 2 2 2 2 2 2 2 2 2
left_child=1 3 6 21 5 11 9 14 12 24 18 -5 -7 -13 15 27 -14 -18 -10 28 -11 -1 -8 -20 -2 -24 -19 -4 -3 -29
right_child=2 19 7 4 -6 8 22 -9 10 20 -12 13 16 -15 -16 -17 17 26 23 -21 -22 -23 25 -25 -26 -27 -28 29 -30 -31
leaf_value=0.23060915956660141 -0.28464680001509091 -0.0023284885784783682 0.045363686713907447 0.24059134910504881 0.20041616747024926 0.22881968893951415 0.15970214919509176 -0.50728622683813684 0.025667772565037012 -0.21922237191494406 0.042287953763695083 0.14510499996194418 0.29491409475153141 -0.082092303866914837 -0.51786835348239935 -0.46972886131520852 0.1028306682646134 0.01936233052564541 -0.14170977238979604 -0.33583551267373191 -0.45904931100510099 0.13451074362858323 0.15991352376280998 -0.46033999439366535 0.0029449750338472534 -0.3528911508992314 -0.22086247057347866 -0.19906478236545971 -0.24677250425564126 -0.34644641305544438
leaf_weight=3943 120 312 80 721 2006 225 320 1197 79 384 176 721 98 371 292 341 264 190 107 290 272 1294 48 296 401 71 428 702 191 584
leaf_count=3943 120 312 80 721 2006 225 320 1197 79 384 176 721 98 371 292 341 264 190 107 290 272 1294 48 296 401 71 428 702 191 584
internal_value=-0.000343185 0.124876 -0.305078 0.147299 0.0923439 0.0333302 -0.129429 -0.393823 -0.0672635 -0.206264 -0.216217 0.136678 0.0141858 0.0679117 -0.325661 -0.292498 -0.0352754 -0.0722556 -0.310501 -0.183674 -0.31921 0.206895 0.0765727 -0.376301 -0.0637134 -0.146437 -0.147095 -0.247944 -0.0954546 -0.266211
internal_weight=16524 11712 4812 10919 5682 3676 1616 3196 1863 1177 658 1813 1205 1092 1999 1707 980 882 482 793 656 5237 439 403 521 119 618 1366 503 1286
internal_count=16524 11712 4812 10919 5682 3676 1616 3196 1863 1177 658 1813 1205 1092 1999 1707 980 882 482 793 656 5237 439 403 521 119 618 1366 503 1286
is_linear=0
shrinkage=0.03


Tree=54
num_leaves=31
num_cat=0
split_feature=42 22 2 36 14 12 12 20 28 38 42 8 32 26 22 20 48 10 24 3 56 31 16 18 39 43 40 18 3 22
split_gain=684485 84628.3 77290.3 48545.8 39016.1 35252.7 27316.3 25700.1 25383.6 20967.5 20623.5 18062.3 18032.5 17777 23872.2 13574 14117.2 11277.3 11047 10943.6 10836.2 9774.02 9741.88 9646.89 9336.41 9144.03 9479.94 9070.18 8993.27 8813.35
threshold=8.4516775000000024 9073.4602500000019 642.93075000000022 0.0011428571428576423 554.0512500000001 -0.020394736842106628 0.36787218045112918 0.00034586466164886301 0.0088947368421053424 8152.6827499999999 8.4202124999999999 -0.022127819548874873 0.0039022556390981705 47.479166666666679 9060.6480357142882 0.0011052631578968091 -0.0044534412955465575 1423.2710000000004 0.89435714285713053 0.38864765503173898 0.0023545112781954776 0.26974594526688828 0.0038264411027631212 2388.023000000001 3.8915177628149134 0.015672273278450607 -0.15291353383458473 2388.1170294117655 0.22462947238674044 9063.2040000000034
decision_type=2 2 2 2 2 2 2 2 2 2 2 2 2 2 2 2 2 2 2 2 2 2 2 2 2 2 2 2 2 2
left_child=1 3 6 13 5 29 9 -7 17 12 23 -9 15 -1 22 -2 -17 18 -4 21 24 -16 25 -3 28 -15 -27 -23 -13 -5
right_child=2 10 8 4 -6 7 -8 11 -10 -11 -12 20 -14 14 19 16 -18 -19 -20 -21 -22 27 -24 -25 -26 26 -28 -29 -30 -31
leaf_value=0.21634395153829547 0.020458867092460503 -0.06234232897103964 -0.24203444958145237 0.21821658876924108 0.19610047884571163 0.0532766931043357 -0.45202116211133048 0.019891475580078512 -0.47738429524662729 -0.34257155662003375 -0.25505049568359167 0.085576633093720766 0.26306778572276679 0.33739886743993291 0.096152172537838532 0.12515263097039583 -0.30998337546851007 -0.53105259021987083 -0.44788774120889296 0.40800528847652934 0.18228725179336791 -0.20942067821475838 0.26837107117236958 0.3421087538134307 -0.6078830398832048 -0.15140250601419589 0.12633804619026595 0.24806924784048037 -0.3072074522559281 -0.090085826119647744
leaf_weight=5195 547 157 1243 489 1016 557 202 241 1510 223 623 58 166 163 204 86 297 183 291 45 42 352 640 79 83 122 1109 43 513 100
leaf_count=5195 547 157 1243 489 1016 557 202 241 1510 223 623 58 166 163 204 86 297 183 291 45 42 352 640 79 83 122 1109 43 513 100
internal_value=-0.00018692 0.121928 -0.304434 0.144381 0.043782 -0.0305709 -0.128015 -0.108052 -0.38752 -0.0780902 -0.164689 -0.203908 -0.0240137 0.183968 0.121105 -0.0754837 -0.212205 -0.308258 -0.281351 -0.0380326 -0.281319 -0.0721654 0.171485 0.0739182 -0.311325 0.126843 0.0987116 -0.159117 -0.26723 0.165809
internal_weight=16579 11831 4748 10972 3099 2083 1521 1494 3227 1319 859 937 1096 7873 2678 930 383 1717 1534 644 696 599 2034 236 654 1394 1231 395 571 589
internal_count=16579 11831 4748 10972 3099 2083 1521 1494 3227 1319 859 937 1096 7873 2678 930 383 1717 1534 644 696 599 2034 236 654 1394 1231 395 571 589
is_linear=0
shrinkage=0.03


Tree=55
num_leaves=31
num_cat=0
split_feature=46 0 6 44 32 28 16 43 50 46 0 20 4 0 46 22 23 22 12 48 15 23 40 15 40 20 55 32 0 18
split_gain=624224 104457 98321.4 46895.7 36974.4 32031.8 28227.3 20688.3 20531.5 20228.9 20060.1 20240.6 18970.3 17838.7 17267.9 16351.6 14768.4 13434.8 12952.3 12175.1 11233.7 11077.5 10797.3 10686 10426.1 9934.99 9921.4 9884.65 9344.85 9257.86
threshold=393.44097222222229 77.500000000000014 1593.3177500000004 0.00079947368421054909 -0.0076466165413548474 0.0022030075187969953 -0.031766917293235254 0.023201539538666941 38.973078947368428 392.02500000000003 177.50000000000003 -0.00012781954886796119 0.0026165413533842424 103.50000000000001 395.22500000000008 9046.2142499999991 3.5611455670527401 9076.286250000001 0.068357142857145836 0.0090567327409432682 0.35844717183948466 3.6077255817961631 0.54422932330826523 0.3877781258162562 0.68644360902255597 0.0011052631578968091 0.046036454078987127 -0.01711654135338447 155.50000000000003 2388.0770714285723
decision_type=2 2 2 2 2 2 2 2 2 2 2 2 2 2 2 2 2 2 2 2 2 2 2 2 2 2 2 2 2 2
left_child=1 -1 4 5 13 17 -4 22 10 -7 11 -5 16 15 24 23 -11 29 -13 -15 -18 -12 25 -2 -8 -6 -27 -14 -29 -3
right_child=2 3 6 8 7 9 14 -9 -10 12 21 18 27 19 -16 -17 20 -19 -20 -21 -22 -23 -24 -25 -26 26 -28 28 -30 -31
leaf_value=0.21180167907446795 0.13384964075870812 0.2539892605780863 -0.48094275253504037 0.035360807933947365 0.21161574716667655 0.20654249433142302 -0.21510854901631501 -0.31991946327950688 0.19806830012670584 0.31234206043915941 0.54015429234018131 -0.11247415415715642 -0.29386507286983704 -0.12523695345957858 -0.48443472351137878 0.26834984910087423 0.19327483388415553 -0.14891465566300471 -0.34117597282357126 -0.34066623100049198 -0.10203792768577113 0.0048140348949708232 -0.2953009126489532 -0.58315943723139552 -0.41213066705355517 0.43807733835492818 -0.10925489800412264 -0.1360521839460197 0.13773203662456304 0.11470179396141518
leaf_weight=5946 31 1011 1311 280 461 351 1220 123 174 172 48 360 256 366 366 118 170 108 590 673 359 120 57 45 303 34 200 485 145 751
leaf_count=5946 31 1011 1311 280 461 351 1220 123 174 172 48 360 256 366 366 118 170 108 590 673 359 120 57 45 303 34 200 485 145 751
internal_value=-0.000660238 0.12515 -0.269082 0.0293607 -0.109928 0.0862641 -0.373858 0.0392026 -0.108449 0.000783223 -0.146713 -0.18871 -0.0448264 -0.215705 -0.299324 0.0481615 0.0717258 0.174806 -0.254719 -0.264972 -0.0069503 0.16006 0.0982888 -0.292755 -0.254551 0.130947 -0.0282022 -0.137019 -0.0729199 0.194721
internal_weight=16634 11326 5308 5380 2108 3808 3200 875 1572 1938 1398 1230 1587 1233 1889 194 701 1870 950 1039 529 168 752 76 1523 695 234 886 630 1762
internal_count=16634 11326 5308 5380 2108 3808 3200 875 1572 1938 1398 1230 1587 1233 1889 194 701 1870 950 1039 529 168 752 76 1523 695 234 886 630 1762
is_linear=0
shrinkage=0.03


Tree=56
num_leaves=31
num_cat=0
split_feature=42 0 12 32 12 23 20 2 40 40 48 0 24 56 18 0 20 20 36 16 36 56 36 23 32 24 22 11 19 34
split_gain=587824 118500 70338.3 52252.1 32378.9 32151.6 26139.7 24298.4 23300.6 25417.6 18451.3 17794.8 16697.7 15793.7 14368.8 11917.7 17043.5 11260.2 10625.2 10503.5 10372.3 10148.3 9868.37 8650.51 8570.27 8516.41 8783.87 8508.78 9393.65 11299.2
threshold=8.4523600000000005 75.500000000000014 0.17919924812030039 -0.013244360902255174 0.1820939849624055 3.8206981522683399 0.0021052631578919677 642.95325000000014 0.24343984962406809 -0.26484962406016227 0.0023533097449506125 103.50000000000001 0.32496240601501425 -0.0020861278195489327 2388.1962500000009 143.50000000000003 0.0026766917293138651 0.0013759398496199027 0.0001954887218010853 -0.034601503759399153 0.0019473684210501768 -0.0020280969030969337 0.0010751879699263988 3.5986989836603307 0.009317337461299877 0.16037218045111698 9059.992000000002 3.1091129763239573 0.033804585487706533 2388.053038461539
decision_type=2 2 2 2 2 2 2 2 2 2 2 2 2 2 2 2 2 2 2 2 2 2 2 2 2 2 2 2 2 2
left_child=1 -1 7 4 10 15 12 11 9 -7 21 -2 14 20 -4 22 19 23 -6 -17 -11 -3 25 -12 -13 -5 -27 -15 -29 -30
right_child=2 3 6 5 18 8 -8 -9 -10 13 17 24 -14 27 -16 16 -18 -19 -20 -21 -22 -23 -24 -25 -26 26 -28 28 29 -31
leaf_value=0.20695262809367901 0.20891740456276706 -0.059251694294236455 -0.12067754942610566 0.23518169563604213 -0.098432907344283033 -0.53130624839237761 -0.48462126523670879 -0.2544458004183619 -0.15680008195684605 0.0077890208028114543 0.17470478055188837 -0.13293851647051896 -0.39718719330759011 -0.14943193858359441 -0.42371713988719478 -0.16406736195087432 -0.33712016785846038 -0.27992357710943966 -0.34794887183154433 0.40500828720440113 -0.3323159174286589 0.23577863672526903 -0.013326738942235994 -0.098848290975999856 0.29526380811134972 0.2255241487228993 -0.16287121039079991 0.19385893417097749 0.21627600194909904 -0.27292029276135904
leaf_weight=5912 209 160 558 669 225 62 1257 880 573 457 137 659 769 85 188 31 33 232 490 393 97 302 312 422 44 96 113 1030 78 91
leaf_count=5912 209 160 558 669 225 62 1257 880 573 457 137 659 769 85 188 31 33 232 490 393 97 302 312 422 44 96 113 1030 78 91
internal_value=0.00108129 0.111298 -0.288669 0.0183899 -0.108742 0.0791287 -0.38335 -0.142078 0.0107192 0.0612955 -0.0167658 -0.0334939 -0.29906 0.0815633 -0.197512 0.181778 0.311924 -0.104704 -0.269677 0.363113 -0.0522515 0.133696 0.131578 -0.0316135 -0.105756 0.183026 0.0157549 0.139295 0.159871 -0.0471933
internal_weight=16564 12000 4564 6088 1968 4120 2772 1792 2473 1900 1253 912 1515 1838 746 1647 457 791 715 424 554 462 1190 559 703 878 209 1284 1199 169
internal_count=16564 12000 4564 6088 1968 4120 2772 1792 2473 1900 1253 912 1515 1838 746 1647 457 791 715 424 554 462 1190 559 703 878 209 1284 1199 169
is_linear=0
shrinkage=0.03


Tree=57
num_leaves=31
num_cat=0
split_feature=42 0 12 28 32 0 24 44 28 23 46 28 52 10 40 0 32 32 56 4 20 20 36 32 12 3 0 16 0 34
split_gain=554227 100999 73524.2 55162.1 34595.4 30527.9 27649.2 28073.4 27634.8 21809.1 19508.2 15594.2 15077.3 14387.1 14366.3 13591.9 11564.9 10183.6 10142.7 9939.96 9879.54 9489.78 8587.19 11211.9 9205.79 8347.01 8910.38 8236.58 7930.89 9706.33
threshold=8.4511025000000028 77.500000000000014 0.17919924812030039 0.0034511278195489127 -0.021451127819548162 100.50000000000001 0.25406390977444421 0.00082977443609019914 0.0067518796992482337 3.5000905345423257 391.97500000000008 0.0079097744360902365 -0.006345864661654114 1413.5060000000003 0.085654135338339446 108.50000000000001 0.0088045112781965432 -0.0099624060150380628 -0.0011511278195488804 0.016330827067668984 0.0005563909774449836 0.0013233082706742918 3.0075187970923209e-05 -0.0067105263157885833 -0.052417293233083834 0.25224095622839932 150.50000000000003 -0.034601503759399153 37.500000000000007 2388.1335921052641
decision_type=2 2 2 2 2 2 2 2 2 2 2 2 2 2 2 2 2 2 2 2 2 2 2 2 2 2 2 2 2 2
left_child=1 28 5 6 -5 13 7 19 15 27 -11 17 -7 -2 -8 -4 18 -12 -14 22 -9 -10 -3 24 -24 -26 -27 -6 -1 -30
right_child=2 3 8 4 9 12 14 20 21 10 11 -13 16 -15 -16 -17 -18 -19 -20 -21 -22 -23 23 -25 25 26 -28 -29 29 -31
leaf_value=0.23229910740054735 0.25939643494049575 0.31203312198938649 0.090338663964560528 -0.3195043052683802 -0.29533632728186521 -0.33599184578091934 0.17759604128779932 0.091134465787399171 -0.31493056439768485 0.22002213656902311 -0.1897307537290161 -0.28260222867007373 -0.21814868394885389 -0.37180972497714193 -0.12568096826882891 -0.2802227778607328 0.25528064229032577 0.014124584441632032 -0.040163566204496577 0.023299973003747986 -0.15423987309782583 -0.47841531632298279 0.3291466400399804 0.26317873242563411 0.22871441844531465 -0.17269437910323093 0.23973084217309951 0.19952351593963449 0.17516806475140406 -0.072561582042649383
leaf_weight=2919 227 666 98 469 32 405 182 289 427 167 340 390 722 37 606 934 67 624 480 245 300 1381 95 575 104 220 59 381 2965 149
leaf_count=2919 227 666 98 469 32 405 182 289 427 167 340 390 722 37 606 934 67 624 480 245 300 1381 95 575 104 220 59 381 2965 149
internal_value=0.000439 0.111001 -0.272045 0.0209566 -0.0886436 -0.12949 0.099789 0.147722 -0.369245 -0.0325231 -0.0850224 -0.122781 -0.176772 0.169863 -0.0554984 -0.24498 -0.125733 -0.0578967 -0.147166 0.202178 -0.0338936 -0.44 0.227644 0.174025 0.066454 0.00060783 -0.0849343 0.16056 0.196715 0.163295
internal_weight=16555 11777 4778 5744 2403 1938 3341 2553 2840 1934 1521 1354 1674 264 788 1032 1269 964 1202 1964 589 1808 1719 1053 478 383 279 413 6033 3114
internal_count=16555 11777 4778 5744 2403 1938 3341 2553 2840 1934 1521 1354 1674 264 788 1032 1269 964 1202 1964 589 1808 1719 1053 478 383 279 413 6033 3114
is_linear=0
shrinkage=0.03


Tree=58
num_leaves=31
num_cat=0
split_feature=2 0 39 2 16 4 50 20 16 24 19 18 52 28 23 14 6 24 12 51 40 16 37 22 20 24 12 26 0 19
split_gain=509779 123265 56861.4 48922.9 42178.4 33563.1 29499.7 28399 23273.2 20655.6 18610.4 16159.1 15051.4 12923.9 11811.9 10031.7 10177.7 9866.67 9810.86 10889.6 9725.08 9669.34 9374.28 8989.97 8784.98 8269.96 8261.5 7844.52 7731.65 7709.48
threshold=642.83775000000026 75.500000000000014 4.0780310001662121 643.0992500000001 -0.0372406015037604 0.0032406015037580332 38.933535714285718 -0.00034074155978088574 -0.003498120300754888 0.29698872180450031 0.028013389655641666 2388.0645227272739 -0.0027969924812030196 0.00057894736842100606 3.5611455670527401 553.55925000000013 1587.2890000000004 1.0716353383458694 0.15706265664159963 0.10976736764483237 -0.16015037593984274 -0.026537593984962669 8153.1450000000013 9055.9307500000014 0.0021278195488794774 0.37113909774433956 0.31002631578947587 47.97225000000001 162.50000000000003 0.023664319132439399
decision_type=2 2 2 2 2 2 2 2 2 2 2 2 2 2 2 2 2 2 2 2 2 2 2 2 2 2 2 2 2 2
left_child=1 -1 4 8 11 9 7 -7 12 14 15 -3 24 -12 -6 26 -17 20 19 -16 -4 -5 -10 -22 -2 -14 29 -23 -15 -9
right_child=3 2 17 21 5 6 -8 10 22 -11 13 -13 25 28 18 16 -18 -19 -20 -21 23 27 -24 -25 -26 -27 -28 -29 -30 -31
leaf_value=0.19368741106132464 -0.25026381820664706 0.0055929385257117888 -0.56144217458821954 -0.45746566719368109 0.2686060810925337 0.134422141436774 0.15402639157153764 -0.25930685892769501 0.050991876035539514 -0.063615824963300691 -0.01453373075089528 -0.45649548050746963 -0.070110693247005432 -0.32919619104820014 0.21851119243713654 -0.14239824691209299 0.24846570251643962 -0.48233492781646053 -0.0022615839862209909 -0.015322880748350285 0.23355049115662674 -0.26297783107193762 -0.23794938203361299 -0.19511267494935317 -0.42881447848412063 -0.30315770380082535 -0.42684102348616865 -0.48168219331485124 -0.10893722940408265 0.043086495944559579
leaf_weight=5869 663 101 58 1126 710 467 682 108 401 411 226 208 482 564 835 86 193 136 424 228 48 586 134 446 403 191 60 200 194 249
leaf_count=5869 663 101 58 1126 710 467 682 108 401 411 226 208 482 564 835 86 193 136 424 228 48 586 134 446 403 191 60 200 194 249
internal_value=-0.003026 0.0942752 0.00357675 -0.288956 0.0344515 0.0538488 -0.0177189 -0.0723206 -0.194774 0.131458 -0.129836 -0.305926 -0.24798 -0.213744 0.167964 -0.0110709 0.127906 -0.253957 0.119762 0.168389 -0.196919 -0.40081 -0.0216874 -0.153074 -0.318103 -0.136602 -0.104139 -0.319169 -0.273042 -0.0488626
internal_weight=16489 12303 6434 4186 5746 5437 2829 2147 2274 2608 1680 309 1739 984 2197 696 279 688 1487 1063 552 1912 535 494 1066 673 417 786 758 357
internal_count=16489 12303 6434 4186 5746 5437 2829 2147 2274 2608 1680 309 1739 984 2197 696 279 688 1487 1063 552 1912 535 494 1066 673 417 786 758 357
is_linear=0
shrinkage=0.03


Tree=59
num_leaves=31
num_cat=0
split_feature=46 0 20 24 44 4 28 13 46 24 20 4 50 0 19 36 22 51 44 10 27 36 24 52 42 48 27 24 32 47
split_gain=499383 84065.9 80161.1 53131.6 38450.6 30778 24596.9 19930.2 19154.4 18293.8 15787.1 15244 14239.5 17201.8 13886.2 13770.6 11012.5 10969.8 10956.9 10159.2 9828.29 9722.29 9258.83 9107.04 8993.71 8983.47 8953.16 8631.49 8628.56 8538.69
threshold=393.44097222222229 79.500000000000014 0.0011353383458690999 0.40430072559018809 0.00092278195488720643 0.0015075187969926063 0.0022030075187969953 552.77500000000009 392.02500000000003 0.23791729323306723 -7.5187969929359496e-05 0.0026165413533842424 38.921055555555569 181.50000000000003 0.026820398138217533 -0.00019548872180450441 9063.331750000003 0.10804050166488567 0.00043962406015033573 1410.7010000000002 0.1127171802405136 -0.00041510025063270741 0.16037218045111698 -0.0049172932330827082 8.4372525000000014 -0.012531328320802003 0.12284543133547986 -0.045428571428561902 0.00069924812030054348 0.73924068761171691
decision_type=2 2 2 2 2 2 2 2 2 2 2 2 2 2 2 2 2 2 2 2 2 2 2 2 2 2 2 2 2 2
left_child=1 -1 3 7 6 18 9 28 -8 17 -6 16 13 21 26 -7 25 19 -4 -3 -19 -12 -18 -17 -15 -10 -13 -27 -2 -23
right_child=2 4 5 -5 10 15 8 -9 11 -11 12 14 -14 24 -16 23 22 20 -20 -21 -22 29 -24 -25 -26 27 -28 -29 -30 -31
leaf_value=0.18872380406111158 -0.15610131325931978 0.27038460363486111 0.037454959502801519 -0.29218388464859968 0.070826053771376615 -0.10618822970837355 0.19904034368950743 0.11508190177320217 0.40326767446180539 -0.017184749573793099 -0.059358728203837197 -0.026007514741610394 0.047003359406519292 0.44896394142457707 -0.20685554895740746 -0.45683933009779326 0.11613277148288577 0.11578905349726429 -0.23999995803577559 -0.10691558820610542 -0.35054111975304625 0.001554395760360517 -0.21333551622678834 -0.33599377953141868 -0.11427841155743988 -0.14541992856134281 0.43953487407329472 0.19889043686024963 0.12965658531377189 -0.38983299813266231
leaf_weight=6045 578 1026 202 860 299 149 347 734 104 459 130 274 200 43 624 1317 133 302 348 68 46 56 179 1011 60 100 42 186 113 480
leaf_count=6045 578 1026 202 860 299 149 347 734 104 459 130 274 200 43 624 1317 133 302 348 68 46 56 179 1011 60 100 42 186 113 480
internal_value=-0.000772307 0.112822 -0.240318 -0.106119 0.0238481 -0.341554 0.0706118 0.00629971 -0.0031463 0.147745 -0.119557 -0.0459691 -0.178315 -0.236901 -0.124906 -0.38663 0.0597576 0.200219 -0.138215 0.246856 0.0533199 -0.292649 -0.0729668 -0.404526 0.122918 0.165852 0.0370597 0.078415 -0.109251 -0.349015
internal_weight=16515 11203 5312 2285 5158 3027 3890 1425 1989 1901 1268 1642 969 769 940 2477 702 1442 550 1094 348 666 312 2328 103 390 316 286 691 536
internal_count=16515 11203 5312 2285 5158 3027 3890 1425 1989 1901 1268 1642 969 769 940 2477 702 1442 550 1094 348 666 312 2328 103 390 316 286 691 536
is_linear=0
shrinkage=0.03


Tree=60
num_leaves=31
num_cat=0
split_feature=2 21 36 29 12 28 44 54 16 44 16 23 54 56 38 20 2 18 48 44 22 26 47 20 56 12 22 35 43 35
split_gain=463435 85122.8 50350.5 41518.2 36155.4 30252.6 20701.8 17142.1 16780.9 18047.5 13938.9 11675.3 10538.9 9823.93 9773.12 9369.93 8745.69 10282.9 8460.74 8273.12 7934.05 7489.65 7219.97 6873.91 6531.3 7711.47 6323.45 6228.55 5956.11 5869
threshold=642.87575000000027 9080.7650000000012 0.0010977443609009156 521.72500000000014 -0.027304511278196639 0.010436090225563939 0.00026721804511277289 23.212387500000006 -0.00056136665192483973 0.00068857142857140267 -0.024174378253326599 6.8446845782657286 23.302692500000003 0.0010366917293233419 8155.4107500000018 0.0011052631578968091 642.74025000000017 2388.1051315789477 0.025681851688043641 0.001108383458646644 9060.5447500000009 47.245750000000008 0.69992710611188269 0.0018947368421158492 0.00092819548872183182 0.022473684210526135 9062.4362500000025 0.025980762113540164 0.018263091194957046 0.026547127904991995
decision_type=2 2 2 2 2 2 2 2 2 2 2 2 2 2 2 2 2 2 2 2 2 2 2 2 2 2 2 2 2 2
left_child=1 2 8 4 26 7 13 19 9 16 -8 -3 15 18 22 29 -1 -18 -6 -2 -14 -5 -9 -12 25 -23 -4 -19 -28 -11
right_child=5 11 3 21 6 -7 10 14 -10 12 23 -13 20 -15 -16 -17 17 27 -20 -21 -22 24 -24 -25 -26 -27 28 -29 -30 -31
leaf_value=0.16407659704870931 -0.24041993887049365 -0.15938190176215322 0.1909797052292212 0.21393355331914399 0.031115593461851991 -0.41676565314280611 -0.40999745817317457 0.18440961656437532 0.19526605923313167 0.20145803566006096 -0.10425678884731081 -0.45079780112613327 0.15917061740508839 0.21098842892671624 -0.33777819441424473 -0.29180661390822094 -0.2497478971502278 0.25449609244552751 -0.22762562136853759 -0.38656836520091359 -0.017976496065273583 0.14257395537621384 -0.12580555401258409 -0.33628889110527538 0.20188799077785141 -0.049788244473663243 -0.3214571637929754 0.011949420755617189 0.15394928710302339 -0.092992744854453829
leaf_weight=3021 838 643 412 557 265 1240 297 73 3470 87 478 153 471 134 188 155 95 143 198 608 439 326 784 151 278 439 46 282 47 197
leaf_count=3021 838 643 412 557 265 1240 297 73 3470 87 478 153 471 134 188 155 95 143 198 608 439 326 784 151 278 439 46 282 47 197
internal_value=-0.0015064 0.0843496 0.104302 0.0109674 -0.0791601 -0.29563 -0.152081 -0.235186 0.1448 0.108956 -0.240814 -0.215891 0.015565 -0.0142764 -0.142401 -0.105014 0.144521 0.0308125 -0.0797861 -0.302096 0.0737858 0.125182 -0.099197 -0.160405 0.0776261 0.0322648 0.140624 0.0939651 -0.0821162 -0.0024009
internal_weight=16515 12784 11988 3628 2028 3731 1523 2491 8360 4890 926 796 1349 597 1045 439 3541 520 463 1446 910 1600 857 629 1043 765 505 425 93 284
internal_count=16515 12784 11988 3628 2028 3731 1523 2491 8360 4890 926 796 1349 597 1045 439 3541 520 463 1446 910 1600 857 629 1043 765 505 425 93 284
is_linear=0
shrinkage=0.03


Tree=61
num_leaves=31
num_cat=0
split_feature=42 0 56 44 32 40 0 32 36 16 8 12 34 28 38 32 40 4 19 42 44 36 8 38 4 0 42 0 18 26
split_gain=439315 80276.1 58563.7 53104.5 32882.9 26943.7 23715.4 23637.9 19540.5 18224.4 16485.4 14405.8 12487.7 12485.7 11477.1 10797.5 9707.76 9515.55 8514.68 9709.33 8490.36 8340.18 8263.25 8071.64 7732.7 7237.91 7166.21 10586.5 8779.43 7398.65
threshold=8.4511025000000028 74.500000000000014 -0.0022933082706767037 0.00086097744360904953 -0.0224661654135331 0.31277443609023431 102.50000000000001 -0.013796992481202594 0.0013834586466098127 -0.003498120300754888 0.052575187969927266 0.15706265664159963 2388.1315192307698 0.0039172932330827671 8161.9947500000017 -0.0031015037593980256 -0.07964661654135359 0.0026165413533842424 0.026622359023964631 8.4083800000000011 0.0010566917293233159 0.0016466165413512024 0.054338345864664982 8138.8372500000014 0.020646616541352775 182.50000000000003 8.4151975000000032 156.50000000000003 2388.1202500000009 47.481659090909098
decision_type=2 2 2 2 2 2 2 2 2 2 2 2 2 2 2 2 2 2 2 2 2 2 2 2 2 2 2 2 2 2
left_child=1 -1 7 4 16 8 12 21 17 11 24 18 -4 -10 -9 -14 -3 -6 -5 -20 -12 -2 -18 -7 -8 -21 -19 28 29 -28
right_child=2 3 6 9 5 23 10 14 13 -11 20 -13 15 -15 -16 -17 22 26 19 25 -22 -23 -24 -25 -26 -27 27 -29 -30 -31
leaf_value=0.17829720297749282 -0.30846573803004179 -0.39197438410643876 0.3116635696522651 0.064255070542171597 0.23191280982052684 0.19501054775058513 -0.0067816160188240212 -0.13064579609080643 0.09348519083392047 0.018178506358846051 -0.17099992801961364 -0.31599893044618527 -0.27501033397763969 -0.14937080954293072 -0.39870412030145136 0.28234061323106285 0.066830651295446852 0.22045629797152419 0.23047334372997283 -0.27635934394216394 -0.34099189799852098 -0.4407887550616294 -0.20951149509442082 -0.17320789239200002 -0.33857981379183244 0.094072620283280103 0.056025982831721194 0.27795018667524507 0.21130982773423923 -0.16461047838539447
leaf_weight=5773 684 115 154 199 1303 62 577 589 537 553 739 481 89 294 190 47 184 413 47 327 415 1210 205 362 70 55 319 175 163 238
leaf_count=5773 684 115 154 199 1303 62 577 589 537 553 739 481 89 294 190 47 184 413 47 327 415 1210 205 362 70 55 319 175 163 238
internal_value=0.000207255 0.0983402 -0.242932 0.0217995 0.076692 0.106409 -0.123921 -0.335949 0.134207 -0.122492 -0.164457 -0.192591 0.127523 0.00748875 -0.196453 -0.0817415 -0.151019 0.174519 -0.0977171 -0.172826 -0.232375 -0.39319 -0.0789633 -0.119032 -0.0431465 -0.222919 0.117211 0.0693755 0.0183651 -0.0383756
internal_weight=16569 11805 4764 6032 4370 3866 2091 2673 3442 1662 1801 1109 290 831 779 136 504 2611 628 429 1154 1894 389 424 647 382 1308 895 720 557
internal_count=16569 11805 4764 6032 4370 3866 2091 2673 3442 1662 1801 1109 290 831 779 136 504 2611 628 429 1154 1894 389 424 647 382 1308 895 720 557
is_linear=0
shrinkage=0.03


Tree=62
num_leaves=31
num_cat=0
split_feature=2 0 16 40 40 48 56 4 0 20 14 32 44 31 44 2 48 2 0 4 32 15 10 0 0 22 34 23 15 27
split_gain=417498 113987 57561 37246 33429.7 25719.7 23689.4 18326.6 17364.3 16384.6 15855.8 15768.2 14999.2 14610.5 16428.7 17973.5 13491.1 13023.2 16829.5 12431.6 10923.3 10725.9 10431.9 9296.79 19463.6 9231.71 10585.1 10029.6 9119.14 8989.12
threshold=642.90875000000017 100.50000000000001 -0.025357142857143512 0.31277443609023431 -0.26484962406016227 0.019578357658853018 -0.0022595488721803788 0.0042644460802338004 69.500000000000014 0.00052631578947252183 554.23275000000024 -0.003293233082707746 1.7368421052614477e-05 0.2994284138065873 0.0013440977443608907 642.30475000000013 0.033945157010172498 642.52425000000028 175.50000000000003 0.0116616541353377 -0.02124812030075161 0.41215410098478328 1417.26025 149.50000000000003 136.50000000000003 9060.5447500000009 2388.085250000001 4.4547037463482662 0.36623336130896184 0.10824047302187863
decision_type=2 2 2 2 2 2 2 2 2 2 2 2 2 2 2 2 2 2 2 2 2 2 2 2 2 2 2 2 2 2
left_child=1 8 7 4 -4 12 20 16 -1 25 13 17 -6 14 15 -11 -3 21 -19 -15 -2 -7 -8 24 -14 27 -27 -10 -20 -26
right_child=6 2 3 -5 5 11 22 -9 9 10 -12 -13 23 19 -16 -17 -18 18 28 -21 -22 -23 -24 -25 29 26 -28 -29 -30 -31
leaf_value=0.17847066751174928 -0.40887124643071049 0.051410195015595996 -0.48473284735971567 -0.17273982167064425 0.26989439437269336 0.17415704739689825 -0.10741235387247444 -0.33076199681191576 0.26335267638762794 -0.40229074082291516 0.19982266038228039 0.12846489204276579 0.094782834670257249 -0.11401094820530928 -0.53294629119856407 0.14890301581857993 -0.29492969881673775 -0.26065143074584451 0.38493690396918623 -0.54036296754724833 -0.27297466051427222 -0.13925697575426763 -0.2829240500033034 0.20539072100108111 -0.1424328070255213 0.10825865438699461 -0.27918981310031182 -0.023320226059718563 -0.077328742576333195 -0.6949151756213261
leaf_weight=5505 1287 272 97 746 647 249 669 634 674 60 260 478 612 226 42 419 160 454 60 84 926 161 562 398 85 486 72 131 103 38
leaf_count=5505 1287 272 97 746 647 249 669 634 674 60 260 478 612 226 42 419 160 454 60 84 926 161 562 398 85 486 72 131 103 38
internal_value=0.000548963 0.0775458 -0.0317753 0.01899 0.0613203 0.0775868 -0.293447 -0.228194 0.148883 0.0824648 -0.00418936 -0.0137073 0.154741 -0.0681833 0.0288943 0.0791657 -0.0772487 -0.0799395 -0.166921 -0.230905 -0.352156 0.0510453 -0.187705 0.0888023 0.0254769 0.151779 0.0578553 0.216731 0.09414 -0.317346
internal_weight=16597 13153 5194 4128 3382 3285 3444 1066 7959 2454 1091 1505 1780 831 521 479 432 1027 617 310 2213 410 1231 1133 735 1363 558 805 163 123
internal_count=16597 13153 5194 4128 3382 3285 3444 1066 7959 2454 1091 1505 1780 831 521 479 432 1027 617 310 2213 410 1231 1133 735 1363 558 805 163 123
is_linear=0
shrinkage=0.03


Tree=63
num_leaves=31
num_cat=0
split_feature=42 12 22 28 2 36 32 8 4 42 16 27 39 22 34 11 32 15 50 51 18 15 47 30 46 42 27 16 42 4
split_gain=386659 54351.6 50092.5 31558.3 24245.3 22312.5 18571.1 16580.2 14851.5 13631.8 13616.6 9868.88 9744.72 12196.2 18079.6 11563.3 9409.72 9162.45 8481.31 8078.62 7883.83 7471.02 8135.89 7339.94 11762.7 9772.24 9174.65 7207.46 7111.42 6768.11
threshold=8.4514025000000021 0.2737105263157914 9073.4602500000019 0.0037218045112781366 642.95325000000014 0.0012105263157935018 -1.0000000180025095e-35 0.031620300751880014 0.0021879699248108526 8.4202124999999999 -0.0077067669172984892 0.094398093201081085 3.1036511559093296 9060.9505000000008 2388.0265833333347 3.6516106034978715 -0.017736842105263734 0.36703933640898795 38.930666666666674 0.098904961041162684 2388.0191875000005 0.27855430273807752 1.0485144869771095 521.16775000000018 393.23303167420823 8.4391700000000025 0.094942087611343082 0.00028195488721877176 8.4984550000000016 0.011044534412953557
decision_type=2 2 2 2 2 2 2 2 2 2 2 2 2 2 2 2 2 2 2 2 2 2 2 2 2 2 2 2 2 2
left_child=2 4 3 12 7 16 8 17 -7 20 -3 -9 -1 21 -15 -16 19 -2 27 -5 -4 22 -14 -23 -25 -26 -27 -10 -6 -18
right_child=1 10 9 5 28 6 -8 11 18 -11 -12 -13 13 14 15 -17 29 -19 -20 -21 -22 23 -24 24 25 26 -28 -29 -30 -31
leaf_value=0.17534372767720288 0.23858943534028879 -0.38155911046023949 -0.084651050974929823 0.089264402335180959 -0.20484323373686225 0.015048273053823733 0.10567220954836586 0.0078856737150328014 -0.36744353801677271 -0.20331811653609422 -0.16080366813020164 -0.21651910416602368 0.082920074287679169 0.17897190241313918 0.10638965210303664 -0.14353799220040439 0.15321776062303241 -0.017565281865664008 0.027178991053785594 -0.15512042380325783 0.26176079263747898 0.44972626161575319 -0.4448589691680831 0.18736799878797547 -0.37057127839326859 -0.18671700701713562 0.24292686254591553 -0.061663356128703335 -0.43140902584405255 0.019236944410628443
leaf_weight=4208 203 1685 138 254 1311 305 371 273 335 614 298 497 90 457 249 499 1402 327 83 232 102 79 36 1451 59 74 110 88 138 448
leaf_count=4208 203 1685 138 254 1311 305 371 273 335 614 298 497 90 457 249 499 1402 327 83 232 102 79 36 1451 59 74 110 88 138 448
internal_value=-3.48016e-05 -0.22879 0.0926224 0.110067 -0.142355 0.0362234 -0.0699503 -0.048236 -0.150322 -0.128475 -0.348482 -0.13705 0.145586 0.1052 0.0305121 -0.0603092 0.0899535 0.0808114 -0.249834 -0.0274756 0.0630492 0.152552 -0.0701894 0.168412 0.155035 -0.0380048 0.07006 -0.304125 -0.226704 0.120801
internal_weight=16416 4732 11684 10830 2749 3518 1182 1300 811 854 1983 770 7312 3104 1205 748 2336 530 506 486 240 1899 126 1773 1694 243 184 423 1449 1850
internal_count=16416 4732 11684 10830 2749 3518 1182 1300 811 854 1983 770 7312 3104 1205 748 2336 530 506 486 240 1899 126 1773 1694 243 184 423 1449 1850
is_linear=0
shrinkage=0.03


Tree=64
num_leaves=31
num_cat=0
split_feature=42 0 12 44 39 0 16 20 32 10 42 16 35 18 23 52 52 30 28 0 38 31 8 23 18 35 0 48 34 54
split_gain=362269 66396.4 53678.6 41763.8 30802.8 21238.1 20019.7 19240.4 19005 16223.7 16152.1 12253.5 12225.5 17814 12113 12111.5 11834.5 11077 9704.54 9676.79 9618.12 17630.9 9106.15 8881.7 8705.84 8878.39 7361.27 8547.74 7794.99 7004.37
threshold=8.4511025000000028 75.500000000000014 0.1820939849624055 0.0010687593984962296 3.3815651433239204 101.50000000000001 -0.0080977443609008305 0.0005563909774449836 -0.024921052631578289 1413.1167499999999 8.4151975000000032 -0.023601503759397711 0.031507935508335382 2388.0251666666677 3.864092875431504 -0.0029473684210525363 -0.0042874649859946795 521.74975000000006 0.0069699248120300115 186.50000000000003 8141.7312500000007 0.34238410446821288 -0.0016353383458622339 4.25866802797053 2388.0290454545461 0.033075670817066818 32.500000000000007 0.069548872180451138 2388.1437500000011 23.290030000000005
decision_type=2 2 2 2 2 2 2 2 2 2 2 2 2 2 2 2 2 2 2 2 2 2 2 2 2 2 2 2 2 2
left_child=1 26 5 4 8 9 15 23 24 -2 -6 -7 14 -14 -10 -4 -12 19 -15 -9 21 -18 -13 -5 -3 -26 -1 28 -28 -21
right_child=2 3 6 7 10 11 -8 17 12 -11 16 22 13 18 -16 -17 20 -19 -20 29 -22 -23 -24 -25 25 -27 27 -29 -30 -31
leaf_value=0.1994599690369015 0.26042967641785131 0.26807774227700731 -0.38556272185328283 0.13087481559382239 0.15412137032619544 -0.24817565030715943 -0.13494834555832799 -0.37735574704255836 0.26439728663032575 -0.28909772847238324 -0.23727251210417247 0.05417883137728427 0.29014913432503286 0.0257482338068801 0.11004302891068468 -0.23301650702233775 0.15040745076589979 -0.061371988011856692 -0.28337181247132165 -0.23835829792446211 -0.12371042919658051 -0.40558996599912644 -0.13631186861759392 -0.12961366532219423 -0.061354208271472879 -0.47432840860342673 0.14667103434605702 -0.10573816331272774 -0.24312773907438237 0.30086250206402365
leaf_weight=2503 220 37 1655 250 286 610 515 411 836 61 372 320 219 705 1015 662 355 223 104 56 514 59 763 221 116 78 3119 131 46 34
leaf_count=2503 220 37 1655 250 286 610 515 411 836 61 372 320 219 705 1015 662 355 223 104 56 514 59 763 221 116 78 3119 131 46 34
internal_value=-0.00156183 0.0885814 -0.220797 0.0176388 0.0579363 -0.100636 -0.304488 -0.140634 0.112793 0.140535 -0.0496352 -0.140724 0.133806 0.0507843 0.179862 -0.342097 -0.0945456 -0.237619 -0.0142911 -0.31579 -0.037138 0.0703847 -0.0800285 0.00863421 -0.148549 -0.228976 0.160634 0.131098 0.140931 -0.033585
internal_weight=16496 11690 4806 5891 4696 1974 2832 1195 3110 281 1586 1693 2879 1028 1851 2317 1300 724 809 501 928 414 1083 471 231 194 5799 3296 3165 90
internal_count=16496 11690 4806 5891 4696 1974 2832 1195 3110 281 1586 1693 2879 1028 1851 2317 1300 724 809 501 928 414 1083 471 231 194 5799 3296 3165 90
is_linear=0
shrinkage=0.03


Tree=65
num_leaves=31
num_cat=0
split_feature=9 0 32 16 40 40 16 39 1 18 32 40 0 23 6 38 22 50 8 24 28 14 38 26 30 34 54 50 39 30
split_gain=347278 82174.6 50006.1 40141 38413.8 26270.6 18158.6 17916.9 13665.3 13073.6 11650.9 11594 10083.6 9840.61 9288.19 8740.55 11158.3 8750.58 8132.65 7721.38 7402.96 7396.26 9343.87 10004.6 9896.16 9342.23 12174 10865.7 9091.11 8953.5
threshold=1414.6950000000004 72.500000000000014 -0.022684210526314686 -0.025090225563910031 0.41397368421052433 -0.27491695146958256 -0.0050187969924801847 5.3329462640264005 642.73500000000013 2388.1847500000008 -0.0040526315789465453 -0.081796992481199551 144.50000000000003 4.0628026963568979 1591.0692954545457 8141.7312500000007 9064.1565000000028 38.883535714285721 -0.17291353383458644 -0.27150375939850124 0.0056541353383457423 554.2086250000001 8140.8800000000001 47.476583333333345 521.86825000000022 2388.0490454545461 23.35006730769231 38.888062500000011 3.275810510382184 522.03825000000018
decision_type=2 2 2 2 2 2 2 2 2 2 2 2 2 2 2 2 2 2 2 2 2 2 2 2 2 2 2 2 2 2
left_child=1 -1 11 10 5 -4 8 9 15 18 -2 -3 21 -14 -13 19 17 -17 -5 -7 -21 22 25 24 28 -8 27 -27 -24 -26
right_child=3 2 4 7 -6 6 12 -9 -10 -11 -12 14 13 -15 -16 16 -18 -19 -20 20 -22 -23 23 -25 29 26 -28 -29 -30 -31
leaf_value=0.16240123712503121 -0.36394976827471892 -0.3790028004067712 -0.38241824229558308 0.18290958293303955 -0.2101821542851085 -0.28332380916636724 -0.18884896029814979 -0.35598793809967377 -0.066092622216447322 -0.27690375236674825 -0.090251216887943922 -0.043009226389805276 0.37539072522721717 0.089561281267736784 -0.26962842516384339 0.13347666722176402 0.061199839863996887 -0.296860815534989 -0.097149013102148379 0.1890211102486708 -0.021331755887082918 0.20696777037218592 0.40051307484081811 -0.22153507769375502 -0.26448195232119337 0.15005608229174186 0.43025132632389662 -0.21848967964450519 -0.066436570998975791 0.1166882380913641
leaf_weight=5578 1748 238 116 99 508 38 76 335 1029 373 153 400 270 182 274 57 697 161 1414 768 187 471 104 166 110 654 124 80 58 110
leaf_count=5578 1748 238 116 99 508 38 76 335 1029 373 153 400 270 182 274 57 697 161 1414 768 187 471 104 166 110 654 124 80 58 110
internal_value=-0.00214128 0.076848 0.0074515 -0.240794 0.0390875 0.0623224 0.0720495 -0.154072 0.0219842 -0.118038 -0.34198 -0.199317 0.133155 0.260752 -0.135399 0.0694945 0.00258481 -0.184246 -0.0787153 0.131084 0.147852 0.103506 0.0705069 -0.0278094 0.0567337 0.128159 0.156427 0.109645 0.233952 -0.0742312
internal_weight=16578 12456 6878 4122 5966 5458 5342 2221 2937 1886 1901 912 2405 452 674 1908 915 218 1513 993 955 1953 1482 548 382 934 858 734 162 220
internal_count=16578 12456 6878 4122 5966 5458 5342 2221 2937 1886 1901 912 2405 452 674 1908 915 218 1513 993 955 1953 1482 548 382 934 858 734 162 220
is_linear=0
shrinkage=0.03


Tree=66
num_leaves=31
num_cat=0
split_feature=46 20 0 24 28 44 40 54 24 44 0 14 4 36 23 16 4 20 16 15 0 39 48 40 51 52 43 32 0 50
split_gain=312831 61988.7 59602.8 39320.2 31861 26088.1 20291.4 16716.3 15811 19102.1 13889.1 12671.8 12386.5 11768.1 11658.7 11012.1 10027.5 11426.8 11798.4 9729.92 13660.9 10583.5 10481.5 9654.43 9080.38 8838.72 7798.58 9607.01 7495.28 7269.7
threshold=393.44097222222229 0.00099999999999789407 79.500000000000014 0.40430072559018809 0.002939849624060156 0.00034293233082704778 -0.27491695146958256 23.378510000000006 0.29698872180450031 0.0014539097744360738 175.50000000000003 552.55375000000015 0.0026165413533842424 0.0020150375939812499 3.6839246565146904 0.0075563909774430203 0.016330827067668984 0.0019473684210539379 -0.02336842105263259 0.35929914414188369 98.500000000000014 3.6566195283328784 -0.01347486362966239 0.073263157894743053 0.10976736764483237 -0.0049172932330827082 0.023201539538666941 -0.0031015037593980256 155.50000000000003 38.87267857142858
decision_type=2 2 2 2 2 2 2 2 2 2 2 2 2 2 2 2 2 2 2 2 2 2 2 2 2 2 2 2 2 2
left_child=2 3 -1 11 8 12 -6 10 9 16 13 -2 -3 19 -12 25 17 28 -19 20 -8 24 -21 -10 -22 -7 27 -13 -4 -16
right_child=1 5 4 -5 6 15 7 -9 23 -11 14 26 -14 -15 29 -17 -18 18 -20 22 21 -23 -24 -25 -26 -27 -28 -29 -30 -31
leaf_value=0.152516541324385 -0.19040260111092749 0.08344201073442635 0.16981552202823713 -0.23323829475971811 -0.43938838545833864 -0.38441794794216777 -0.31194278805673897 0.15406680302041081 0.19899024030927456 -0.19229914226984404 0.43313104088043236 0.031061992669561458 -0.19560570173353065 -0.28262590836315432 -0.12030296695232393 0.013596446894366166 -0.02305874294542766 -0.48384616397147956 0.073791351553546367 0.066191235310060603 0.32160612629824809 -0.12677623993837006 -0.17357301552576901 -0.13095337750358602 -0.18076588626091297 -0.26866950155980546 -0.17121670909574099 0.22419953770410847 0.3611614499956578 0.2743859201967716
leaf_weight=6006 192 208 1380 789 123 1317 76 324 98 165 76 669 455 293 139 86 285 42 165 206 198 100 797 412 38 1107 106 354 213 59
leaf_count=6006 192 208 1380 789 123 1317 76 324 98 165 76 669 455 293 139 86 285 42 165 206 198 100 797 412 38 1107 106 354 213 59
internal_value=-0.00161105 -0.191871 0.0881831 -0.0658095 0.0137054 -0.275653 -0.0655212 -0.0453977 0.083429 0.117606 -0.0780656 0.0342923 -0.108067 -0.109875 0.119898 -0.319859 0.142211 0.168377 -0.0411347 -0.0739293 0.0487306 0.130995 -0.124312 -0.0672871 0.240294 -0.33169 0.0726391 0.0980492 0.195611 -0.00190583
internal_weight=16478 5283 11195 2110 5189 3173 2429 2306 2760 2250 1982 1321 663 1708 274 2510 2085 1800 207 1415 412 336 1003 510 236 2424 1129 1023 1593 198
internal_count=16478 5283 11195 2110 5189 3173 2429 2306 2760 2250 1982 1321 663 1708 274 2510 2085 1800 207 1415 412 336 1003 510 236 2424 1129 1023 1593 198
is_linear=0
shrinkage=0.03


Tree=67
num_leaves=31
num_cat=0
split_feature=42 0 56 12 24 40 28 10 12 4 51 52 0 22 23 14 23 54 50 44 52 19 14 24 19 26 10 54 54 38
split_gain=297139 59836.8 45951.9 32964.8 22532.4 21718.5 17784.8 17389.2 17147.1 14488.1 13495.9 13321 13274 17264.1 13239.9 13382.8 13866.9 17947.5 12293.8 10783 10322.2 12879.2 11472 10149.5 9655.25 12640.3 22937 9744.2 9506.02 9335.67
threshold=8.4511025000000028 72.500000000000014 -0.0022595488721803788 0.18460150375939774 0.35047368421052438 -0.26484962406016227 0.0022504337767495705 1417.26025 0.0067245386192708772 0.0056616541353381126 0.11287991400146531 -0.0027443609022556668 126.50000000000001 9059.1845000000048 3.4188646501993381 554.10025000000007 4.403039958347847 23.337622500000002 38.973078947368428 -0.00020044172932331172 -0.0028958978328174107 0.02913760456865214 553.94625000000008 0.40430072559018809 0.028013389655641666 47.310750000000013 1406.9263269230771 23.340767500000005 23.388442500000004 8146.7955357142855
decision_type=2 2 2 2 2 2 2 2 2 2 2 2 2 2 2 2 2 2 2 2 2 2 2 2 2 2 2 2 2 2
left_child=1 -1 8 4 5 -3 -5 9 -2 23 12 -10 13 24 -15 16 -16 -18 19 -8 21 -14 -23 -4 -7 -26 27 -27 -12 -17
right_child=2 3 7 6 -6 10 18 -9 11 -11 28 -13 20 14 15 29 17 -19 -20 -21 -22 22 -24 -25 25 26 -28 -29 -30 -31
leaf_value=0.15085552404034183 -0.055121412229569011 -0.3714091031367962 0.11235023420653306 0.02334838211240654 -0.11234876409617507 0.26853504584871429 0.0093732955129565421 -0.23739101185688283 -0.35159835032233644 -0.13077858374443374 -0.077317498714621069 -0.19470721096029817 0.27621471403141479 0.19208547115192881 -0.27219824682666921 -0.19274332312843467 0.28251702271040202 -0.52160194050181996 0.21657929844182469 -0.24484207354467702 0.27163167853085529 -0.28465639463380765 0.20793156565988766 -0.1662253170718464 0.30029069399765945 -0.48255855018154103 0.18527473213816931 -0.012905887018357005 0.26436370044771362 0.18762243170706047
leaf_weight=5581 269 90 575 698 593 451 184 558 1751 782 531 681 147 223 336 78 102 32 68 814 735 113 67 147 164 93 220 69 84 219
leaf_count=5581 269 90 575 698 593 451 184 558 1751 782 531 681 147 223 336 78 102 32 68 814 735 113 67 147 164 93 220 69 84 219
internal_value=-0.00151921 0.079848 -0.201231 0.0149847 0.0593685 0.0865165 -0.0943613 -0.0945171 -0.282633 -0.0413869 0.097863 -0.307764 0.123715 0.0778876 -0.0108648 -0.0700445 -0.169521 0.0880473 -0.171385 -0.19801 0.209303 0.0688058 -0.101168 0.0554805 0.165939 0.0808588 -0.0138856 -0.283828 -0.0302954 0.0874168
internal_weight=16455 11692 4763 6111 4347 3754 1764 2062 2701 1504 3664 2432 3049 1987 990 767 470 134 1066 998 1062 327 180 722 997 546 382 162 615 297
internal_count=16455 11692 4763 6111 4347 3754 1764 2062 2701 1504 3664 2432 3049 1987 990 767 470 134 1066 998 1062 327 180 722 997 546 382 162 615 297
is_linear=0
shrinkage=0.03


Tree=68
num_leaves=31
num_cat=0
split_feature=42 0 32 44 28 44 16 22 32 24 12 12 40 36 36 32 0 40 36 12 20 19 23 0 24 43 27 0 34 42
split_gain=295161 56317.6 44094.2 37024.3 22375.2 21251.5 18871.1 16440.5 15553.7 14648 14178.4 10732.5 10232 11089.6 9723.82 10534.7 9541.51 9481.04 9432.88 9065.41 8626.96 7404.71 6950.17 9156.92 6809.54 6613.18 7355.51 6128.42 9906.72 7279.88
threshold=8.4516775000000024 74.500000000000014 -0.0094661654135321915 0.00076691729323306781 0.0016466165413533739 0.0012093233082706792 -0.0042744360902253085 9075.7030000000013 -0.016714285714285296 0.23791729323306723 0.17246240601503635 -0.075462406015035358 0.2393234660076706 0.0020902255639046259 0.0013609022556443566 -0.022684210526314686 90.500000000000014 0.057135338345861424 0.0013609022556443566 0.225796992481203 0.0011729323308234368 0.024796673035877188 3.9061686471446486 141.50000000000003 0.96930827067671599 0.017871867557666617 0.11477968024581453 34.500000000000007 2388.143250000001 8.4416250000000019
decision_type=2 2 2 2 2 2 2 2 2 2 2 2 2 2 2 2 2 2 2 2 2 2 2 2 2 2 2 2 2 2
left_child=1 27 5 4 9 11 10 16 19 14 20 -2 13 -10 -3 -16 -4 -11 24 -6 -5 -22 23 -8 -13 26 -18 -1 29 -29
right_child=2 3 7 6 8 -7 22 -9 12 17 -12 18 -14 -15 15 -17 25 -19 -20 -21 21 -23 -24 -25 -26 -27 -28 28 -30 -31
leaf_value=0.17859350571590993 0.085622441965417989 0.23284880417394799 0.2261538447499275 0.001461240505999842 -0.054723795402385388 -0.3450833332713823 0.015922139276986692 -0.24242695933648556 0.10651245260084105 0.25380525756161659 -0.29659555526501796 -0.10497119316749275 -0.11337650781379784 -0.16173553239722405 -0.39737909380878722 0.11082702929785551 0.17570553189152624 -0.083590769220404981 -0.27750175963778784 -0.31636099024914027 0.21530267238616943 -0.26332158976061215 -0.055858935601431729 0.36090360228464285 -0.33464798494525577 -0.08880446155579183 -0.21249663449291673 0.10526247131430798 -0.31141894936561587 0.24351255011332185
leaf_weight=2699 116 1080 149 427 390 1466 200 316 1326 95 469 749 300 154 41 291 204 341 941 171 32 259 386 105 137 590 55 2639 47 394
leaf_count=2699 116 1080 149 427 390 1466 200 316 1326 95 469 749 300 154 41 291 204 341 941 171 32 259 386 105 137 590 55 2639 47 394
internal_value=-0.00140564 0.078546 -0.201911 0.0147 0.0643184 -0.258808 -0.0959523 -0.0542128 0.00270521 0.142325 -0.168462 -0.193569 0.0461239 0.0785098 0.189229 0.0470618 0.00556503 -0.00966302 -0.211333 -0.134895 -0.084469 -0.210132 0.0286687 0.135478 -0.140823 -0.033369 0.0927685 0.14556 0.116564 0.123296
internal_weight=16569 11846 4723 6067 4189 3409 1878 1314 2341 1848 1187 1943 1780 1480 1412 332 998 436 1827 561 718 291 691 305 886 849 259 5779 3080 3033
internal_count=16569 11846 4723 6067 4189 3409 1878 1314 2341 1848 1187 1943 1780 1480 1412 332 998 436 1827 561 718 291 691 305 886 849 259 5779 3080 3033
is_linear=0
shrinkage=0.03


Tree=69
num_leaves=31
num_cat=0
split_feature=46 20 0 24 44 4 42 38 51 55 30 24 43 40 22 44 7 22 0 34 43 0 2 0 51 23 7 43 35 40
split_gain=274289 57426 51854.3 33850.8 27805.1 18720.7 17693.7 19129.8 18367.5 16481.8 14785.8 13613.9 12305.9 12074.8 12170.9 12073 11272.6 10975.1 15318.8 18106 10462.7 10329.5 12320.9 9918.07 11856 9509.21 9158.39 9722.86 8965.92 8725.88
threshold=393.44097222222229 0.0011353383458690999 80.500000000000014 0.40430072559018809 0.00092278195488720643 0.010630474788370292 8.4174950000000024 8142.2132500000016 0.10205084515389481 0.061712492150976905 520.71175000000017 -0.086868421052644459 0.019224905064597616 -0.25549624060151599 9057.7665000000034 0.00011428829426505254 4.4050772090064703 9070.6047500000022 151.50000000000003 2388.0861578947374 0.020450152810888425 177.50000000000003 642.36524999999995 108.50000000000001 0.089413365891236274 5.0912139969557835 2.8212444944920683 0.023259985750762036 0.032011716604996764 -0.014319548872178454
decision_type=2 2 2 2 2 2 2 2 2 2 2 2 2 2 2 2 2 2 2 2 2 2 2 2 2 2 2 2 2 2
left_child=2 3 -1 10 6 15 -4 8 13 25 -2 28 -9 -8 16 -3 -15 18 19 20 -14 22 -13 24 -16 -10 -12 -28 29 -6
right_child=1 5 4 -5 11 -7 7 12 9 -11 26 21 17 14 23 -17 -18 -19 -20 -21 -22 -23 -24 -25 -26 -27 27 -29 -30 -31
leaf_value=0.14268748142908269 -0.18043980756623518 0.019546091081554487 0.14596885140036017 -0.2149565167019126 -0.34249425479091039 -0.32817796726683002 -0.3624382857691783 -0.20236265851547711 -0.20820027868885135 0.1708481308198892 0.32315619057750905 0.10290063479456098 -0.18747109817498822 0.018677932912145149 0.32026537265096394 -0.22032507061183262 0.36883186387665134 -0.14230754333936613 0.50235794062952732 -0.51959617594455143 0.29964802297744442 0.19569701822429894 -0.15752096649251168 0.4167106494094644 -0.24974962611993151 0.31670710770522847 0.070759718617453629 -0.24904466699412531 -0.54686756061514219 0.11047392749017285
leaf_weight=6048 258 231 1247 847 100 1756 38 482 372 194 115 214 58 439 83 1030 101 246 73 46 121 124 684 251 53 33 954 93 89 61
leaf_count=6048 258 231 1247 847 100 1756 38 482 372 194 115 214 58 439 83 1030 101 246 73 46 121 124 684 251 53 33 954 93 89 61
internal_value=-0.00107478 -0.17911 0.0832518 -0.064976 0.012878 -0.264821 0.0531744 0.00845784 0.0744765 -0.0559588 0.0245725 -0.108623 -0.0921533 0.155415 0.177011 -0.176403 0.0847304 0.00568765 0.127926 0.00475772 0.141646 -0.0599375 -0.0954152 0.305224 0.0979256 -0.164755 0.0702076 0.0421425 -0.306616 -0.17125
internal_weight=16441 5284 11157 2267 5109 3017 3837 2590 1564 599 1420 1272 1026 965 927 1261 540 544 298 225 179 1022 898 387 136 405 1162 1047 250 161
internal_count=16441 5284 11157 2267 5109 3017 3837 2590 1564 599 1420 1272 1026 965 927 1261 540 544 298 225 179 1022 898 387 136 405 1162 1047 250 161
is_linear=0
shrinkage=0.03


Tree=70
num_leaves=31
num_cat=0
split_feature=9 0 28 28 40 32 44 32 56 48 32 23 44 54 50 23 42 35 35 12 39 40 38 22 22 10 11 51 38 2
split_gain=260413 60800.8 34923.5 34135.2 27359 22200.6 17205.8 14577 13551.2 10496.1 10743 10009.5 9362.78 8885.83 11884.1 12748.1 11637.2 8731.44 8359.41 8218.03 7918.58 7678.95 7061.68 8778.91 7203.05 7061.35 6982.01 7121.77 6942.75 6645.89
threshold=1414.4550000000002 75.500000000000014 0.0081654135338345528 0.0070451127819548915 0.29729323308270211 -0.027563909774434139 0.0011207518796992339 -0.0016090225563898984 -0.00029533834586469319 -0.027646038172353959 -0.0037819548872180669 3.9146729273274152 0.0011207518796992339 23.351115000000004 38.880250000000011 3.4601600886368984 8.4314225000000036 0.035843510869660915 0.033301651610622179 0.020537593984960998 3.1422762394928552 0.52658270676692731 8140.7982499999998 9064.1565000000028 9059.2627500000017 1411.1547500000001 2.732634903685303 0.093662959594494818 8136.4142500000007 642.54918750000013
decision_type=2 2 2 2 2 2 2 2 2 2 2 2 2 2 2 2 2 2 2 2 2 2 2 2 2 2 2 2 2 2
left_child=1 -1 4 7 5 18 9 17 -4 -7 13 -8 -5 14 15 20 -16 21 -3 -17 25 -2 -15 24 -24 -11 -12 -28 -6 -21
right_child=3 2 8 12 28 6 11 -9 -10 10 26 -13 -14 22 16 19 -18 -19 -20 29 -22 -23 23 -25 -26 -27 27 -29 -30 -31
leaf_value=0.14114118862032185 -0.089893527320649438 -0.06294925709649668 -0.26485403034441368 -0.21244082040535264 0.22172161883711816 0.22213881202420607 0.06918706966759193 0.053485151348341448 0.012788965600728988 0.57332925232905374 -0.23981320385422025 -0.15633655931000356 -0.33902365653225169 0.24718924122129973 -0.098200511910690694 0.11956259668707847 -0.61724166385910428 -0.32748264255223486 -0.39228373337310291 0.19271051189729146 0.027283731978386638 -0.26309551242816037 0.16149384675690759 0.16830931016696224 -0.27013034082527426 0.054528615321431842 0.23994776869768253 0.10111285986156945 -0.14284000499227947 -0.13909401297345197
leaf_weight=5824 1132 176 537 921 49 560 314 379 224 78 41 404 1251 252 255 249 45 222 114 62 80 289 51 207 105 34 533 889 819 398
leaf_count=5824 1132 176 537 921 49 560 314 379 224 78 41 404 1251 252 255 249 45 222 114 62 80 289 51 207 105 34 533 889 819 398
internal_value=0.0012081 0.070816 0.00755899 -0.202903 0.0329905 0.0607707 0.0769791 -0.114113 -0.18322 0.102186 0.0816382 -0.0577502 -0.285471 0.032869 -0.0146323 0.0398497 -0.177849 -0.152783 -0.193315 -0.0189677 0.256018 -0.125279 0.125505 0.040583 -0.128893 0.417712 0.142111 0.153284 -0.122028 -0.0940515
internal_weight=16494 12300 6476 4194 5715 4847 4557 2022 761 3839 3279 718 2172 1816 1201 901 300 1643 290 709 192 1421 615 363 156 112 1463 1422 868 460
internal_count=16494 12300 6476 4194 5715 4847 4557 2022 761 3839 3279 718 2172 1816 1201 901 300 1643 290 709 192 1421 615 363 156 112 1463 1422 868 460
is_linear=0
shrinkage=0.03


Tree=71
num_leaves=31
num_cat=0
split_feature=46 16 44 28 14 36 12 38 38 20 8 31 20 24 48 56 11 56 52 40 26 24 12 36 20 24 38 38 42 56
split_gain=249986 48640.5 24579 24229 24820.9 21301.9 23459.5 17595.2 14713.1 13767.7 13357.7 10556.6 8937.32 8494.6 8318.08 7570.73 7396.04 6896.89 6748.56 6188.15 6309.96 6178.51 8314.24 7801.86 5836.41 5763.42 7737.19 7355.66 6306.38 5742.91
threshold=393.44097222222229 -0.0080977443609008305 0.0003756015037593967 0.00052631578947364636 554.23275000000024 0.0011729323308282236 -0.039011278195486575 8142.1080000000011 8153.8990000000003 0.0007819548872140858 0.052575187969927266 0.28701110605482599 0.00085714285714122288 0.23358270676692344 0.034775750565224257 0.00082936090225562158 3.2087996197688362 0.0013640225563909803 -0.0052105263157895395 -0.050214285714290048 47.627250000000011 -0.030436090225566998 0.12142857142856998 -0.00041510025063270741 0.00010526315789788931 0.16037218045111698 8143.4023611111124 8146.9351071428591 8.4155050000000013 -0.0015924060150375554
decision_type=2 2 2 2 2 2 2 2 2 2 2 2 2 2 2 2 2 2 2 2 2 2 2 2 2 2 2 2 2 2
left_child=3 2 15 14 5 7 -7 19 12 13 17 -9 -3 -4 -1 -2 -12 -8 -11 21 -21 22 -5 -24 -18 26 -13 -28 -29 -26
right_child=1 8 9 4 -6 6 10 11 -10 18 16 25 -14 -15 -16 -17 24 -19 -20 20 -22 -23 23 -25 29 -27 27 28 -30 -31
leaf_value=0.15778153585641225 -0.13414637545989902 0.10868102636417659 -0.017431518486129696 0.05040718412794773 0.15083855279593683 0.13854428509871167 -0.076585755079147874 0.059617750954736641 -0.19728554823119704 -0.35292046901106022 0.03713688835501671 -0.28600824154913423 -0.063444239261731206 -0.23966780969005189 0.060971516306427387 0.08551519151842385 -0.082303233571189766 0.18966301733524435 -0.24822820386237329 0.14653317998290025 -0.149099976915647 0.1053778672149899 0.14435009016232056 -0.39357564920500704 -0.38859977446344945 -0.18661478410509111 0.23230447147010772 0.22011343521846305 -0.25589976081481342 -0.18093993300643677
leaf_weight=3311 816 608 268 210 1524 359 462 575 326 1211 88 71 489 366 1055 170 138 107 1049 1573 67 440 32 94 294 408 120 36 77 207
leaf_count=3311 816 608 268 210 1524 359 462 575 326 1211 88 71 489 366 1055 170 138 107 1049 1573 67 440 32 94 294 408 120 36 77 207
internal_value=-0.000920348 -0.170704 -0.225715 0.0791342 0.0440538 0.013658 -0.0757893 0.0536448 -0.0206554 -0.269785 -0.135222 -0.0359358 0.0319664 -0.145901 0.134408 -0.0962254 -0.22034 -0.026273 -0.304458 0.101359 0.134372 0.0315076 -0.0652529 -0.256899 -0.255801 -0.113079 -0.0140975 0.0696276 -0.103649 -0.303332
internal_weight=16551 5303 3880 11248 6882 5358 1655 3703 1423 2894 1296 1287 1097 634 4366 986 727 569 2260 2416 1640 776 336 126 639 712 304 233 113 501
internal_count=16551 5303 3880 11248 6882 5358 1655 3703 1423 2894 1296 1287 1097 634 4366 986 727 569 2260 2416 1640 776 336 126 639 712 304 233 113 501
is_linear=0
shrinkage=0.03


Tree=72
num_leaves=31
num_cat=0
split_feature=46 20 0 44 23 4 36 44 4 50 31 0 20 20 50 0 23 39 18 7 15 16 34 35 36 0 38 53 38 43
split_gain=223577 49346.6 43394.2 27963.3 27639.6 24722.1 19171.8 14218.7 13173.9 11290.2 10423.5 16785.2 11605.9 10285.4 10451.2 9784.87 9615.21 9595.49 8636.34 7969.2 7691.53 7649.76 7465.58 7318.31 7208.66 7186.34 6744.74 10367.6 9876.49 6912.44
threshold=393.44097222222229 0.0007819548872140858 75.500000000000014 0.0010566917293233159 4.910584357840456 0.0089473684210503949 0.0020902255639046259 0.00070781954887219243 0.001902255639098066 38.959750000000014 0.29364945087144428 155.50000000000003 0.00048120300752058185 -0.00010526315790011174 38.92738636363638 180.50000000000003 3.8462693612839147 4.0548935248366442 2388.1340588235303 2.8212444944920683 0.37988649620414788 -0.013646616541352212 2388.163250000001 0.02777624821432359 1.5037593985290646e-05 168.50000000000003 8140.6450000000013 23.323650000000004 8150.4142500000007 0.020646485778026604
decision_type=2 2 2 2 2 2 2 2 2 2 2 2 2 2 2 2 2 2 2 2 2 2 2 2 2 2 2 2 2 2
left_child=2 4 -1 6 19 7 8 22 17 10 -10 12 20 -5 15 18 -13 25 -15 -2 -12 -21 23 -3 -7 -4 27 -8 29 -28
right_child=1 5 3 13 -6 24 26 -9 9 -11 11 16 -14 14 -16 -17 -18 -19 -20 21 -22 -23 -24 -25 -26 -27 28 -29 -30 -31
leaf_value=0.13308876583641563 0.29789546363055708 0.19853839539115625 0.12872905572336155 0.050802726705133174 -0.19423383075521108 -0.10977587143314026 -0.19023460866220845 -0.21219091642104818 0.057617235385880962 0.15316587772911155 -0.23007207469605817 0.36766460876102031 -0.30655460270516799 -0.29508527343186575 0.037408727672747791 0.079421538380307286 -0.034831574584823104 -0.12280532268895988 0.21409837475046514 -0.074036803022479114 0.073528485211683675 0.090625291849230474 -0.1823195685254487 -0.053898018199352568 -0.30483525872849587 0.34039037777110931 -0.4591883921464357 0.18710284199470129 0.075290010990131467 0.036115110218524933
leaf_weight=5744 107 179 1530 242 626 188 148 726 860 452 122 91 296 554 172 83 127 125 31 411 192 661 168 242 2001 159 135 116 62 31
leaf_count=5744 107 179 1530 242 626 188 148 726 860 452 122 91 296 554 172 83 127 125 31 411 192 661 168 242 2001 159 135 116 62 31
internal_value=-0.0002502 -0.16075 0.0753513 0.0153446 -0.0332897 -0.22638 0.0486335 -0.123431 0.0706139 0.0201797 -0.0155 -0.0914208 -0.172102 -0.12136 -0.170961 -0.224589 0.134095 0.130068 -0.267784 0.0522572 -0.0447869 0.0274844 -0.0138514 0.0536486 -0.288141 0.148844 -0.127798 -0.0243544 -0.246946 -0.36703
internal_weight=16581 5309 11272 5528 1805 3504 4446 1315 3954 2140 1688 828 610 1082 840 668 218 1814 585 1179 314 1072 589 421 2189 1689 492 264 228 166
internal_count=16581 5309 11272 5528 1805 3504 4446 1315 3954 2140 1688 828 610 1082 840 668 218 1814 585 1179 314 1072 589 421 2189 1689 492 264 228 166
is_linear=0
shrinkage=0.03


Tree=73
num_leaves=31
num_cat=0
split_feature=9 37 56 36 56 12 32 4 50 32 23 13 12 26 32 40 38 40 40 6 18 38 31 56 38 48 32 7 7 18
split_gain=218928 40627.5 29762.5 24616.5 24454 14614.7 15987.7 11144.5 11588.1 11008.3 10116.2 9983.6 9533.06 8919.13 7745.7 6653.58 6299.34 6113.5 5998.67 5833.59 10904.5 7861.83 6876.88 5769.78 5565.05 5365.12 5337.74 5407.1 5328.88 6980.18
threshold=1414.6950000000004 8160.5550000000012 -0.0020861278195489327 0.00034586466166031723 -0.0020861278195489327 -0.039011278195486575 -0.0044887218045112547 0.003375939849624495 38.925562500000005 -0.023466165413535012 3.5280189022795043 552.42500000000007 -0.11325187969925067 47.380544117647069 0.015672932330824185 1.0214060150375859 8149.2947500000018 -0.13466917293233466 0.021714285714299817 1589.7202500000001 2388.1088194444451 8127.0575000000017 0.25999615378925456 -0.00029533834586469319 8166.5112500000005 0.00089193572165708398 -0.023466165413535012 4.0729346606593131 3.3557949682419985 2388.022071428572
decision_type=2 2 2 2 2 2 2 2 2 2 2 2 2 2 2 2 2 2 2 2 2 2 2 2 2 2 2 2 2 2
left_child=1 3 9 10 5 -5 13 25 12 -2 -1 -4 -9 18 23 -11 17 -13 -7 -12 22 -22 -21 -14 -3 -6 -15 -28 -27 -30
right_child=2 24 11 4 7 6 -8 8 -10 15 19 16 14 26 -16 -17 -18 -19 -20 20 21 -23 -24 -25 -26 28 27 -29 29 -31
leaf_value=0.18392183070383825 -0.31768216718683401 -0.094264773758986078 -0.18512709651787468 0.087518126285492867 0.1786105656388019 -0.18367281557193824 0.021679058629241618 0.16230304215833086 0.12255282876841744 -0.15971025172247758 0.11614535103534825 -0.18700679437403614 -0.16615240152241015 -0.36514772896496106 0.29123475415775407 -0.34822732688758173 -0.15876265568680117 0.048958547662434009 0.1216222505196929 0.099686408446425873 -0.068215571215133303 0.1577341505414353 -0.18067426014220575 -0.022452948399211772 -0.27328854737914543 0.18902282850673563 -0.096768527027674522 -0.32150995859077997 0.19604247758970703 0.0014625546843188323
leaf_weight=1589 1253 379 614 471 871 111 545 193 673 1027 3136 116 440 216 51 202 260 635 119 112 183 564 260 586 267 311 261 153 214 727
leaf_count=1589 1253 379 614 471 871 111 545 193 673 1027 3136 116 440 216 51 202 260 635 119 112 183 564 260 586 267 311 261 153 214 727
internal_value=0.000175451 0.0629116 -0.189698 0.0756123 0.0326067 -0.0569709 -0.105436 0.0739405 0.0220054 -0.255033 0.119326 -0.0898108 -0.0313313 -0.185923 -0.0661492 -0.190953 -0.0317976 0.012311 -0.0258731 0.0951656 0.0363185 0.102364 -0.0962236 -0.0841802 -0.168566 0.121439 -0.24422 -0.1804 0.0815555 0.0458746
internal_weight=16539 12432 4107 11786 5942 1876 1405 4066 1943 2482 5844 1625 1270 860 1077 1229 1011 751 230 4255 1119 747 372 1026 646 2123 630 414 1252 941
internal_count=16539 12432 4107 11786 5942 1876 1405 4066 1943 2482 5844 1625 1270 860 1077 1229 1011 751 230 4255 1119 747 372 1026 646 2123 630 414 1252 941
is_linear=0
shrinkage=0.03


Tree=74
num_leaves=31
num_cat=0
split_feature=9 22 36 0 16 44 32 48 24 32 0 26 39 55 22 36 32 26 0 6 44 0 31 52 6 24 0 12 7 56
split_gain=214844 43909 29118 26482.8 31579.9 21176.2 17988.4 14849.8 12731.7 11079.1 9325.5 11095.4 10978.6 12460 9440.24 9188.81 8977.97 8940.37 9263.25 7313.76 7128.21 6767.82 6514.9 6703.13 6395.46 6333.21 6319.82 6291.76 6045.37 5840.56
threshold=1414.8350000000003 9074.7102500000019 0.0011428571428576423 57.500000000000007 -0.02076691729323411 0.00039165413533835274 -0.026849624060150144 0.021240601503759404 0.92891353383458386 -0.016075187969924975 149.50000000000003 47.569250000000011 3.4357962322198885 0.060045004680967524 9056.8918333333349 0.00021804511278927875 -0.0028120300751864804 47.347750000000012 183.50000000000003 1590.0022500000002 0.0014539097744360738 161.50000000000003 0.2989178398367564 -0.0062556390977444613 1586.6612142857145 0.029432330827050903 200.50000000000003 0.032537593984962226 4.3734991109283863 -0.00023458646616540636
decision_type=2 2 2 2 2 2 2 2 2 2 2 2 2 2 2 2 2 2 2 2 2 2 2 2 2 2 2 2 2 2
left_child=1 3 8 -1 5 27 -6 10 16 -4 12 -12 20 14 28 22 -2 -7 -19 21 -8 -3 -9 -24 -16 -17 -21 -5 -14 -11
right_child=2 19 9 4 6 17 7 15 -10 29 11 -13 13 -15 24 25 -18 18 -20 26 -22 -23 23 -25 -26 -27 -28 -29 -30 -31
leaf_value=0.13580533436685299 -0.091446601432742441 -0.13807810829021036 -0.29458189546930025 0.14063509148970002 -0.1476519638758626 0.057532861077267183 0.15715678426854568 0.16910301131086319 -0.27411389242112638 -0.19882755122899839 0.35604132653246651 0.024275677979637221 0.19140964478870423 0.16882322353791673 0.033184318166564808 -0.11019882805614484 0.095405226814108762 -0.27507070820905605 0.044394230353645973 -0.27098926241439225 -0.10175949075766424 0.1070053186892931 -0.3596721201735299 0.048421063796284691 -0.27090566782976072 0.029850945592436014 -0.033624441756502435 -0.036115560397871414 -0.26367604494094848 0.0072190672617692209
leaf_weight=4455 980 255 1729 304 306 114 1942 507 269 613 306 129 129 276 87 495 302 571 95 386 100 167 40 310 216 701 137 446 32 155
leaf_count=4455 980 255 1729 304 306 114 1942 507 269 613 306 129 129 276 87 495 302 571 95 386 100 167 40 310 216 701 137 446 32 155
internal_value=0.00090377 0.0623934 -0.189033 0.0784673 0.042506 -0.0781922 0.0756325 0.088623 -0.0868635 -0.252434 0.128843 0.257937 0.108573 0.00955421 -0.0853427 0.0255664 -0.04739 -0.187532 -0.229503 -0.134127 0.144434 -0.0410664 0.100486 0.000890011 -0.183771 -0.0281564 -0.208994 0.0356192 0.0998885 -0.157287
internal_weight=16554 12506 4048 11561 7106 1530 5576 5270 1551 2497 3217 435 2782 740 464 2053 1282 780 666 945 2042 422 857 350 303 1196 523 750 161 768
internal_count=16554 12506 4048 11561 7106 1530 5576 5270 1551 2497 3217 435 2782 740 464 2053 1282 780 666 945 2042 422 857 350 303 1196 523 750 161 768
is_linear=0
shrinkage=0.03


Tree=75
num_leaves=31
num_cat=0
split_feature=9 22 52 16 44 54 12 28 34 12 4 2 15 38 7 16 52 19 12 23 38 34 22 15 26 22 46 8 56 4
split_gain=190976 39392.5 25572.3 22556.3 22515 15572 13353.5 13343.6 10658 9584.09 8765.93 8389.84 7433.69 7040.37 7022.13 6272.02 6058.19 6023.02 5485.3 5410.57 5633.54 13956.7 5845.1 8149.44 5831.3 5280.15 4799.6 4748.14 4687.83 4682.78
threshold=1414.8350000000003 9074.7102500000019 -0.0056842105263158549 -0.0030111123396732663 0.00086097744360904953 23.360770000000002 0.27683458646616949 0.0015361480624640114 2388.0205441176481 0.15706265664159963 0.01397744360902177 642.93075000000022 0.41438976215411599 8166.5112500000005 3.1300293516227575 -0.027541353383459578 -0.002706766917293111 0.023973944189505488 0.026748120300753884 3.5520818872459308 8142.3210000000008 2388.0285357142861 9063.7002500000035 0.32060002338361776 47.435750000000013 9060.1620000000021 393.29705882352948 0.073593984962406794 0.00089368421052630858 0.009669172932332078
decision_type=2 2 2 2 2 2 2 2 2 2 2 2 2 2 2 2 2 2 2 2 2 2 2 2 2 2 2 2 2 2
left_child=1 3 15 4 7 9 11 -1 -9 12 16 27 -6 -3 -12 -2 18 -11 -10 -5 -21 -22 -23 -24 -25 -20 -27 -4 -16 -14
right_child=2 13 6 19 5 -7 -8 8 10 17 14 -13 29 -15 28 -17 -18 -19 25 20 21 22 23 24 -26 26 -28 -29 -30 -31
leaf_value=0.12193568129339598 -0.3255936963558197 -0.076953680980779454 0.10176967096627207 0.1681024311625437 0.031049308045921733 0.094612568408798114 -0.20371882249847825 0.15003428061580235 0.059668484488009092 0.042338216818295991 0.16234431741584557 -0.12273773683542771 -0.073125058729501979 -0.26053958434878655 -0.22906064530055856 -0.20642929674453295 0.068341806209039166 -0.27128557219966237 -0.021916041651232676 0.12688124844102555 0.13260891690474599 -0.28081583175695302 0.35256969006813088 0.048681140469605692 -0.19497291027137212 -0.3376195528000358 0.028454739112745629 -0.063054784970999658 0.051341652355410834 -0.32156192208648821
leaf_weight=2260 874 652 331 1528 421 421 943 478 254 64 63 798 185 264 298 745 1050 385 219 2460 713 98 45 178 174 126 43 298 65 108
leaf_count=2260 874 652 331 1528 421 421 943 478 254 64 63 798 185 264 298 745 1050 385 219 2460 713 98 45 178 174 126 43 298 65 108
internal_value=0.00176583 0.0592325 -0.179031 0.0741461 0.0366188 -0.0615687 -0.116172 0.0686531 0.0222377 -0.118138 -0.00666118 -0.0582166 -0.0497185 -0.130091 -0.128128 -0.27092 0.0239784 -0.226587 -0.0485719 0.120642 0.100831 0.0477203 -0.0745744 -0.0230858 -0.0719726 -0.119402 -0.244857 0.023705 -0.178848 -0.165481
internal_weight=16541 12552 3989 11636 6440 1584 2370 4856 2596 1163 2118 1427 714 916 426 1619 1692 449 642 5196 3668 1208 495 397 352 388 169 629 363 293
internal_count=16541 12552 3989 11636 6440 1584 2370 4856 2596 1163 2118 1427 714 916 426 1619 1692 449 642 5196 3668 1208 495 397 352 388 169 629 363 293
is_linear=0
shrinkage=0.03


Tree=76
num_leaves=31
num_cat=0
split_feature=9 0 16 20 56 23 44 23 44 24 8 56 50 51 28 12 55 14 0 40 48 26 47 14 39 19 11 40 16 0
split_gain=178977 46907.3 30023.5 25413.3 21008.5 17098.1 14587 14253.7 12149.5 13256.7 11502.9 10344.8 10161.8 9281.8 8255.23 7751.42 7430.58 7291.82 7430.32 7204.75 6780.64 9041.83 9827.7 6254.94 6005.44 5863.89 5644.52 5585.67 5497.7 5488.34
threshold=1414.6950000000004 73.500000000000014 -0.02336842105263259 0.0020526315789439636 -0.0018610526315789384 7.3121360335656718 0.00039165413533835274 3.6172297884678142 0.0016446616541353394 0.27137969924808919 -0.098981203007516796 -0.0010742652084757124 38.977573529411778 0.1126476808242176 0.0020451127819550046 0.26788721804511223 0.065392946771782298 553.99775000000034 182.50000000000003 0.21354511278196092 -0.014160401002506264 47.464522727272744 0.91633779412257566 554.13775000000021 3.6447106020327111 0.034263683398017032 2.732634903685303 -0.16793233082707307 -0.0085413533834575867 29.500000000000004
decision_type=2 2 2 2 2 2 2 2 2 2 2 2 2 2 2 2 2 2 2 2 2 2 2 2 2 2 2 2 2 2
left_child=1 29 6 5 7 11 24 14 9 10 -6 -2 16 15 -4 25 -9 18 -8 -11 -16 -22 -23 -18 -3 26 -12 -17 -27 -1
right_child=3 2 4 -5 8 -7 17 12 -10 19 13 -13 -14 -15 20 27 23 -19 -20 -21 21 22 -24 -25 -26 28 -28 -29 -30 -31
leaf_value=0.15403652855088998 -0.13385287491577125 0.042297874171700743 0.20246910835992205 -0.26954151272952154 0.25938568368873199 -0.30498352015820834 -0.28949062289231059 -0.16018169738230822 -0.18161650989569869 0.090047806158517166 -0.2329186258008403 0.0031115271516466794 0.17070810896860172 -0.054580483707514671 0.20317974721596521 -0.42767293424375596 -0.047610144198125356 0.034521505738399468 -0.031706420906609106 -0.10042550841486959 0.12651378057431428 -0.50496626451611515 0.010146309733390809 0.32991803409159182 -0.16599170714706638 -0.18394865290092471 0.1779481142115984 0.012687239377003796 0.12662122466215275 0.093954112322337982
leaf_weight=2292 1317 458 274 1565 466 363 559 965 152 308 30 796 120 318 84 30 322 97 123 423 86 71 62 44 170 87 1268 158 122 3416
leaf_count=2292 1317 458 274 1565 466 363 559 965 152 308 30 796 120 318 84 30 322 97 123 423 86 71 62 44 170 87 1268 158 122 3416
internal_value=-0.00138353 0.0547066 0.00145836 -0.174927 0.0336759 -0.115039 -0.121899 -0.0425697 0.0796673 0.0920923 0.125187 -0.0822792 -0.0927077 0.0940074 0.0834561 0.1219 -0.116567 -0.208543 -0.243113 -0.020158 -0.0244782 -0.112326 -0.266555 -0.00144895 -0.0142605 0.144551 0.16828 -0.059474 -0.00291938 0.118102
internal_weight=16546 12505 6797 4041 5390 2476 1407 2028 3362 3210 2479 2113 1451 2013 577 1695 1331 779 682 731 303 219 133 366 628 1507 1298 188 209 5708
internal_count=16546 12505 6797 4041 5390 2476 1407 2028 3362 3210 2479 2113 1451 2013 577 1695 1331 779 682 731 303 219 133 366 628 1507 1298 188 209 5708
is_linear=0
shrinkage=0.03


Tree=77
num_leaves=31
num_cat=0
split_feature=2 22 36 56 14 12 42 4 56 35 23 52 54 20 16 48 4 16 23 22 34 40 44 44 19 26 26 46 40 18
split_gain=178585 40887.1 25929.4 20274.5 19939.5 17697.6 15024.5 11713.2 11452.4 9228.3 8974.28 7885.52 9476.94 9573.23 7388.9 7108.39 7476.45 6883.15 6756.6 7428.72 8827.31 6315.85 6077.6 6022.74 5122.35 4924.63 8345.95 8362.27 6968.9 6414.12
threshold=642.90875000000017 9074.7102500000019 0.0010977443609009156 0.0002183458646616368 554.23275000000024 0.19638721804511225 8.4940700000000025 0.011044534412953557 -0.00091000000000000943 0.029372606285402583 6.8446845782657286 -8.2706766917327526e-05 23.363440000000004 -0.00010526315790011174 0.021391030022606273 -0.045739348370927309 0.0032406015037580332 -0.026537593984962669 3.5611455670527401 9060.5447500000009 2388.0275961538468 -0.094830827067657539 0.0014539097744360738 0.00056383458646618707 0.029811910371562545 47.660250000000012 47.536583333333347 392.70294117647063 0.26545112781955899 2388.1130789473691
decision_type=2 2 2 2 2 2 2 2 2 2 2 2 2 2 2 2 2 2 2 2 2 2 2 2 2 2 2 2 2 2
left_child=1 2 7 4 5 15 8 18 17 -7 -3 12 13 -9 21 -4 -17 -2 -1 -20 -21 -15 -18 -23 -11 26 27 -22 -29 -28
right_child=6 10 3 -5 -6 9 -8 11 -10 24 -12 -13 -14 14 -16 16 22 -19 19 20 25 23 -24 -25 -26 -27 29 28 -30 -31
leaf_value=0.16628801001174062 -0.24607368750570852 -0.090315784484311573 0.21318448524045594 0.10039729866627708 0.13040249501741849 -0.062537018807746897 -0.30459842808544635 0.068402038816638075 -0.039664711433861938 -0.15395828062004141 -0.32734980285848886 0.10585258709018429 0.11141191943867565 -0.37981503660028626 0.24066169616652697 0.027759502651815367 -0.087817657575263136 -0.13542669491028822 0.1282420194458595 0.12427326916571693 -0.066031316546614191 -0.027955108933368986 -0.39253499464555219 -0.27232173397832987 -0.37708468197958828 0.25145298309990616 -0.30850502186633172 0.20458048459712194 -0.16832384038242426 0.063093008317053306
leaf_weight=1808 992 814 101 1240 454 222 795 283 594 142 174 809 364 109 40 605 561 1043 2804 797 426 238 65 146 277 60 140 254 54 59
leaf_count=1808 992 814 101 1240 454 222 795 283 594 142 174 809 364 109 40 605 561 1043 2804 797 426 238 65 146 277 60 140 254 54 59
internal_value=0.00248927 0.0531002 0.0683052 0.00175602 -0.0486623 -0.0899114 -0.190306 0.0973845 -0.155641 -0.219301 -0.132349 0.0337724 -0.0156931 -0.0724589 -0.147238 -0.0275272 -0.0474339 -0.189458 0.117139 0.0977647 0.0499776 -0.179134 -0.120033 -0.121331 -0.302013 -0.00971847 -0.0267653 0.0200202 0.138868 -0.198568
internal_weight=16470 13046 12058 3667 2427 1973 3424 8391 2629 641 988 1989 1180 816 533 1332 1231 2035 6402 4594 1790 493 626 384 419 993 933 734 308 199
internal_count=16470 13046 12058 3667 2427 1973 3424 8391 2629 641 988 1989 1180 816 533 1332 1231 2035 6402 4594 1790 493 626 384 419 993 933 734 308 199
is_linear=0
shrinkage=0.03


Tree=78
num_leaves=31
num_cat=0
split_feature=9 22 36 20 32 12 40 22 46 52 56 34 36 11 44 3 37 24 12 50 48 39 42 32 8 8 44 16 46 47
split_gain=164939 33339.4 25414.1 21226.7 20190.7 15540.8 17019.1 14067.9 9701.55 8887.54 8682.89 7884.13 7221.04 7035.2 6609.44 6708.26 6586.71 6573.28 6567.26 6455.64 6029.46 5934.91 7690.93 5581.81 5440.54 5197.22 6079.69 5115.52 4915.47 6070.31
threshold=1414.6950000000004 9075.1654999999992 0.0014285714285869951 0.00060150375939914597 -0.0062631578947366295 -0.072063909774435761 -0.074439849624055768 9073.0407500000001 391.94868421052638 0.00024812030075187046 0.0011132706766917232 2388.1617500000007 1.0000000180025095e-35 3.1959903783138501 0.00010338345864661668 0.36357512974325668 8172.045000000001 0.043274436090189543 -0.054883458646615167 38.973078947368428 0.043100398053958433 3.1532177017875664 8.4227750000000032 -0.0020751879699236935 0.016387218045111045 -0.012052631578945037 0.00039165413533835274 -0.02076691729323411 393.70714285714291 0.84924764797300678
decision_type=2 2 2 2 2 2 2 2 2 2 2 2 2 2 2 2 2 2 2 2 2 2 2 2 2 2 2 2 2 2
left_child=1 3 7 12 5 -5 8 11 -7 19 20 24 -1 -10 -6 27 -3 -15 -14 25 -4 -20 -23 -24 -2 26 -8 -16 29 -26
right_child=2 16 10 4 14 6 9 -9 13 -11 -12 -13 18 17 15 -17 -18 -19 21 -21 -22 22 23 -25 28 -27 -28 -29 -30 -31
leaf_value=0.13993263352200044 0.14725350792803193 -0.064515075155803847 -0.18923835179955345 0.11245985864638543 0.13657572239989355 0.078268289963404333 0.15374384959519374 -0.18492754062973574 0.084962320393986171 0.10478949248335531 0.056874055981636043 -0.12406776671946951 0.14136821431482341 -0.35531831751953352 -0.050119175427165381 -0.16681733077306013 -0.23861821811723832 -0.13602060479353115 0.089062945871018734 0.12410028132465149 -0.29119599910039401 0.08737111734912982 -0.14301200388607224 0.042360208849070456 -0.2962314358131683 -0.15904876649944344 -0.1474996683864217 0.092110587156449375 0.10094308553459071 -0.00096376781130120875
leaf_weight=2890 275 613 966 483 1105 98 127 731 53 400 89 395 1026 341 295 129 287 195 1606 134 1161 490 379 237 93 479 113 987 180 188
leaf_count=2890 275 613 966 483 1105 98 127 731 53 400 89 395 1026 341 295 129 287 195 1606 134 1161 490 379 237 93 479 113 987 180 188
internal_value=0.00137306 0.0555483 -0.164221 0.069235 0.0221497 -0.0396522 -0.0775618 -0.0824547 -0.197445 -0.0117265 -0.232857 -0.0161184 0.104313 -0.243374 0.0816593 0.0385862 -0.120238 -0.275938 0.076744 -0.0664234 -0.245002 0.0522523 -0.00123181 -0.0717388 0.0419061 -0.102054 0.0118849 0.0593687 -0.0211195 -0.0993897
internal_weight=16545 12467 4078 11567 4939 2423 1940 1862 687 1253 2216 1131 6628 589 2516 1411 900 536 3738 853 2127 2712 1106 616 736 719 240 1282 461 281
internal_count=16545 12467 4078 11567 4939 2423 1940 1862 687 1253 2216 1131 6628 589 2516 1411 900 536 3738 853 2127 2712 1106 616 736 719 240 1282 461 281
is_linear=0
shrinkage=0.03


Tree=79
num_leaves=31
num_cat=0
split_feature=42 32 16 38 6 38 38 39 38 34 23 52 23 22 2 52 54 38 23 34 28 47 38 38 22 19 54 24 47 34
split_gain=158159 32885.4 18751.3 17192.2 17162.8 17536.5 12930.3 12848.8 12498.4 11945.2 10772.4 10458.1 10438.5 11421.6 10373.4 10255 10217.6 9731.82 9328.18 8488.84 7395.87 7321.51 7215.68 7193.79 8881.31 6977.46 6910.18 6388.86 6350.28 8214.72
threshold=8.4491425000000007 -0.006548872180451454 -0.0080977443609008305 8138.5792500000007 1589.2192500000003 8147.4082500000022 8141.415750000001 3.3169304848711856 8123.7335000000012 2388.025607142858 3.5000905345423257 -0.0043533834586466117 3.8206981522683399 9063.7002500000035 642.92225000000019 -0.0029473684210525363 23.335615000000001 8140.7982499999998 3.3398023677552051 2388.1421111111122 0.0031428571428570658 0.99376916785874825 8148.4617500000013 8125.9392500000022 9059.7455000000027 0.034420197559004065 23.251375000000003 0.40430072559018809 0.8288215454970792 2388.1320714285721
decision_type=2 2 2 2 2 2 2 2 2 2 2 2 2 2 2 2 2 2 2 2 2 2 2 2 2 2 2 2 2 2
left_child=4 2 15 14 6 7 -1 12 -9 -8 -11 21 19 17 -3 -2 -12 23 -7 25 -18 -10 -22 -14 -25 -6 27 -5 -13 -30
right_child=1 3 -4 26 5 18 9 8 11 10 16 28 13 -15 -16 -17 20 -19 -20 -21 22 -23 -24 24 -26 -27 -28 -29 29 -31
leaf_value=0.1241200563864802 -0.25362131942871396 0.1885453076968337 -0.06018549411174496 0.078748935004937529 0.2131564273580443 -0.57335969575615819 0.095367679209192688 0.30678291885941117 -0.13674623428636296 0.11709464192849724 0.056652224955202606 0.11962881138379775 -0.19474579782019147 -0.24019234711738457 -0.067922430087478364 -0.1343926531494275 -0.043285567132837099 0.39175357987483339 -0.11257264421680781 -0.3115205758268183 -0.30886239289641382 -0.49564605061109962 0.0056288396678864953 0.10319542149823635 -0.1699175997717878 -0.057723730930260245 -0.26125939275537213 -0.15881007138497402 -0.039074097311927139 -0.43379974661500381
leaf_weight=4013 2088 430 896 192 703 42 2075 80 156 437 468 198 112 132 211 948 482 71 507 32 249 76 89 687 126 97 202 215 456 52
leaf_count=4013 2088 430 896 192 703 42 2075 80 156 437 468 198 112 132 211 948 482 71 507 32 249 76 89 687 126 97 202 215 456 52
internal_value=-0.000970985 -0.138263 -0.180864 -0.00421792 0.0617735 0.00683967 0.086568 0.0355729 -0.0508603 0.0468889 -0.0114476 -0.0816571 0.0804683 0.0209684 0.104149 -0.216448 -0.0551172 0.0557863 -0.148802 0.161014 -0.118899 -0.25594 -0.22628 0.0296033 0.0607112 0.180281 -0.118262 -0.0468246 -0.0241048 -0.080252
internal_weight=16522 5182 3932 1250 11340 3527 7813 2978 1018 3800 1725 938 1960 1128 641 3036 1288 996 549 832 820 232 338 925 813 800 609 407 706 508
internal_count=16522 5182 3932 1250 11340 3527 7813 2978 1018 3800 1725 938 1960 1128 641 3036 1288 996 549 832 820 232 338 925 813 800 609 407 706 508
is_linear=0
shrinkage=0.03


Tree=80
num_leaves=31
num_cat=0
split_feature=46 20 0 24 16 4 56 4 36 48 36 14 24 18 18 19 18 0 44 16 55 6 15 47 47 39 12 3 18 56
split_gain=140727 33553.3 28520 20830.7 20815.7 19687.1 19345.4 12153.8 11003.2 10784 10655.2 8998.56 8233.62 7790.21 6823.85 6635.25 7684.96 6616.53 6523.44 6389.2 6277.24 6505.14 8314.16 7521.92 6408.27 6249.4 6247.06 6109.31 6107.28 5821.3
threshold=393.44097222222229 0.0007819548872140858 70.500000000000014 0.37113909774433956 -0.0372406015037604 0.0015075187969926063 -0.0020582330827067872 0.003375939849624495 0.00029323308270684219 0.027170198222829806 -0.0005488721804480641 553.56575000000009 0.27599999999997332 2388.1235147058828 2388.0876973684221 0.026095976701345554 2388.075131578948 176.50000000000003 0.00042793233082705006 -0.042962406015038472 0.058760815042362198 1588.9202500000004 0.40480334722584077 0.89380735203883022 0.86890259624628674 3.1827722117635737 0.10006015037594143 0.34744693833117346 2388.0397500000008 0.0013640225563909803
decision_type=2 2 2 2 2 2 2 2 2 2 2 2 2 2 2 2 2 2 2 2 2 2 2 2 2 2 2 2 2 2
left_child=2 3 -1 -2 28 18 8 12 -6 26 -7 13 17 27 -11 16 -13 20 -3 -12 21 -8 23 -23 -24 -25 -10 29 -4 -9
right_child=1 5 4 -5 6 10 7 11 9 14 19 15 -14 -15 -16 -17 -18 -19 -20 -21 -22 22 24 25 -26 -27 -28 -29 -30 -31
leaf_value=0.10934342405024365 0.06306273590842397 0.084668548536747684 0.034860112433250136 -0.14671336051656778 0.036395655408897817 0.045670389692908278 0.14116498485973902 -0.23542485041942979 0.058729895331708325 -0.13646910460307621 -0.31568608649879837 0.11610440766100177 -0.012614272025494795 0.10181488935605633 -0.37501435375421083 0.018240878878330643 0.52973426252603528 0.37315540472800668 -0.10782127096853272 -0.20485356846828759 0.20544505112832137 0.29325366969025413 -0.57011620620886483 0.17141615095021931 -0.080744449377059921 -0.30082969478730642 -0.13253423290074079 0.14167864617847262 -0.29361137044139024 0.021227186449936455
leaf_weight=5363 1051 249 64 715 743 132 524 335 330 311 610 263 344 165 166 846 47 110 432 2082 605 85 35 45 74 55 286 62 245 104
leaf_count=5363 1051 249 64 715 743 132 524 335 330 311 610 263 344 165 166 846 47 110 432 2082 605 85 35 45 74 55 286 62 245 104
internal_value=-0.000732669 -0.128555 0.0593925 -0.0219042 0.0135419 -0.18227 0.0269355 0.0664433 -0.0526538 -0.113166 -0.217175 0.0112353 0.119999 -0.076532 -0.220096 0.0618227 0.180318 0.149746 -0.0374186 -0.230076 0.132226 0.0778878 -0.0349882 0.0874113 -0.241637 -0.0887259 -0.0301422 -0.135355 -0.225685 -0.174713
internal_weight=16478 5271 11207 1766 5844 3505 5535 3699 1836 1093 2824 1822 1877 666 477 1156 310 1533 681 2692 1423 818 294 185 109 100 616 501 309 439
internal_count=16478 5271 11207 1766 5844 3505 5535 3699 1836 1093 2824 1822 1877 666 477 1156 310 1533 681 2692 1423 818 294 185 109 100 616 501 309 439
is_linear=0
shrinkage=0.03


Tree=81
num_leaves=31
num_cat=0
split_feature=9 22 32 20 1 12 52 22 48 32 23 23 22 34 11 40 15 37 31 16 46 52 15 7 14 27 20 54 38 31
split_gain=138026 29617.5 22614.2 18441.8 16518.2 11319 10962 9008.64 8775.22 8390.76 7716.59 7710.17 7807.06 10238.6 7227.4 7778.76 7173.27 6623.31 6172.77 5773.81 5168.97 5052.31 5022.69 5621.67 6272.78 4976.04 4907.03 4855.78 5637.03 5450.6
threshold=1414.8350000000003 9074.7102500000019 -0.0096315789473658993 0.00063909774436493691 642.72500000000014 -0.052417293233083834 -0.0057518796992480784 9075.7030000000013 -0.0090567327409432647 -0.0034436090225564214 3.3516353465122317 3.5520818872459308 9060.5447500000009 2388.0275961538468 3.5562464410973829 0.013924812030074491 0.46845357281814332 8172.045000000001 0.29260361395446122 -0.01201127819548895 392.97500000000008 -0.002706766917293111 0.31437675601986725 3.5595023177057343 553.42825000000028 0.094190631054396692 0.0011578947368342141 23.401751666666673 8128.1587500000014 0.24676279094882483
decision_type=2 2 2 2 2 2 2 2 2 2 2 2 2 2 2 2 2 2 2 2 2 2 2 2 2 2 2 2 2 2
left_child=1 3 6 11 8 -6 -2 26 -5 14 -7 -1 -13 -14 -10 27 21 -3 22 -8 -18 -12 -15 -24 -25 -26 -4 28 -16 -30
right_child=2 17 7 4 5 10 19 -9 9 -11 16 12 13 18 15 -17 20 -19 -20 -21 -22 -23 23 24 25 -27 -28 -29 29 -31
leaf_value=0.14810292397435773 -0.25706142125006892 -0.058382944917344519 0.079317092795900268 0.1286215666254544 0.092382801952042487 0.078415988499129355 -0.17968580118992825 -0.18098653454749666 0.082440562326549074 0.087427625756917121 -0.17991811978805344 0.10583269979463056 0.10868169410828432 0.2777012478504608 0.13537376170934634 0.02011910558567493 0.023997953904641642 -0.23003672788688856 -0.11018813293856201 -0.055564619806381679 -0.3732297403179109 -0.031726735319553008 0.14117604367519643 -0.27047952878079851 0.14513500240864233 -0.11501640668859446 -0.07032120230852773 0.089294779747724526 0.053071974284119076 -0.27391469763932613
leaf_weight=1808 1375 657 465 1032 331 175 1080 281 380 1028 375 2991 814 66 42 428 36 292 494 492 159 462 175 97 127 136 341 63 53 327
leaf_count=1808 1375 657 465 1032 331 175 1080 281 380 1028 375 2991 814 66 42 428 36 292 494 492 159 462 175 97 127 136 341 63 53 327
internal_value=0.000591417 0.049668 -0.152039 0.0628535 0.0185471 -0.0628299 -0.195166 -0.0350425 0.0558819 0.0234978 -0.105436 0.095151 0.0755866 0.0281667 -0.027358 -0.0730975 -0.136658 -0.111386 -0.0317309 -0.140899 -0.300147 -0.0982562 0.0328339 0.00216422 -0.0656149 0.0106819 0.0159999 -0.155231 -0.191861 -0.228289
internal_weight=16582 12548 4034 11599 4891 1538 2947 1087 3353 2321 1207 6708 4900 1909 1293 913 1032 949 1095 1572 195 837 601 535 360 263 806 485 422 380
internal_count=16582 12548 4034 11599 4891 1538 2947 1087 3353 2321 1207 6708 4900 1909 1293 913 1032 949 1095 1572 195 837 601 535 360 263 806 485 422 380
is_linear=0
shrinkage=0.03


Tree=82
num_leaves=31
num_cat=0
split_feature=42 0 40 12 44 23 38 44 0 46 20 31 4 54 19 4 0 36 36 12 52 11 31 28 18 38 38 39 20 31
split_gain=130872 28428.8 23542.7 20442.1 20277.7 15735 12788 12287.6 11949.5 11848 11031 10686.5 10553.5 10035.9 9900.04 8822.61 8519.68 8226.8 7832.79 7832.15 6742.4 8373.52 6484.18 6101.97 5874.97 8300.18 9207.94 8372.94 5822.12 5807.33
threshold=8.4534850000000024 70.500000000000014 -0.25549624060151599 0.23387969924812038 0.001108383458646644 3.8206981522683399 8142.1080000000011 0.0016688345864661477 150.50000000000003 391.97500000000008 -0.00039777753206394323 0.34164144215824316 0.0099275210084051862 23.301110000000005 0.035337656968151589 0.012571428571430216 189.50000000000003 0.0021127819548864934 0.00051879699247628635 0.028454887218047103 -0.0060150375939849506 3.3640132805229421 0.35285460885281933 0.0032932330827067182 2388.023000000001 8141.415750000001 8145.1734166666665 2.9168056799081072 0.00018045112781853 0.36881940018667186
decision_type=2 2 2 2 2 2 2 2 2 2 2 2 2 2 2 2 2 2 2 2 2 2 2 2 2 2 2 2 2 2
left_child=1 -1 -3 5 12 8 7 11 10 -8 -4 14 19 28 20 24 29 -10 -15 -2 21 -7 -17 -6 -12 -26 -27 -28 -5 -13
right_child=4 2 3 13 23 6 9 -9 17 -11 15 16 -14 18 -16 22 -18 -19 -20 -21 -22 -23 -24 -25 25 26 27 -29 -30 -31
leaf_value=0.10066756607275777 0.10271385855463722 -0.31706697042791421 0.20365229833844195 -0.010339201082076345 -0.077950412564389407 -0.42844292129461581 0.11832720325510697 -0.33436868991841795 0.30050478394459157 -0.096561301581529993 0.23321892145997397 -0.079620653941673183 -0.14907444819236934 0.081947074741913747 -0.16194608706946126 -0.076974179210476071 0.29483164495543429 -0.035387718530371787 -0.11514864028550745 -0.068362460536516956 0.16702172264423684 0.086443113531385146 -0.54153663517967343 -0.23793390323595948 0.099723919738354733 -0.27611531128631023 0.33415953787623859 -0.13519475223353275 -0.24457272766336907 -0.44401906013488768
leaf_weight=5509 321 193 414 125 249 38 280 66 381 1297 156 120 1205 358 106 216 37 79 366 955 1013 104 30 1609 553 136 60 77 405 58
leaf_count=5509 321 193 414 125 249 38 280 66 381 1297 156 120 1205 358 106 216 37 79 366 955 1013 104 30 1609 553 136 60 77 405 58
internal_value=-0.000166882 0.0502438 0.00857564 0.0183295 -0.141619 0.0444546 0.00169298 0.0631035 0.107874 -0.0583565 0.0699317 0.081091 -0.0854409 -0.0903903 0.114421 0.024721 -0.114017 0.242867 -0.0177111 -0.0252785 0.139902 -0.0533759 -0.135591 -0.216547 0.0649778 0.0329598 -0.102151 0.0712938 -0.189452 -0.200174
internal_weight=16516 12177 6668 6475 4339 5221 3119 1542 2102 1577 1642 1476 2481 1254 1261 1228 215 460 724 1276 1155 142 246 1858 982 826 273 137 530 178
internal_count=16516 12177 6668 6475 4339 5221 3119 1542 2102 1577 1642 1476 2481 1254 1261 1228 215 460 724 1276 1155 142 246 1858 982 826 273 137 530 178
is_linear=0
shrinkage=0.03


Tree=83
num_leaves=31
num_cat=0
split_feature=42 0 4 32 52 50 40 8 56 24 0 18 44 4 26 50 2 12 12 0 18 16 16 19 0 12 14 11 3 14
split_gain=116802 25804.5 23740.2 23605.3 19417.9 14397.3 12786.3 11678.9 11201.2 10436.8 11790.1 11438.4 9878.5 8770.22 8522.04 8413 8327.79 7364.21 7319.1 7098.68 7220.32 6834.16 6561.46 6992.89 7657.4 6878.45 6453.09 7880.02 6272.01 6259.02
threshold=8.4514025000000021 72.500000000000014 0.0089473684210503949 -0.026849624060150144 -0.0032932330827067043 38.925562500000005 -0.27491695146958256 -0.030875939849622048 0.001157481203007522 0.37113909774433956 151.50000000000003 2388.1202500000009 0.0014539097744360738 -0.0067932330827072127 47.472071428571432 38.877250000000011 642.60175000000015 0.4133433583959904 -0.1439464285714511 180.50000000000003 2388.0322500000007 -0.0054436090225565255 -0.035557607253428346 0.027617928959233141 189.50000000000003 0.24181203007518698 553.17475000000024 4.1772672559606967 0.32218007386800251 553.09025000000031
decision_type=2 2 2 2 2 2 2 2 2 2 2 2 2 2 2 2 2 2 2 2 2 2 2 2 2 2 2 2 2 2
left_child=1 -1 7 19 5 13 -6 29 17 10 11 12 14 -5 16 28 -8 -4 -15 20 -3 -9 -20 24 25 -24 27 -13 -16 -2
right_child=2 3 8 4 6 -7 9 21 -10 -11 -12 26 -14 18 15 -17 -18 -19 22 -21 -22 -23 23 -25 -26 -27 -28 -29 -30 -31
leaf_value=0.097732754010924155 0.01896643031041248 0.038540871311579974 -0.16621771320310302 0.067163747339027705 -0.38161647131568505 0.08301751113464359 0.076563225186628475 -0.12539098127041645 0.077123259763482582 -0.062284140756668202 0.21290335824674506 -0.04664913035279443 -0.1973781085729599 0.1449146099869586 -0.081749946470174514 -0.45162528068520302 0.46634355885141032 -0.28069308116664882 -0.36221756152686524 0.07669032641686499 -0.31880495810033471 0.016957781383131917 -0.0066884848476856714 -0.19063740904522966 0.34581856780431486 -0.34694704162540718 0.33532607490082783 0.35660946414551947 0.15435409171060777 0.26828898765024595
leaf_weight=5595 353 61 1897 231 56 517 1558 1127 141 461 578 128 149 78 352 42 50 694 121 67 300 415 265 616 43 66 195 65 141 121
leaf_count=5595 353 61 1897 231 56 517 1558 1127 141 461 578 128 149 78 352 42 50 694 121 67 300 415 265 616 43 66 195 65 141 121
internal_value=0.000338543 0.0511361 -0.125195 0.00866645 0.0247815 -0.0524195 0.0643977 -0.0470705 -0.182807 0.0712144 0.0901175 0.0635666 0.0380199 -0.101754 0.0544712 -0.0491779 0.0889656 -0.196976 -0.1346 -0.205958 -0.258483 -0.0870944 -0.154337 -0.128589 -0.0261562 -0.0753753 0.213991 0.0903015 -0.0140475 0.0830429
internal_weight=16483 11735 4748 6140 5712 1937 3775 2016 2732 3719 3258 2680 2292 1420 2143 535 1608 2591 1189 428 361 1542 1111 990 374 331 388 193 493 474
internal_count=16483 11735 4748 6140 5712 1937 3775 2016 2732 3719 3258 2680 2292 1420 2143 535 1608 2591 1189 428 361 1542 1111 990 374 331 388 193 493 474
is_linear=0
shrinkage=0.03


Tree=84
num_leaves=31
num_cat=0
split_feature=46 16 0 28 56 8 40 44 24 19 14 0 0 8 44 23 8 2 18 40 10 15 50 51 14 36 22 22 12 52
split_gain=117332 29482.2 22870.7 20176.5 16828.8 15881.2 11539.4 10882.5 10279.5 9450.51 8680.71 8568.2 8415.44 8232.58 8198.15 7892.88 7745.38 7273.27 7557.58 6921.74 6684.31 6624.71 6255.06 10229.4 6151.57 6036.99 6486.84 8143.24 6142.57 5558.59
threshold=393.44097222222229 -0.0054436090225565255 78.500000000000014 0.0022030075187969953 0.00078691729323305452 0.052575187969927266 -0.15627443609022984 0.0003608270676691668 0.29698872180450031 0.033555923471192774 554.23275000000024 175.50000000000003 168.50000000000003 -0.23903007518797012 0.00092278195488720643 4.0231005338027739 0.090033834586465675 642.46725000000026 2388.132250000001 0.073263157894743053 1410.7977500000002 0.48377823678263659 38.859142857142864 0.090359006191967697 553.09025000000031 0.0011954887217974408 9060.8592500000013 9059.5832499999997 -0.10347628687101963 -0.0037218045112780663
decision_type=2 2 2 2 2 2 2 2 2 2 2 2 2 2 2 2 2 2 2 2 2 2 2 2 2 2 2 2 2 2
left_child=2 4 -1 8 7 12 -7 -2 9 11 25 14 13 -5 20 24 -6 -15 -19 -10 -4 29 23 -11 -3 26 27 -8 -27 -9
right_child=1 15 3 5 16 6 10 21 19 22 -12 -13 -14 17 -16 -17 -18 18 -20 -21 -22 -23 -24 -25 -26 28 -28 -29 -30 -31
leaf_value=0.092851341247455768 -0.084628350687344464 0.0085835938638969423 0.16289748275097699 0.32261238821528171 0.16936866881828458 -0.30781173169232429 -0.0090100790520402842 -0.22001809696520974 0.18055179236916935 0.076224849298596381 0.15363955497856321 0.36599127979658075 0.21578281436175914 0.0570059588708993 -0.032226044512829004 -0.052412073069453835 -0.1040917192245631 -0.14490775316505983 0.17796375715811003 -0.12143441642317014 -0.1282778306913219 -0.29079404321747904 0.058707283144301549 -0.43127703247885951 0.22295023262909014 0.19611132708980755 -0.11485716702152732 0.43673204836638074 -0.22519493596891757 -0.12158680756611888
leaf_weight=5950 872 268 1127 65 188 234 186 1301 84 67 129 127 184 523 293 696 183 465 75 348 75 643 234 75 218 33 465 45 402 864
leaf_count=5950 872 268 1127 65 188 234 186 1301 84 67 129 127 184 523 293 696 183 465 75 348 75 643 234 75 218 33 465 45 402 864
internal_value=-0.00223588 -0.119474 0.0526158 0.00688466 -0.157929 -0.0479107 -0.114761 -0.17734 0.0701524 0.0988365 -0.0786925 0.130235 0.0282419 -0.00251393 0.109976 0.0123448 0.034564 -0.0226792 -0.0998184 -0.0624335 0.144638 -0.20609 -0.0365983 -0.192963 0.105 -0.105304 -0.0503854 0.079331 -0.192857 -0.180811
internal_weight=16419 5233 11186 5236 4051 2806 1494 3680 2430 1998 1260 1622 1312 1128 1495 1182 371 1063 540 432 1202 2808 376 142 486 1131 696 231 435 2165
internal_count=16419 5233 11186 5236 4051 2806 1494 3680 2430 1998 1260 1622 1312 1128 1495 1182 371 1063 540 432 1202 2808 376 142 486 1131 696 231 435 2165
is_linear=0
shrinkage=0.03


Tree=85
num_leaves=31
num_cat=0
split_feature=9 0 12 36 44 40 48 48 38 22 20 50 0 34 0 51 4 0 40 50 20 26 52 0 56 15 54 15 22 0
split_gain=111007 24742.9 21743.9 19820.3 15562.6 11646.1 9207.67 8934.19 8499.8 8271.57 8096.73 7869.63 9563.29 7591.6 7074.89 7053.79 7017.77 6432.56 8149.86 6350.6 6125.2 6073.29 6029.79 5920.54 5877.99 7516.3 5771.04 5613.54 5305.83 5229.78
threshold=1414.8350000000003 99.500000000000014 0.17707894736842442 0.0010601503759433307 0.00093601503759398533 0.28403383458646475 0.015211104684788897 0.024906015037593991 8152.0775000000003 9074.7102500000019 0.0028571428571400881 38.899083333333344 200.50000000000003 2388.0005131578955 170.50000000000003 0.11240440382832018 -0.008609022556387633 30.500000000000004 -0.11650375939848993 38.925562500000005 0.00092481203007605656 47.285250000000012 -0.0066917293233081914 130.50000000000003 -0.0022933082706767037 0.32860519622192547 23.296965000000004 0.36623336130896184 9049.3852500000012 184.50000000000003
decision_type=2 2 2 2 2 2 2 2 2 2 2 2 2 2 2 2 2 2 2 2 2 2 2 2 2 2 2 2 2 2
left_child=1 8 4 9 5 7 -5 10 17 -2 15 12 16 -10 19 24 -4 -1 20 -6 -19 -22 -20 -9 25 -3 -14 -25 -26 -7
right_child=3 2 11 6 14 29 -8 23 13 -11 -12 -13 26 -15 -16 -17 -18 18 22 -21 21 -23 -24 27 28 -27 -28 -29 -30 -31
leaf_value=0.12404758247718041 0.0045099207438568378 0.39254544718512174 0.11280456592493197 -0.088486782910011608 -0.1723440484130023 -0.11428791435369073 -0.22147521313195462 -0.064179594003169596 0.0010169506404134963 -0.14458874418164722 -0.29370998930186032 0.012341744846263221 -0.042184587188924733 -0.58413715973496438 0.079396768429261785 0.015823586628216656 -0.20453828150518186 0.034741683844701353 -0.046454561593819339 0.05215503707757755 0.11040128683671355 -0.22641136171691345 0.089218681695575341 0.25845298691597929 -0.020793577446824026 0.012397545145549735 0.34893127425857207 0.023012353752960832 0.26920912994947882 0.16725660538169701
leaf_weight=2322 934 57 67 627 513 364 1876 373 53 521 35 396 129 31 203 237 864 497 317 145 63 197 4109 135 62 243 45 277 656 70
leaf_count=2322 934 57 67 627 513 364 1876 373 53 521 35 396 129 31 203 237 864 497 317 145 63 197 4109 135 62 243 45 277 656 70
internal_value=0.0013478 0.0453147 -0.00745323 -0.137039 0.0348491 0.0726094 -0.18821 0.102163 0.0791804 -0.0489413 0.150694 -0.102389 -0.143479 -0.219264 -0.075143 0.163311 -0.181604 0.0825495 0.0639379 -0.122868 -0.0269953 -0.144689 0.0794932 0.0223204 0.197599 0.0856898 0.060382 0.100598 0.244173 -0.0685974
internal_weight=16418 12460 4871 3958 3370 2509 2503 2075 7589 1455 1290 1501 1105 84 861 1255 931 7505 5183 658 757 260 4426 785 1018 300 174 412 718 434
internal_count=16418 12460 4871 3958 3370 2509 2503 2075 7589 1455 1290 1501 1105 84 861 1255 931 7505 5183 658 757 260 4426 785 1018 300 174 412 718 434
is_linear=0
shrinkage=0.03


Tree=86
num_leaves=31
num_cat=0
split_feature=9 0 44 36 39 51 46 56 20 39 56 19 48 51 52 38 39 15 48 19 21 36 0 10 46 21 36 6 52 16
split_gain=100181 29166.4 22651.7 18374.4 16294.9 12459.2 13250.9 10912.5 10229.1 9700.84 9520.81 7933.74 7366.25 7293.03 6766.08 7128.62 6762.84 8332.14 6678.71 6457.78 6120.12 6028.13 6026.41 6773.4 5944.28 5685.9 5669.08 5619.05 7891.54 5445.57
threshold=1414.8350000000003 72.500000000000014 0.0010687593984962296 0.0014285714285869951 3.5525046552871244 0.10421372267722351 392.17424242424249 -0.0026326315789473591 -7.5187969929359496e-05 5.1144566487929763 -0.0020582330827067872 0.026172504656615751 0.022932330827067672 0.078960433129511398 0.0055150375939849883 8136.4142500000007 2.588156486493983 0.36151185241608103 0.014366799351319477 0.033406586176938181 9050.7850000000017 0.00018045112782075242 175.50000000000003 1401.9965000000004 392.94558823529417 9067.2450000000008 -0.0013533834586452146 1587.3272500000003 -0.0064285714285714042 0.00066165413533842809
decision_type=2 2 2 2 2 2 2 2 2 2 2 2 2 2 2 2 2 2 2 2 2 2 2 2 2 2 2 2 2 2
left_child=1 -1 4 9 5 7 -7 16 -4 -2 26 24 13 20 15 -12 -3 -18 -5 21 -9 -8 23 -17 25 -10 -6 -15 -29 -13
right_child=3 2 8 18 10 6 19 12 11 -11 14 29 -14 27 -16 22 17 -19 -20 -21 -22 -23 -24 -25 -26 -27 -28 28 -30 -31
leaf_value=0.090736737490546351 -0.028182717133535311 -0.19317568726105422 0.046408880942913351 -0.09446532599590643 0.19016674151546079 0.14813267780837328 0.072735161353083486 -0.36384932500036321 0.39369960775742163 -0.205835364561233 0.15635887246288938 -0.22690231812845846 0.056021497195417227 0.12658086379966987 0.38422652150575931 0.098888115496182233 0.20778389489470883 -0.046989252101629971 -0.21988208948551718 -0.22509152232218033 0.079844853828979434 -0.092823288023755793 0.13477714854937334 -0.15346547795266108 -0.12234202479614931 -0.047055909203158483 -0.19148475210327887 -0.12451471599665556 0.29495143050778427 -0.024017493781963516
leaf_weight=5666 1468 144 304 498 37 333 308 33 51 340 166 718 791 485 38 120 173 343 1674 193 157 550 116 461 152 53 479 43 553 143
leaf_count=5666 1468 144 304 498 37 333 308 33 51 340 166 718 791 485 38 120 173 343 1674 193 157 550 116 461 152 53 479 43 553 143
internal_value=-0.00118387 0.0402339 -0.000981382 -0.132387 0.0265058 0.0567748 -0.0165068 0.0940272 -0.107759 -0.0616862 -0.0611821 -0.149721 0.127996 0.17271 -0.00229479 -0.0197393 -0.0121337 0.0386656 -0.191183 -0.0687626 0.00128068 -0.0333766 -0.0618434 -0.101264 -0.00306214 0.170775 -0.163803 0.202812 0.26453 -0.193273
internal_weight=16590 12610 6944 3980 5523 4106 1384 2722 1421 1808 1417 1117 2062 1271 901 863 660 516 2172 1051 190 858 697 581 256 104 516 1081 596 861
internal_count=16590 12610 6944 3980 5523 4106 1384 2722 1421 1808 1417 1117 2062 1271 901 863 660 516 2172 1051 190 858 697 581 256 104 516 1081 596 861
is_linear=0
shrinkage=0.03


Tree=87
num_leaves=31
num_cat=0
split_feature=2 0 8 40 35 40 32 46 56 8 0 44 0 36 24 36 27 0 38 14 4 24 28 34 23 22 14 6 34 38
split_gain=93611.2 25977.6 28755.2 18526.6 12061.6 12979.7 11297.9 10882.6 9142.28 8209.6 8989.99 8857.48 8045.28 7869.31 7630.48 7556.21 7307.34 7279.69 11639.6 8799.62 11009.4 10346.4 10699.7 8666.29 8245.74 7454.18 12592.4 17568 11129.6 11506.8
threshold=642.90875000000017 93.500000000000014 0.061454887218047947 -0.1450563909774352 0.035963522136953911 0.21775939849624773 -0.010849624060150337 395.3250000000001 -5.5977443608986916e-05 -0.25896240601503778 161.50000000000003 0.00098180451127821613 209.50000000000003 -0.00038345864661397009 0.26636466165413902 0.001849624060148694 0.094754449019254713 39.500000000000007 8152.0775000000003 554.27725000000021 0.012571428571430216 0.098177318295829499 0.0070451127819548915 2388.0390833333345 4.665720603085405 9060.5447500000009 553.59025000000008 1587.1647500000001 2388.1315192307698 8123.7335000000012
decision_type=2 2 2 2 2 2 2 2 2 2 2 2 2 2 2 2 2 2 2 2 2 2 2 2 2 2 2 2 2 2
left_child=1 17 4 -4 5 9 15 8 12 -3 11 -11 -2 -6 -8 -5 -13 -1 19 20 23 22 24 -19 -22 28 -27 -28 -25 -30
right_child=7 2 3 6 13 -7 14 -9 -10 10 -12 16 -14 -15 -16 -17 -18 18 -20 -21 21 -23 -24 25 -26 26 27 -29 29 -31
leaf_value=0.10835667976231533 -0.1662127511870693 0.43569279532197491 -0.27233017545398763 -0.068416152011849529 0.17420931926674463 -0.043013888951964105 0.062205707215350896 -0.25791413298315358 0.01849467292016722 0.10938768411614173 0.22919418362906252 0.11608310726338199 -0.034178175056269341 -0.19475026757223532 -0.090470576518381085 -0.23641413291603935 -0.19077109118532989 -0.087437737710708008 -0.46800858534299411 0.12639417978615339 -0.063288340809522198 0.085582036472819173 -0.66037453552609993 0.13860240797235354 -0.45865210515888116 -0.23737888527339732 -0.38439258194062853 0.18267693355843259 0.24793243564273182 -0.18406342490743482
leaf_weight=3109 1903 70 380 891 65 584 899 585 393 1077 412 111 532 247 437 330 185 338 38 1083 287 196 37 1442 56 168 59 272 75 205
leaf_count=3109 1903 70 380 891 65 584 899 585 393 1077 412 111 532 247 437 330 185 338 38 1083 287 196 37 1442 56 168 59 272 75 205
internal_value=-0.000305382 0.036273 -0.0118849 -0.0771542 0.0578001 0.080273 -0.0480537 -0.140169 -0.11573 0.119089 0.106436 0.0694598 -0.137392 -0.117573 0.0122356 -0.113977 -0.0756974 0.073462 0.0479521 0.0527102 0.0272236 -0.0911695 -0.182321 0.0538976 -0.128983 0.0754362 -0.0266196 0.0807447 0.105008 -0.0678797
internal_weight=16466 13053 5688 2937 2751 2439 2557 3413 2828 1855 1785 1373 2435 312 1336 1221 296 7365 4256 4218 3135 576 380 2559 343 2221 499 331 1722 280
internal_count=16466 13053 5688 2937 2751 2439 2557 3413 2828 1855 1785 1373 2435 312 1336 1221 296 7365 4256 4218 3135 576 380 2559 343 2221 499 331 1722 280
is_linear=0
shrinkage=0.03


Tree=88
num_leaves=31
num_cat=0
split_feature=9 0 32 52 20 4 40 44 7 48 20 24 24 42 0 34 7 20 12 26 3 31 0 56 8 40 4 8 22 52
split_gain=91895.8 25981.9 22028.9 18652.7 16981.5 13461.2 12971.6 9550.55 8999.38 8669.88 8233.78 7336.04 7117.47 6975.01 11302.1 6580.01 6108.93 5516.76 5498.59 5477.79 11524.4 8886.48 5027.42 5020.88 4740.43 4662.48 4786.38 4621.52 4535.41 4393.86
threshold=1414.6950000000004 75.500000000000014 -0.027563909774434139 -0.0057518796992480784 0.00060150375939914597 0.003375939849624495 0.23072556390977636 0.0013299248120300893 4.8129378732951045 0.030893409995577183 0.0011203007518812448 0.23358270676692344 0.38636842105264252 8.4358675000000023 151.50000000000003 2388.0197500000013 4.4573855285068928 -0.00061654135338341071 0.042342105263156404 47.357250000000015 0.28427759320232687 0.27519879178429435 189.50000000000003 -0.0019154135338345939 0.17139097744360832 -0.25549624060151599 0.017127819548872335 -0.078522556390978757 9058.3905000000032 -0.0070451127819548898
decision_type=2 2 2 2 2 2 2 2 2 2 2 2 2 2 2 2 2 2 2 2 2 2 2 2 2 2 2 2 2 2
left_child=1 -1 22 -2 6 9 8 13 17 24 12 -8 23 14 19 -11 -15 -4 -16 28 21 -21 -3 -5 -6 -19 29 -12 -7 -27
right_child=3 2 4 10 5 7 11 -9 -10 15 27 -13 -14 16 18 -17 -18 25 -20 20 -22 -23 -24 -25 -26 26 -28 -29 -30 -31
leaf_value=0.085804899390987718 -0.20273712953147735 -0.23045059853497632 0.15092578934188403 -0.054642420316482566 0.1267564070917013 0.19276969155676815 0.10522158123381126 -0.25836504055492915 0.33332159307015979 0.27607271644202147 0.048570333247960999 -0.10017047149503729 -0.11938417044970284 -0.091795315355349044 0.45254928678274153 -0.11015054349265083 -0.33736522164699195 -0.29158837733949933 0.086014547463582475 0.4123268419199369 -0.31733528155902468 -0.16479262644389892 0.039903831031071403 0.10343572136152974 -0.037387467756111549 -0.094172109395265574 -0.085346946101021642 -0.14084668063711764 -0.053493265005045157 0.096509838828865893
leaf_weight=5958 1619 429 736 298 678 97 216 267 137 43 128 561 370 519 59 409 110 34 97 43 161 52 72 457 206 119 181 1185 214 1180
leaf_count=5958 1619 429 736 298 678 97 216 267 137 43 128 561 370 519 59 409 110 34 97 43 161 52 72 457 206 119 181 1185 214 1180
internal_value=0.000314515 0.040361 -0.000545285 -0.123822 0.0151259 -0.036582 0.0634144 -0.0947223 0.0980609 0.0338922 -0.0713549 -0.0430112 -0.0117727 -0.0622382 0.00134367 -0.0728797 -0.135208 0.0835944 0.226639 -0.0609323 -0.163424 0.0980039 -0.191595 0.0410522 0.0885067 0.0507846 0.0588415 -0.122358 0.0236871 0.0789827
internal_weight=16635 12578 6620 4057 6119 2955 3164 1619 2387 1336 2438 777 1125 1352 723 452 629 2250 156 567 256 95 501 755 884 1514 1480 1313 311 1299
internal_count=16635 12578 6620 4057 6119 2955 3164 1619 2387 1336 2438 777 1125 1352 723 452 629 2250 156 567 256 95 501 755 884 1514 1480 1313 311 1299
is_linear=0
shrinkage=0.03


Tree=89
num_leaves=31
num_cat=0
split_feature=25 44 22 56 36 0 48 24 28 44 36 48 0 22 0 30 14 11 15 52 47 47 23 50 42 23 38 19 20 56
split_gain=83962.4 22469.9 14992.2 13726.8 12240.5 14371.2 13925.9 12430.5 10996.8 7999.54 7477.9 6695.23 6661.88 8713.37 13539.2 10994.8 8135.86 9324.96 6950.33 8159.18 6291.15 5865.64 6539.6 5852.12 5439.01 5396.72 5277.73 5658.77 4642.08 4609
threshold=47.645000000000003 0.00027680451127820154 9077.4182500000043 -0.0026326315789473591 0.00039849624059447401 45.500000000000007 0.034775750565224257 0.029432330827050903 0.0078270676691728509 0.001621278195488726 -0.0001278195488730899 0.013759924286240078 151.50000000000003 9060.5447500000009 139.50000000000003 522.05775000000028 553.8977500000002 3.7696802246819137 0.34271676027950643 -0.0023007518796992229 0.76640642130208259 0.82990929194032892 4.4755942340533146 38.970250000000014 8.4145472222222253 3.5000905345423257 8141.5202500000005 0.032691742076631392 0.0012406015037623732 -0.002229360902255628
decision_type=2 2 2 2 2 2 2 2 2 2 2 2 2 2 2 2 2 2 2 2 2 2 2 2 2 2 2 2 2 2
left_child=2 11 4 -3 25 -6 8 24 9 12 -5 -2 13 14 26 16 17 -15 -14 28 -12 22 -19 29 -8 -1 27 -7 -20 -9
right_child=1 3 -4 10 5 6 7 23 -10 -11 20 -13 18 15 -16 -17 -18 21 19 -21 -22 -23 -24 -25 -26 -27 -28 -29 -30 -31
leaf_value=0.13343387118679084 0.083278311357720097 -0.19013037298832081 -0.10565758123496183 0.050674162628875287 0.099964381237976421 0.16420178156123888 -0.058212031404177349 -0.19327972540073096 -0.19770100560703793 -0.23091333588284829 0.059251450879376499 -0.05212078810620057 0.40346498377945567 0.16897106775414134 -0.39397908704280848 0.086985785272649732 -0.32754450888796288 -0.46795972770796368 0.095171930088183351 0.27436373253166674 -0.12936612772095879 -0.044271805212694283 0.045747650883276945 0.16821861672259514 -0.28546200576750702 0.06600495322262466 -0.18698020251358258 -0.0057696159732969184 -0.25692229957349838 0.002250153410452357
leaf_weight=1446 566 2071 566 336 1440 787 134 159 184 92 181 781 88 117 49 384 131 77 73 119 1287 187 31 125 328 4103 50 227 61 337
leaf_count=1446 566 2071 566 336 1440 787 134 159 184 92 181 781 88 117 49 384 131 77 73 119 1287 187 31 125 328 4103 50 227 61 337
internal_value=-0.00129095 -0.100757 0.0446998 -0.137439 0.0526408 0.0194698 -0.0115412 -0.102163 0.0254209 0.0420952 -0.0768768 0.00479254 0.0527365 0.0321768 0.0887258 -0.0357412 -0.122532 -0.0567105 0.175279 0.0946346 -0.106086 -0.146487 -0.32144 -0.0144191 -0.219818 0.083597 0.111305 0.126183 -0.0658256 -0.0606926
internal_weight=16517 5222 11295 3875 10729 5180 3740 1083 2657 2473 1804 1347 2381 2040 1113 927 543 412 341 253 1468 295 108 621 462 5549 1064 1014 134 496
internal_count=16517 5222 11295 3875 10729 5180 3740 1083 2657 2473 1804 1347 2381 2040 1113 927 543 412 341 253 1468 295 108 621 462 5549 1064 1014 134 496
is_linear=0
shrinkage=0.03


Tree=90
num_leaves=31
num_cat=0
split_feature=13 22 12 36 56 48 46 32 23 12 44 16 24 12 44 16 15 20 52 14 28 32 56 26 18 10 43 27 38 22
split_gain=78475 24680.4 21537.6 14113.5 13121.8 9028.97 9261.01 8513.55 7142.44 6650.44 6509.73 6100.13 6090.73 5888.7 5176.05 5425.99 4662.01 3924.53 3790.27 4756.4 3724.79 4330.52 4149.75 3587.88 9214.58 5998.88 5586.11 6156.55 5293.99 4825.62
threshold=552.84500000000014 9074.7102500000019 0.17919924812030039 0.0010977443609009156 -0.00066372180451128987 -0.045739348370927309 392.02500000000003 -0.0042105263157903869 3.5000905345423257 0.1153796992481206 0.00014146616541352603 0.0078426212590295332 0.71813226247433992 -0.036432330827066067 0.0010687593984962296 0.00028195488721877176 0.41371714362709749 -0.0010375939849588979 -0.0017293233082705595 553.25525000000005 0.0025037593984962052 1.0000000180025095e-35 -0.0049717293233083439 47.486583333333343 2388.1165833333339 1405.9817500000001 0.016643754070557844 0.1208033295863865 8139.2072500000004 9048.6352500000012
decision_type=2 2 2 2 2 2 2 2 2 2 2 2 2 2 2 2 2 2 2 2 2 2 2 2 2 2 2 2 2 2
left_child=2 3 7 8 5 -5 -7 13 -2 20 -4 17 -3 -1 23 -16 -15 -11 19 -12 -8 22 -22 25 26 -10 -25 -28 -27 -26
right_child=1 12 10 4 -6 6 9 -9 14 11 18 -13 -14 16 15 -17 -18 -19 -20 -21 21 -23 -24 24 29 28 27 -29 -30 -31
leaf_value=0.058162348739774397 0.12476999182127893 -0.048094277714162061 -0.037432705259622556 0.15649582815816604 0.065713363289931881 0.062049381054205703 0.025175226001326854 0.080962976471288625 0.074760948772509564 0.09021378667915568 -0.19133631689580147 0.04827711698567045 -0.20213690790539265 -0.043458373187590514 -0.066740673579806814 0.0932439471521882 -0.17339974237022299 -0.24553658477364132 -0.1017488739502912 -0.426261408768776 -0.50990868606875017 0.042853709339001858 -0.13727402020006552 0.13690103479195387 0.016907646147800343 0.079135341946661025 -0.11179016389063799 0.20102705558141071 0.33558447736843378 0.16109019210535663
leaf_weight=261 1918 664 315 165 1507 345 324 468 3127 33 1736 86 354 557 546 292 449 485 421 81 30 108 217 127 363 136 565 62 156 492
leaf_count=261 1918 664 315 165 1507 345 324 468 3127 33 1736 86 354 557 546 292 449 485 421 81 30 108 217 127 363 136 565 62 156 492
internal_value=0.000416804 0.0394921 -0.109849 0.0524776 0.000484653 -0.0543455 -0.0757976 -0.0282658 0.0745169 -0.112884 -0.165259 -0.185229 -0.101807 -0.0686444 0.0580672 -0.0109495 -0.101569 -0.224014 -0.183226 -0.202038 -0.0483528 -0.115342 -0.184407 0.0695699 0.0326004 0.0869534 -0.0438215 -0.0805868 0.21682 0.0999671
internal_weight=16390 12102 4288 11084 3300 1793 1628 1735 7784 1283 2553 604 1018 1267 5866 838 1006 518 2238 1817 679 355 247 5028 1609 3419 754 627 292 855
internal_count=16390 12102 4288 11084 3300 1793 1628 1735 7784 1283 2553 604 1018 1267 5866 838 1006 518 2238 1817 679 355 247 5028 1609 3419 754 627 292 855
is_linear=0
shrinkage=0.03


Tree=91
num_leaves=31
num_cat=0
split_feature=9 0 16 20 4 15 40 37 50 22 40 0 42 23 15 20 42 0 23 13 0 22 51 36 54 22 27 0 34 34
split_gain=80065.2 18723.8 17977 15615.9 15568.9 11049.8 10699.4 8831.73 8628.33 8223.16 7907.41 7749.44 6589.46 6494.29 6398.2 6779.94 6181.68 5604.21 7244.99 5838.92 5459.22 8350.14 6244.12 5426.38 5217.94 5183.37 9165.71 5329.1 4938.4 4890.19
threshold=1414.6950000000004 98.500000000000014 -0.0087443609022563179 0.0011203007518812448 0.0042644460802338004 0.42383221916060815 0.26545112781955899 8149.0250000000005 38.910513157894748 9071.3887500000001 -0.25549624060151599 185.50000000000003 8.411821111111113 4.2825369524912764 0.36623336130896184 0.0018458646616522003 8.4049675000000033 71.500000000000014 5.5842208722388138 553.84500000000014 154.50000000000003 9070.0781875000011 0.1070268657861196 0.0026390977443622636 23.251375000000003 9049.2527500000015 0.10672862783714594 102.50000000000001 2388.1797500000007 2388.1421111111122
decision_type=2 2 2 2 2 2 2 2 2 2 2 2 2 2 2 2 2 2 2 2 2 2 2 2 2 2 2 2 2 2
left_child=1 9 4 7 5 20 10 28 11 13 -4 29 -7 -1 -12 25 -11 -15 19 -19 -3 22 -22 -5 -14 26 -16 -27 -2 -6
right_child=3 2 6 23 8 12 -8 -9 -10 16 14 -13 24 17 15 -17 -18 18 -20 -21 21 -23 -24 -25 -26 27 -28 -29 -30 -31
leaf_value=0.090136217189236326 0.058076938413606165 0.029761398999380968 -0.3129394200308756 -0.12876581240637272 -0.2243888428922291 0.28155901367599895 -0.073721386345540124 -0.12394058101794969 0.034601896492446334 0.010016811788082123 0.16075396049140314 -0.0071269244334376007 0.13090840746249469 0.054991103866954612 0.07749976322054862 -0.14955495991177206 -0.4971804399490356 -0.12141212688879571 -0.49837912607096851 0.07757860814609864 0.42288665772839024 -0.024124185757417427 -0.032127324955804004 -0.22084107721592053 -0.18277986543365271 -0.1623023194533128 -0.55853888683261399 0.12078666780384316 -0.11560620605148733 -0.024477843781351111
leaf_weight=5004 694 464 43 1586 841 36 482 658 245 47 759 238 55 1955 59 137 39 277 30 253 131 94 34 911 331 64 30 774 186 127
leaf_count=5004 694 464 43 1586 841 36 482 658 245 47 759 238 55 1955 59 137 39 277 30 253 131 94 34 911 331 64 30 774 186 127
internal_value=0.000102686 0.0374815 -0.00796712 -0.116127 -0.0623606 0.0203399 0.0521724 -0.0408913 -0.127589 0.0670248 0.0847137 -0.16054 -0.1015 0.0703719 0.0942597 0.0467199 -0.223062 0.0310275 -0.05258 -0.026455 0.091497 0.201557 0.329497 -0.162433 -0.137861 0.075857 -0.140719 0.0989988 0.0212771 -0.198213
internal_weight=16584 12549 4944 4035 2596 1145 2348 1538 1451 7605 1866 1206 422 7519 1823 1064 86 2515 560 530 723 259 165 2497 386 927 89 838 880 968
internal_count=16584 12549 4944 4035 2596 1145 2348 1538 1451 7605 1866 1206 422 7519 1823 1064 86 2515 560 530 723 259 165 2497 386 927 89 838 880 968
is_linear=0
shrinkage=0.03


Tree=92
num_leaves=31
num_cat=0
split_feature=2 0 4 16 23 56 6 8 35 24 0 55 43 24 0 16 24 0 26 6 51 56 28 36 26 38 24 26 36 12
split_gain=70712 21275.2 23868.9 19970.9 18612.1 12964.6 9511.69 9041.21 8295.44 8048.97 7572.76 7350.48 8326.25 9852.58 6752.79 6689.89 6613.11 6580.06 6331.47 5865.8 5811.98 5649.04 5635.6 5490.61 5318.37 9083.33 5229.44 5205.54 4808.67 4782.85
threshold=642.90875000000017 74.500000000000014 0.017996240601504235 -0.036116541353382998 3.5000905345423257 -0.00074582706766918299 1598.5920000000003 0.04010150375939691 0.039909272105604389 0.060018796992474914 175.50000000000003 0.06044080306373157 0.019645883784187548 0.17064285714286395 212.50000000000003 0.0073308270676695165 0.17342105263158622 184.50000000000003 47.325527777777786 1585.4217500000002 0.11548082121546048 -5.5977443608986916e-05 -0.0025639097744360041 -9.7744360900115231e-05 47.627250000000011 8134.1872500000009 -0.1018872180451184 47.256583333333346 0.00029323308270684219 0.030469924812028693
decision_type=2 2 2 2 2 2 2 2 2 2 2 2 2 2 2 2 2 2 2 2 2 2 2 2 2 2 2 2 2 2
left_child=1 24 3 18 17 8 14 10 11 19 16 27 23 -14 21 29 -7 20 -3 -4 28 -2 -11 -13 -1 -26 -20 -6 -5 -9
right_child=6 2 9 4 5 7 -8 15 -10 22 -12 12 13 -15 -16 -17 -18 -19 26 -21 -22 -23 -24 -25 25 -27 -28 -29 -30 -31
leaf_value=0.074955952104429402 -0.14495925605697205 0.11271005142347088 0.14717096351808115 0.21134187377989291 0.14833789426301205 0.15947617098077163 -0.23469557923712736 0.044318221969365634 -0.34083728502890687 0.29506579419544765 0.36503297773090376 0.12712201032787562 0.21935711605104249 -0.041152850818379147 -0.014046181125942902 0.15262659452513469 -0.0036547075289777142 0.33340744842859832 -0.42122786463456574 -0.2862514417181008 -0.056204753908805728 -0.0064559922959915193 -0.096812104966373089 -0.11482185451997944 -0.40916788059931536 0.24072799767217329 -0.1608052268675689 -0.095831841639994864 0.077134655957965953 -0.10209321197230453
leaf_weight=5849 1903 55 30 434 83 553 577 339 81 34 102 107 306 227 626 195 375 131 95 343 163 308 597 387 51 30 260 1244 541 490
leaf_count=5849 1903 55 30 434 83 553 577 339 81 34 102 107 306 227 626 195 375 131 95 343 163 308 597 387 51 30 260 1244 541 490
internal_value=-0.00212203 0.0295664 -0.0051958 0.0168917 0.0313078 0.00262103 -0.123707 0.0581164 -0.0441957 -0.140771 0.120828 -0.0338481 0.0263989 0.108539 -0.101059 -0.00501928 0.0936229 0.132703 -0.185149 -0.251091 0.109327 -0.125677 -0.0752632 -0.0622661 0.0716031 -0.168465 -0.231483 -0.0804595 0.137029 -0.0422404
internal_weight=16516 13102 7172 6168 5758 4489 3414 2054 2435 1004 1030 2354 1027 533 2837 1024 928 1269 410 373 1138 2211 631 494 5930 81 355 1327 975 829
internal_count=16516 13102 7172 6168 5758 4489 3414 2054 2435 1004 1030 2354 1027 533 2837 1024 928 1269 410 373 1138 2211 631 494 5930 81 355 1327 975 829
is_linear=0
shrinkage=0.03


Tree=93
num_leaves=31
num_cat=0
split_feature=46 16 0 12 44 4 46 20 0 42 4 16 0 23 8 38 34 54 51 55 48 38 22 23 54 34 3 32 20 30
split_gain=69437.5 21172.5 13307.5 14145.7 15113.1 12014.5 10400.8 10197.3 10503.6 9473.26 8306.08 7896.04 8595.16 7591.12 7579 7502.51 9932.57 7453.3 11132.3 9775.08 7867.1 7372.02 6697.19 8490.65 7920.37 6694.82 6490.24 6378.94 6370.56 6300.69
threshold=393.44097222222229 -0.0080977443609008305 75.500000000000014 0.1153796992481206 -0.00010988721804512112 0.012571428571430216 391.94868421052638 0.0027218045112716175 148.50000000000003 8.4468225000000015 0.017127819548872335 0.00087218045112826589 175.50000000000003 4.960908369109359 0.04010150375939691 8141.335750000002 2388.0890833333342 23.346790972222223 0.093002688094346087 0.060715217099641117 0.033208020050125318 8158.4652500000002 9064.4130000000023 3.5113441689707217 23.327472500000002 2388.025607142858 0.20207888239654731 -0.0070451127819553165 0.00066917293233158617 522.17307894736859
decision_type=2 2 2 2 2 2 2 2 2 2 2 2 2 2 2 2 2 2 2 2 2 2 2 2 2 2 2 2 2 2
left_child=2 5 -1 7 27 14 -6 8 10 21 15 12 26 -3 -2 17 22 18 -4 -20 -21 -10 24 -24 -17 -26 -8 -5 -28 -25
right_child=1 13 3 4 6 -7 11 -9 9 -11 -12 -13 -14 -15 -16 16 -18 -19 19 20 -22 -23 23 29 25 -27 28 -29 -30 -31
leaf_value=0.072690951695944112 0.011232882304170643 0.051088027742383912 0.19137200464723328 -0.029806107672932305 0.12705610468330089 -0.1808453716631637 0.1996975088746924 -0.26242611824170403 0.2618278043178765 -0.19271918676401439 -0.12130727298166141 0.0082424816225482294 0.056039075109342869 -0.10431862791301683 -0.1151978479411004 0.22833894328159443 -0.33671159408889811 0.19817311285307296 -0.15777590741740261 0.23482695913710794 -0.18504062048026493 -0.066882121179951348 0.26652501124518596 -0.062412512560037825 0.0036072324255579393 -0.33204925253506629 -0.11857248232896303 0.1620919563473226 -0.27044290605836774 0.16041585808817077
leaf_weight=5793 625 1029 288 280 170 1902 37 91 437 56 282 338 150 389 1343 50 76 450 281 142 55 71 150 347 94 123 462 350 544 169
leaf_count=5793 625 1029 288 280 170 1902 37 91 437 56 282 338 150 389 1343 50 76 450 281 142 55 71 150 347 94 123 462 350 544 169
internal_value=-0.00105806 -0.0907556 0.0409736 0.00751687 -0.0485422 -0.127084 -0.0950172 0.0488455 0.0581515 0.175009 0.0318027 -0.119743 -0.15598 0.00841184 -0.0750605 0.0512539 -0.00922427 0.101403 0.0443699 -0.0444151 0.117263 0.215845 0.017784 0.0686603 -0.108903 -0.1873 -0.186496 0.0768919 -0.200884 0.0107372
internal_weight=16574 5288 11286 5493 2331 3870 1701 3162 3071 564 2507 1531 1193 1418 1968 2225 1009 1216 766 478 197 508 933 666 267 217 1043 630 1006 516
internal_count=16574 5288 11286 5493 2331 3870 1701 3162 3071 564 2507 1531 1193 1418 1968 2225 1009 1216 766 478 197 508 933 666 267 217 1043 630 1006 516
is_linear=0
shrinkage=0.03


Tree=94
num_leaves=31
num_cat=0
split_feature=29 37 32 0 36 16 18 16 0 48 4 52 23 56 22 14 18 27 46 0 0 8 7 0 35 30 48 0 24 49
split_gain=62763.7 24477.2 14542.8 16797.4 13696.1 13462.8 8305.47 7988.09 9881.09 7112.69 7082.04 7294.23 6851.34 6687.64 6575.06 6777.16 8127.24 10085.3 6150.58 5378.66 5365.33 5190.83 5156.99 5444.77 5193.63 5623.96 5004.43 4831.97 4557.3 4774.4
threshold=520.8850000000001 8169.045000000001 -0.0059887218045103609 61.500000000000007 0.0010977443609009156 -0.026537593984962669 2388.022071428572 -0.0050187969924801847 182.50000000000003 0.046146616541353387 -0.0030526315789460878 0.0034962406015038149 4.5033664904778687 -0.00051755639097747139 9060.0742500000015 553.56575000000009 2388.1136250000004 0.092192732862447627 391.78174603174608 169.50000000000003 130.50000000000003 -0.051530075187969468 3.6421667654000589 40.500000000000007 0.026076809620795602 521.35158333333345 -0.051675143741707202 141.50000000000003 -0.05873684210526444 38.765000000000008
decision_type=2 2 2 2 2 2 2 2 2 2 2 2 2 2 2 2 2 2 2 2 2 2 2 2 2 2 2 2 2 2
left_child=5 2 3 -2 7 -1 -6 8 10 21 -5 18 14 -7 -4 16 17 27 -12 22 -11 -8 -14 -24 25 -25 -23 -16 29 -20
right_child=1 -3 12 4 6 13 9 -9 -10 20 11 -13 19 -15 15 -17 -18 -19 28 -21 -22 26 23 24 -26 -27 -28 -29 -30 -31
leaf_value=-0.17335421063584366 0.08039177972838428 -0.17494747683263667 0.1146614162834487 0.070384035063409844 0.1202017229974718 -0.090005073595586196 0.047915699436809074 0.074275219096463022 0.18146500714668412 -0.40288056173989939 0.1158621352314949 0.15007995195686816 0.075804606681966188 0.035773391075408653 -0.067281154200290003 0.078690171660756328 0.15442196534646974 -0.22523139165069619 0.0091903025703504674 0.25216734192084245 -0.14708799730484071 0.24433234769850967 0.080082133384851303 0.069410191809429839 -0.029671410006276294 -0.2944356672729872 -0.13929233114761647 0.24704620712376257 -0.12583452206856804 -0.41377747638502493
leaf_weight=1665 1732 500 2972 261 132 1483 197 1037 163 128 79 89 558 511 102 1503 142 259 31 81 177 31 259 50 530 157 760 76 606 105
leaf_count=1665 1732 500 2972 261 132 1483 197 1037 163 128 79 89 558 511 102 1503 142 259 31 81 177 31 259 50 530 157 760 76 606 105
internal_value=-0.000924095 0.0305807 0.0390059 0.00299943 -0.0323242 -0.110399 -0.105794 0.0118579 -0.0366823 -0.12894 -0.0671767 -0.106665 0.0687579 -0.0577702 0.0860244 0.0451103 -0.0420435 -0.10609 -0.134646 0.0153652 -0.255403 -0.089682 0.00286797 -0.0380292 -0.0795887 -0.206639 -0.123968 0.0675564 -0.161437 -0.318002
internal_weight=16376 12717 12217 5528 3796 3659 1425 2371 1334 1293 1171 910 6689 1994 5054 2082 579 437 821 1635 305 988 1554 996 737 207 791 178 742 136
internal_count=16376 12717 12217 5528 3796 3659 1425 2371 1334 1293 1171 910 6689 1994 5054 2082 579 437 821 1635 305 988 1554 996 737 207 791 178 742 136
is_linear=0
shrinkage=0.03


Tree=95
num_leaves=31
num_cat=0
split_feature=13 38 12 36 0 56 44 55 48 44 52 32 0 22 39 40 32 2 12 47 0 40 24 56 43 36 0 46 39 26
split_gain=59344.2 20422.4 14664.3 14426.3 16007.4 13923.4 6955.42 6570.73 6474.43 6458.48 5939.14 5866.4 5636.62 5926.52 5283.89 5345.92 5307.81 6448.06 5164.99 5269.32 5119.68 6111.86 5569.97 4536.62 4382.6 4004.23 3853.6 4800.79 3821.21 4544.17
threshold=552.77500000000009 8161.9947500000017 0.17919924812030039 0.0010977443609009156 44.500000000000007 -0.0016555639097744575 0.0019286090225563949 0.054381403767811136 0.040940586761020206 0.00073868421052631793 -0.0019060150375940302 0.00069924812030054348 155.50000000000003 9073.4602500000019 2.9653030831352329 -0.10727443609021441 -0.0020751879699236935 642.74825000000021 -0.09929323308270542 0.9993069989739547 58.500000000000007 -0.05245488721804159 -0.030436090225566998 0.0020995488721804304 0.019125389858899337 0.0017063246351094661 231.50000000000003 395.37500000000006 3.396105985605876 47.443166666666677
decision_type=2 2 2 2 2 2 2 2 2 2 2 2 2 2 2 2 2 2 2 2 2 2 2 2 2 2 2 2 2 2
left_child=2 3 11 9 -5 8 7 14 18 12 26 23 13 28 15 -7 17 -16 -6 25 -11 22 24 -1 -22 -20 -4 -28 -2 -30
right_child=1 -3 10 4 5 6 -8 -9 -10 20 -12 -13 -14 -15 16 -17 -18 -19 19 -21 21 -23 -24 -25 -26 -27 27 -29 29 -31
leaf_value=-0.070191089751381455 0.088179738500722832 -0.15477359846716418 -0.19037644012660093 0.094866063596694444 0.14753014734497774 -0.28911189213395116 -0.31619157593098601 0.077159540897738577 -0.23531997861113227 0.079269094345520957 -0.060177225230180251 0.099070802429515228 0.17924031427603088 -0.097394815501856039 -0.26780650947931534 0.13208289451834709 0.044249185881032264 0.10930952126488966 -0.060955687318691769 0.022975394338369367 -0.47635865544017991 0.016442381943065281 -0.020658664315938949 0.16451801199701768 -0.13633568206529939 -0.22607619556100642 0.036231397043163999 -0.21127730076111131 0.080767298121485975 -0.0285972031530752
leaf_weight=1213 4190 509 1616 952 80 31 55 865 343 734 548 264 444 187 210 178 122 50 235 209 56 1042 179 78 88 304 163 123 743 632
leaf_count=1213 4190 509 1616 952 80 31 55 865 343 734 548 264 444 187 210 178 122 50 235 209 56 1042 179 78 88 304 163 123 743 632
internal_value=-0.00119867 0.0311426 -0.101621 0.0390878 -0.0107543 -0.0482665 0.0119147 0.0245173 -0.125865 0.060922 -0.147341 -0.0295381 0.0763276 0.0683539 -0.0525312 0.0685298 -0.118772 -0.195143 -0.0802943 -0.104825 0.0154321 -0.0189279 -0.132731 -0.055894 -0.27094 -0.154331 -0.172409 -0.0705799 0.07394 0.0305151
internal_weight=16443 12438 4005 11929 3634 2682 1511 1456 1171 8295 2450 1555 6196 5752 591 209 382 260 828 748 2099 1365 323 1291 144 539 1902 286 5565 1375
internal_count=16443 12438 4005 11929 3634 2682 1511 1456 1171 8295 2450 1555 6196 5752 591 209 382 260 828 748 2099 1365 323 1291 144 539 1902 286 5565 1375
is_linear=0
shrinkage=0.03


Tree=96
num_leaves=31
num_cat=0
split_feature=41 0 12 52 16 40 39 0 38 38 32 18 38 0 6 26 30 15 27 23 39 22 0 14 30 6 23 0 32 40
split_gain=56193.9 17124.9 20085.7 12432.8 10855.3 9709.3 9862.02 10011.5 12445 14886.7 8530.06 7351.72 7886.3 7317.13 11424.5 13577.9 7338.62 6340.44 6263.93 6174.68 5878.02 5776.53 7033.07 8129.21 16668.8 8166.23 6232.86 5759.21 5410.28 5379.2
threshold=8.4694500000000019 58.500000000000007 0.23387969924812038 -0.0049172932330827082 -0.024174378253326599 -0.25549624060151599 3.877165930631282 148.50000000000003 8140.9852500000006 8145.1734166666665 -0.019172932330827532 2388.0685357142866 8152.0775000000003 92.500000000000014 1587.2890000000004 47.238535714285725 521.52215384615397 0.5056613244055882 0.082187286121394434 4.7014322106278073 5.52718253557933 9057.7665000000034 110.50000000000001 553.27625000000023 521.6110000000001 1587.3272500000003 5.2198829488669682 108.50000000000001 -0.0090112781954887738 -0.13796609169983942
decision_type=2 2 2 2 2 2 2 2 2 2 2 2 2 2 2 2 2 2 2 2 2 2 2 2 2 2 2 2 2 2
left_child=1 -1 3 19 -2 -5 7 8 21 13 -4 12 -11 14 15 -10 -16 -9 -15 28 -6 26 23 -23 -25 -26 -7 -14 -3 -12
right_child=4 2 10 5 20 6 -8 17 9 11 29 -13 27 18 16 -17 -18 -19 -20 -21 -22 22 -24 24 25 -27 -28 -29 -30 -31
leaf_value=0.076583250721633467 -0.15761218103324581 -0.086515346398532256 -0.18142131763324143 -0.2341287533256495 -0.032853940737941865 0.077487164871140823 -0.052419477542116129 0.18389891429613686 0.047627639203302319 0.14912885845014917 -0.20187214272469281 -0.12311477241887253 -0.39149749783481042 -0.52865120388426867 -0.25086436344818636 -0.48810694302184671 0.25017185260626401 -0.22433562892799574 -0.16852453348445978 -0.15523566854619361 -0.18592992848538942 0.33453138896038659 0.31288528905737156 -0.37542729126059843 -0.041880754260346292 0.34708719398036147 -0.27724531635318111 0.016554525175919901 0.057487234294136859 -0.014808487686205928
leaf_weight=4539 1748 456 569 106 1638 1480 673 776 92 617 159 160 40 52 32 78 131 35 254 384 261 94 217 72 95 98 45 129 482 1024
leaf_count=4539 1748 456 569 106 1638 1480 673 776 92 617 159 160 40 52 32 78 131 35 254 384 261 94 217 72 95 98 45 129 482 1024
internal_value=0.000269686 0.0296885 0.00419073 0.0281687 -0.10368 0.0487819 0.0546265 0.0706546 0.0496315 -0.0138325 -0.0860744 0.0617116 0.0994439 -0.125592 -0.0281045 -0.199597 0.150879 0.166026 -0.231245 -0.0540717 -0.0539796 0.0974927 0.178378 0.0964316 0.0110334 0.156397 0.0668448 -0.0817606 -0.0125359 -0.0400999
internal_weight=16536 12889 8350 6598 3647 5276 5170 4497 3686 1585 1752 946 786 639 333 170 163 811 306 1322 1899 2101 576 359 265 193 1525 169 938 1183
internal_count=16536 12889 8350 6598 3647 5276 5170 4497 3686 1585 1752 946 786 639 333 170 163 811 306 1322 1899 2101 576 359 265 193 1525 169 938 1183
is_linear=0
shrinkage=0.03


Tree=97
num_leaves=31
num_cat=0
split_feature=9 32 0 48 48 36 4 23 8 42 0 22 16 22 34 54 7 23 31 36 42 0 44 30 52 31 0 46 12 20
split_gain=53012.9 14269.5 17722.8 14162.1 12240 10654.4 8233.87 7712.38 7231.59 7194.93 6254.4 6034.78 5893.72 5870.7 11793 13012.4 6309.77 5487.14 5424.03 5116.28 5077.23 5394.04 4640.66 4544.4 4394.33 4803.81 6835.71 5494.54 5569.65 4281.12
threshold=1414.6950000000004 -0.0043421052631561242 65.500000000000014 -0.01347486362966239 0.043100398053958433 0.0024586466165421946 0.020646616541352775 4.5033664904778687 0.16705263157894532 8.4999475000000011 144.50000000000003 9055.7350000000024 -0.034601503759399153 9059.9115000000038 2388.0784166666676 23.270902500000002 2.9611937612404025 3.8888199688266734 0.28640770758706879 0.00034586466166031723 8.4075571895424854 40.500000000000007 0.00097003759398496287 521.46825000000024 0.0046992481203007907 0.2989178398367564 161.50000000000003 391.84412955465592 0.23928195488721979 0.0018721804511238947
decision_type=2 2 2 2 2 2 2 2 2 2 2 2 2 2 2 2 2 2 2 2 2 2 2 2 2 2 2 2 2 2
left_child=1 2 -1 -4 9 6 8 10 24 12 13 -12 -2 -3 22 -16 -17 29 -9 -6 -20 -22 -15 -18 25 -5 27 -27 -29 -13
right_child=4 7 3 5 19 -7 -8 18 -10 -11 11 17 -14 14 15 16 23 -19 20 -21 21 -23 -24 -25 -26 26 -28 28 -30 -31
leaf_value=0.069173715707700742 -0.13596428075071396 0.10058068826364164 0.065442343096983449 0.037769517640127301 -0.036975748008572971 -0.21066750740510734 -0.18370458328018063 0.064669995491358226 -0.11012609789788089 -0.23472644776798957 0.50380180997203805 0.28198172399129784 -0.0078208755367109011 0.089066435270104299 0.24739646667036519 0.1198964755675372 -0.20692186343826743 -0.00038150322219760683 0.097929782989474898 -0.17576353296964706 0.059733287529000693 -0.14377194664165177 -0.064191081828739435 -0.51663281764782654 0.18523273151367903 0.10933651173742193 0.10896545428176259 -0.095548080845349798 -0.34473921929284468 -0.046828296461770696
leaf_weight=2179 400 2433 965 955 285 397 341 697 693 171 48 225 1662 1082 57 33 113 142 162 1502 158 448 212 70 111 94 171 491 96 42
leaf_count=2179 400 2433 965 955 285 397 341 697 693 171 48 225 1662 1082 57 33 113 142 162 1502 158 448 212 70 111 94 171 491 96 42
internal_value=-0.000489892 0.0301705 -0.000546774 -0.0357704 -0.0951625 -0.0649453 -0.0452831 0.0638439 -0.0271417 -0.0482993 0.0834682 0.188528 -0.0327328 0.0714209 0.0261108 -0.152717 -0.258956 0.15039 0.00412428 -0.153662 -0.0508367 -0.0907018 0.0639276 -0.327554 0.00288348 -0.00841409 -0.0601645 -0.102731 -0.136819 0.230277
internal_weight=16435 12415 6493 4314 4020 3349 2952 5922 2611 2233 4457 457 2062 4000 1567 273 216 409 1465 1787 768 606 1294 183 1918 1807 852 681 587 267
internal_count=16435 12415 6493 4314 4020 3349 2952 5922 2611 2233 4457 457 2062 4000 1567 273 216 409 1465 1787 768 606 1294 183 1918 1807 852 681 587 267
is_linear=0
shrinkage=0.03


Tree=98
num_leaves=31
num_cat=0
split_feature=25 52 36 0 56 12 12 0 8 44 22 42 31 0 22 0 18 50 40 36 48 56 56 52 16 16 36 31 22 14
split_gain=53512.4 20143.4 11499.7 11939.1 11748.6 11494.8 8122.32 7817.23 7806.87 7706.45 7517.91 7067.4 6246.8 6715.83 5733.33 5719.98 5691.1 5683.81 7050.96 5517.35 5391.61 4889.92 4617.76 4416.58 4338.78 4303.25 4795.66 4233.65 5824.76 6556.63
threshold=47.635000000000012 -0.0052105263157895395 0.00038345864661055101 47.500000000000007 -0.0014163909774436176 0.036368421052630308 0.028454887218047103 176.50000000000003 -0.10216165413534038 0.0016446616541353394 9080.8690000000006 8.4364125000000012 0.29260361395446122 86.500000000000014 9060.1620000000021 161.50000000000003 2388.0710555555565 38.979750000000017 -0.025744360902277354 4.5112781957410557e-05 -0.012531328320802003 0.0013205639097744238 0.0010366917293233419 -0.0035714285714286589 0.011537593984962942 0.0073308270676695165 0.0023909774436077034 0.30013247075134303 9053.6715000000022 554.15825000000018
decision_type=2 2 2 2 2 2 2 2 2 2 2 2 2 2 2 2 2 2 2 2 2 2 2 2 2 2 2 2 2 2
left_child=2 21 10 -4 6 22 12 9 -7 20 15 16 -5 14 -14 27 -9 18 -8 -10 23 -2 -3 -6 -21 -22 -27 -1 -29 -30
right_child=1 5 3 4 7 8 17 11 19 -11 -12 -13 13 -15 -16 -17 -18 -19 -20 24 25 -23 -24 -25 -26 26 -28 28 29 -31
leaf_value=0.090414162350046845 -0.15613286313886923 0.037889638661014392 0.079958725276264811 0.10904621299770142 -0.040195488940242309 0.10625652795713716 -0.25288112850746564 0.081647732108831403 0.014518449708929885 -0.2747481591048011 -0.12307656337901696 0.0033407864556647838 -0.023391028483708699 0.029172408909693082 -0.47808166783431477 0.20778864299878477 0.52901779501778734 0.087916310389065055 -0.088283897109802306 -0.11088684091483676 -0.03426649303645922 0.065642278447989963 0.22547548161819575 0.15608904596271478 0.12412170474190969 0.14396223425339966 -0.253079024053389 0.11662570408804769 -0.049905310388127226 0.077132345291573229
leaf_weight=3149 2068 604 1514 296 141 231 361 41 471 82 176 87 44 160 57 279 69 102 669 1685 1175 93 146 380 73 238 30 570 861 634
leaf_count=3149 2068 604 1514 296 141 231 361 41 471 82 176 87 44 160 57 279 69 102 669 1685 1175 93 146 380 73 238 30 570 861 634
internal_value=0.00196924 -0.0757756 0.0395406 0.00840434 -0.0191607 -0.0280903 -0.0788968 0.0258363 -0.0594336 0.00841338 0.0694453 0.205831 0.0148784 -0.0919259 -0.28217 0.0756351 0.364509 -0.125011 -0.146162 -0.0766446 0.0203696 -0.146563 0.074658 0.102993 -0.101063 -0.00951238 0.0987417 0.0685251 0.0351181 0.0039844
internal_weight=16486 5371 11115 5446 3932 3210 1689 2243 2460 2046 5669 197 557 261 101 5493 110 1132 1030 2229 1964 2161 750 521 1758 1443 268 5214 2065 1495
internal_count=16486 5371 11115 5446 3932 3210 1689 2243 2460 2046 5669 197 557 261 101 5493 110 1132 1030 2229 1964 2161 750 521 1758 1443 268 5214 2065 1495
is_linear=0
shrinkage=0.03


Tree=99
num_leaves=31
num_cat=0
split_feature=25 56 52 38 38 23 6 19 40 23 46 27 6 54 30 11 43 10 15 50 47 20 54 18 38 35 3 32 51 32
split_gain=50374.7 17190.8 11682.7 11491.7 12011.4 10204.9 11384.8 8228.79 9923.99 6261.67 6181.75 6141.82 5975.94 10807 6867.39 6495.69 5975.54 5519.83 5085.94 4672.04 5016.08 4597.3 4583.98 4659.79 5181.45 4476.88 4463.22 4297.11 4293.24 6487.69
threshold=47.645000000000003 0.0010016165413533893 -0.0032481203007518338 8142.1080000000011 8143.3137500000012 3.779015016770535 1586.4505555555559 0.0338341543414701 -0.12472556390976706 4.4547037463482662 392.37980769230774 0.1042341114990674 1587.6235000000001 23.395240000000005 521.6037500000001 4.1638190252425842 0.013266395511297798 1404.0700000000002 0.49238272681512818 38.885250000000013 0.84924764797300678 0.00051127819548842785 23.261132500000006 2388.076250000001 8139.2072500000004 0.025416530054254555 0.23167541943609332 0.012563909774434922 0.090359006191967697 -0.0085563909774443291
decision_type=2 2 2 2 2 2 2 2 2 2 2 2 2 2 2 2 2 2 2 2 2 2 2 2 2 2 2 2 2 2
left_child=3 2 16 7 12 -6 -7 11 10 22 -9 -1 13 26 15 -14 -2 -11 27 -16 -21 -18 -10 -24 28 -20 -5 -4 -25 -30
right_child=1 -3 18 4 5 6 -8 8 9 17 -12 -13 14 -15 19 -17 21 -19 25 20 -22 -23 23 24 -26 -27 -28 -29 29 -31
leaf_value=0.097564257337686588 0.18712351011879302 0.085435271085085016 -0.031343259512440609 -0.016779020961962245 0.08969244972791332 0.057050504230736612 -0.068054623182151761 0.054551955602936825 0.41839514939580114 -0.38840906849274265 -0.31217221391452871 0.03102850604919706 -0.04663492971232959 0.030845099026415527 0.25624579175780798 -0.51668440337364485 -0.062792646442154085 -0.027915260755291132 0.1271274086430266 0.16090197430207179 -0.26003529042005535 -0.16053309359301365 0.1323466742198382 0.15944118946915914 -0.37460120837478073 -0.23623785898212218 -0.37578330114706238 0.21375888583820257 -0.31620256563333365 0.038703006696369911
leaf_weight=3663 50 522 1648 37 1228 1140 1535 58 31 51 141 1896 83 118 84 38 542 145 36 51 49 2191 335 118 33 181 200 66 64 161
leaf_count=3663 50 522 1648 37 1228 1140 1535 58 31 51 141 1896 83 118 84 38 542 145 36 51 49 2191 335 118 33 181 200 66 64 161
internal_value=-0.000926034 -0.0777953 -0.0958847 0.0348257 -0.00189017 0.0181339 -0.0147374 0.0598424 -0.0136836 0.027197 -0.205549 0.0748807 -0.120154 -0.20365 -0.0226209 -0.197279 -0.135216 -0.123213 -0.0391588 0.0926812 -0.0458897 -0.14118 0.0670403 0.0511549 -0.0213428 -0.175649 -0.320042 -0.0217861 0.0136344 -0.0632004
internal_weight=16495 5236 4714 11259 4563 3903 2675 6696 1137 938 199 5559 660 355 305 121 2783 196 1931 184 100 2733 742 711 376 217 237 1714 343 225
internal_count=16495 5236 4714 11259 4563 3903 2675 6696 1137 938 199 5559 660 355 305 121 2783 196 1931 184 100 2733 742 711 376 217 237 1714 343 225
is_linear=0
shrinkage=0.03


Tree=100
num_leaves=31
num_cat=0
split_feature=25 37 36 0 40 56 56 19 24 0 38 26 22 0 39 27 28 0 38 38 0 54 26 11 31 26 54 56 11 22
split_gain=48813.7 16596.4 11715.5 12720.8 12030.9 8053.87 8015.07 6337.43 8462.7 6279.49 5953.47 13942.2 11284.1 12548.7 6898.18 6602.91 5546.76 5670.35 5366.93 5506.34 5319.95 4926.93 4799.17 8869.19 5678.35 5557.65 7854.05 6319.72 5832.21 4636.64
threshold=47.775000000000013 8160.5550000000012 0.0010977443609009156 44.500000000000007 -0.11352891844996464 -0.0021727443609022025 -0.0014163909774436176 0.029647934160730582 0.12728947368419419 170.50000000000003 8142.1080000000011 47.472071428571432 9063.0752500000035 67.500000000000014 2.980249968236111 0.1042341114990674 0.0033984962406015096 193.50000000000003 8141.7312500000007 8146.0531666666675 152.50000000000003 23.309047500000002 47.627250000000011 4.0008150076600151 0.27753265573539782 47.569250000000011 23.284460000000006 -0.0011776691729323413 3.5491849466395435 9045.6515000000018
decision_type=2 2 2 2 2 2 2 2 2 2 2 2 2 2 2 2 2 2 2 2 2 2 2 2 2 2 2 2 2 2
left_child=1 2 9 -4 7 20 -2 8 -5 10 15 12 13 -12 -15 -1 18 -18 -7 -20 -6 -13 25 24 -24 26 27 -17 -27 -9
right_child=6 -3 3 4 5 16 -8 29 -10 -11 11 21 -14 14 -16 22 17 -19 19 -21 -22 -23 23 -25 -26 28 -28 -29 -30 -31
leaf_value=0.089594811178106651 -0.13344000965571623 -0.10334545598443537 0.085825405851894757 -0.11646133508425036 -0.136906378937488 0.1389333152729679 -0.02295117817256102 0.069708625741302974 0.34047543099453281 0.15053444176249164 0.020957498199875569 -0.085329556960922162 0.083666004312376197 -0.48731806542299971 -0.11239830958864931 0.023420748511950171 -0.070273061283143215 0.22461323421109805 -0.16083665431422345 0.080959882339338457 0.034287577994967788 -0.32291234470678093 -0.040780225286678393 0.19101208044325604 -0.47481663774876365 -0.029353698876708051 0.03333903016040965 -0.4145737828203101 0.28136698242425917 -0.27511975824832918
leaf_weight=3577 2323 830 972 240 543 549 793 39 42 572 431 387 1661 78 102 53 530 65 135 224 233 98 48 50 62 85 1229 66 149 320
leaf_count=3577 2323 830 972 240 543 549 793 39 42 572 431 387 1661 78 102 53 530 65 135 224 233 98 48 50 62 85 1229 66 149 320
internal_value=0.00157319 0.0264958 0.0350973 -0.00812548 -0.0394182 -0.00710035 -0.105338 -0.154131 -0.0474443 0.0545482 0.047732 0.0119489 0.0431286 -0.0670286 -0.276658 0.0662737 0.0334209 -0.0377358 0.0800391 -0.0101606 -0.0855261 -0.133902 0.0183625 -0.137702 -0.287493 0.0342236 0.0107452 -0.220931 0.168854 -0.23757
internal_weight=16486 13370 12540 3892 2920 2279 3116 641 282 8648 8076 2757 2272 611 180 5319 1503 595 908 359 776 485 1742 160 110 1582 1348 119 234 359
internal_count=16486 13370 12540 3892 2920 2279 3116 641 282 8648 8076 2757 2272 611 180 5319 1503 595 908 359 776 485 1742 160 110 1582 1348 119 234 359
is_linear=0
shrinkage=0.03


Tree=101
num_leaves=31
num_cat=0
split_feature=25 52 38 30 31 12 19 40 0 43 0 51 23 48 0 30 39 54 38 22 0 43 47 18 55 38 2 0 4 0
split_gain=44552.4 15802.6 10132.9 10245.4 8826.01 7394.24 7073.41 8053.13 8519.95 6710.16 9189.97 8859.26 8761.63 6164.14 6150.54 6895.02 6117.34 5966.92 6089.57 5273.61 10245.4 5189.14 6061.2 10041.7 8472.94 8513.09 8234.95 8294.56 7385.49 7395.73
threshold=47.635000000000012 -0.003924812030075317 8142.1080000000011 522.17975000000013 0.28456633670842357 0.064552631578949277 0.033804585487706533 -0.13116917293232186 65.500000000000014 0.018911659102256357 55.500000000000007 0.10850230412300023 3.8974579579461728 0.001783871443314168 185.50000000000003 521.3690454545457 3.0441743954392719 23.366615000000007 8144.2120000000004 9062.5420000000031 62.500000000000007 0.015788422177519131 0.786884607312896 2388.0770714285723 0.04893149943984313 8136.6322500000006 642.43300000000022 91.500000000000014 0.021131578947367669 67.500000000000014
decision_type=2 2 2 2 2 2 2 2 2 2 2 2 2 2 2 2 2 2 2 2 2 2 2 2 2 2 2 2 2 2
left_child=2 13 6 4 16 -3 14 8 -8 10 -6 12 17 -2 21 -16 19 18 -11 20 -4 -1 -23 26 25 -25 -24 -28 -26 -30
right_child=1 5 3 -5 9 -7 7 -9 -10 11 -12 -13 -14 -15 15 -17 -18 -19 -20 -21 -22 22 23 24 28 -27 27 -29 29 -31
leaf_value=0.13350204285003828 -0.020216185662771405 0.055447261897881336 0.15126782292500138 0.062195806743031913 0.10830760667356876 -0.053165202735955236 0.1007417456433177 0.025293027151600946 -0.32095292937622139 -0.10189049352918353 -0.19035342798144644 -0.18102701273013133 -0.054374973618893235 -0.14270875130722063 -0.060767102411815092 0.39918834969548894 -0.031240331528649974 -0.05133435158334948 0.3399442561730644 0.14176472566319864 -0.44367889225821605 0.1241975224028409 0.050623317942538645 -0.04842440965250501 0.034734278180259974 -0.39064812270252358 0.096939648248767121 0.37076527876158555 0.042649985790252684 -0.41416452682536581
leaf_weight=856 442 814 63 1521 108 1832 63 943 133 34 631 244 433 2272 41 100 765 80 150 466 43 866 1376 202 1409 96 261 161 59 68
leaf_count=856 442 814 63 1521 108 1832 63 943 133 34 631 244 433 2272 41 100 765 80 150 466 43 866 1376 202 1409 96 261 161 59 68
internal_value=-0.000832485 -0.071926 0.0332795 -0.00126582 -0.0332696 -0.019744 0.0569069 -0.011126 -0.185585 -0.0790249 -0.146619 -0.0258419 0.0286656 -0.122774 0.0710081 0.265956 0.0242401 0.164556 0.258191 0.0983654 -0.0919694 0.0658254 0.0529192 0.0358944 -0.0134965 -0.159609 0.0862537 0.202038 0.0149362 -0.203268
internal_weight=16532 5360 11172 4538 3017 2646 6634 1139 196 1680 739 941 697 2714 5495 141 1337 264 184 572 106 5354 4498 3632 1834 298 1798 422 1536 127
internal_count=16532 5360 11172 4538 3017 2646 6634 1139 196 1680 739 941 697 2714 5495 141 1337 264 184 572 106 5354 4498 3632 1834 298 1798 422 1536 127
is_linear=0
shrinkage=0.03


Tree=102
num_leaves=31
num_cat=0
split_feature=25 52 38 38 6 0 54 54 8 40 0 19 0 4 11 23 8 7 12 16 50 43 0 10 38 40 15 48 15 18
split_gain=42995.8 15713 9792.3 9861.33 10405.3 10345.8 14698.2 10661.9 9194.72 8032.21 9906 9767.98 7786.19 6662.82 6319.05 5806.1 5303.31 5788.04 5433.63 5104.44 4992.74 5338.45 4949.62 5461.81 4608.38 4841.39 4320.16 4206.91 4033.76 4320.39
threshold=47.645000000000003 -0.0014887218045113264 8142.1080000000011 8143.4023611111124 1589.636235294118 55.500000000000007 23.338737500000004 23.391722500000004 0.020398496240599109 -0.13466917293233466 45.500000000000007 0.033939281575026604 212.50000000000003 0.022000000000001321 4.3579570613826064 3.9445620000225223 0.27337218045112727 4.1745984088072987 0.12843233082706731 -0.036116541353382998 38.844105263157907 0.01850041857616962 179.50000000000003 1407.7315000000003 8148.4617500000013 -0.11924436090226334 0.51060851214294767 0.030893409995577183 0.35600667127473118 2388.0081176470599
decision_type=2 2 2 2 2 2 2 2 2 2 2 2 2 2 2 2 2 2 2 2 2 2 2 2 2 2 2 2 2 2
left_child=2 8 9 5 15 -4 14 -8 27 10 -1 13 26 16 20 22 17 18 -12 -10 -7 -22 23 -5 25 -3 -6 -2 -17 -30
right_child=1 24 3 4 12 6 7 -9 19 -11 11 -13 -14 -15 -16 28 -18 -19 -20 -21 21 -23 -24 -25 -26 -27 -28 -29 29 -31
leaf_value=0.090529175852874094 0.046222706509066409 -0.081415086013181009 0.060772107046583417 0.091850751269103761 -0.091768640969709991 -0.10922929500876104 -0.46527988497937856 0.033504816949367522 -0.1899754748265563 0.070744975990327488 0.068470371383781495 -0.31834177304309469 0.14889306137768121 -0.35281080547368748 -0.29648793962495079 0.075919149718446044 -0.33522494866297792 0.19715924320573155 -0.17494320911495653 -0.1030432275740792 -0.092255378111794184 0.35738643272396392 0.42399754029053904 -0.26035213678348357 -0.085801466226533535 0.072012932463833654 -0.35085293927695599 -0.091517257013946113 0.067018838840183517 -0.057817144303449558
leaf_weight=466 450 232 229 1231 632 84 178 49 872 5604 189 133 116 52 57 538 38 131 145 2025 36 67 38 40 336 901 63 357 347 881
leaf_count=466 450 232 229 1231 632 84 178 49 872 5604 189 133 116 52 57 538 38 131 145 2025 36 67 38 40 336 901 63 357 347 881
internal_value=0.000261943 -0.071407 0.0329473 -0.000889042 0.0177891 -0.104457 -0.18475 -0.357938 -0.104327 0.0559054 -0.0161565 -0.0884439 -0.0777385 -0.0328778 -0.0228243 0.0430006 0.000831169 0.0289543 -0.03741 -0.129266 0.0617252 0.200854 0.0908562 0.0805705 0.0116128 0.040552 -0.115724 -0.0147484 0.0074976 -0.022516
internal_weight=16517 5173 11344 4586 3886 700 471 227 3704 6758 1154 688 811 555 244 3075 503 465 334 2897 187 103 1309 1271 1469 1133 695 807 1766 1228
internal_count=16517 5173 11344 4586 3886 700 471 227 3704 6758 1154 688 811 555 244 3075 503 465 334 2897 187 103 1309 1271 1469 1133 695 807 1766 1228
is_linear=0
shrinkage=0.03


Tree=103
num_leaves=31
num_cat=0
split_feature=41 36 56 0 14 48 2 26 4 20 37 0 0 8 48 0 40 15 0 24 28 0 23 43 14 14 22 2 46 8
split_gain=40427.7 12190.4 13464.7 14645.2 9927.53 9042.14 7397.65 6498.29 6461.21 6116.8 5747.92 5229.86 5217.29 6303.84 5159.72 5105.16 4515.73 4427.88 4404.44 4942.19 4276.67 4828.7 4270.37 5196.02 5235.25 5952.65 4810.46 4698.57 8324.26 4249.04
threshold=8.4679500000000019 8.2706766913456952e-05 -0.00071710526315790226 53.500000000000007 554.23887500000012 0.043734335839599008 642.23707142857154 47.963250000000009 0.0048533834586475455 -0.00053383458646875709 8162.1900000000014 141.50000000000003 174.50000000000003 -0.018124060150375865 0.033945157010172498 112.50000000000001 -0.10214285714286116 0.39522256387303306 150.50000000000003 0.26636466165413902 0.0012781954887216866 158.50000000000003 4.7152559110447969 0.020450152810888425 554.08025000000009 553.73560714285725 9059.1845000000048 642.55575000000033 393.68333333333339 0.11480451127819452
decision_type=2 2 2 2 2 2 2 2 2 2 2 2 2 2 2 2 2 2 2 2 2 2 2 2 2 2 2 2 2 2
left_child=1 10 3 -3 6 7 15 17 14 -10 11 -1 22 -14 18 -5 -16 -2 -8 -20 -11 -22 26 -24 25 -25 -4 -28 29 -29
right_child=5 2 12 4 -6 -7 8 -9 9 20 -12 -13 13 -15 16 -17 -18 -19 19 -21 21 -23 23 24 -26 -27 27 28 -30 -31
leaf_value=0.056709179531112076 0.022670561425014907 0.071363589511898182 0.087761495377035911 -0.49884429669007657 0.090273232120349545 -0.13746693004153465 -0.022441569633222479 -0.19342710192822202 0.058936147887058032 -0.040864396159103332 -0.10742050274392323 0.15625574168205009 0.42262445966767914 0.083422389999642715 -0.30646706138638891 -0.023738299646685199 -0.059846127776147014 -0.068013027793552491 0.22848395108979269 -0.09600444519923905 -0.22329421149016018 -0.090041245500969175 0.029519792320478497 -0.13167624081458365 0.048859191988776259 -0.54988138708201317 0.04252591286601163 -0.06937902160072594 0.2236987071249279 -0.31378599865011647
leaf_weight=4335 883 878 1422 63 321 1688 585 236 156 306 174 533 67 182 84 30 316 1072 150 58 601 416 376 104 76 43 914 177 62 100
leaf_count=4335 883 878 1422 63 321 1688 585 236 156 306 174 533 67 182 84 30 316 1072 150 58 601 416 376 104 76 43 914 177 62 100
internal_value=-0.000680659 0.0255221 0.00123653 -0.0366867 -0.0674414 -0.0852992 -0.0857771 -0.0450636 -0.0765423 -0.118421 0.061577 0.0676384 0.0439052 0.176019 -0.0245686 -0.347467 -0.112272 -0.027064 0.0197557 0.137975 -0.139362 -0.16893 0.0338068 -0.0385494 -0.15294 -0.256897 0.0500176 0.00714703 -0.0880848 -0.158424
internal_weight=16408 12529 7487 3964 3086 3879 2765 2191 2672 1479 5042 4868 3523 249 1193 93 400 1955 793 208 1323 1017 3274 599 223 147 2675 1253 339 277
internal_count=16408 12529 7487 3964 3086 3879 2765 2191 2672 1479 5042 4868 3523 249 1193 93 400 1955 793 208 1323 1017 3274 599 223 147 2675 1253 339 277
is_linear=0
shrinkage=0.03


Tree=104
num_leaves=31
num_cat=0
split_feature=41 32 56 23 0 31 50 39 28 15 34 24 22 30 0 23 22 39 0 26 26 30 3 50 43 38 0 0 4 51
split_gain=37763.4 10512.2 10471.8 10751.4 11118.8 11252.8 8073.81 6269.55 6146.13 6104.01 6185.32 5538.21 5239.62 5171.86 5074.75 4885.42 4606.32 4774.07 4827.43 8008.46 4825.67 4582.03 4551.9 4698.06 4523.5 7968.65 4443.64 4432.82 4284.7 4262.83
threshold=8.4640500000000021 -0.021451127819548162 -0.00060360902255641861 3.5611455670527401 69.500000000000014 0.2994284138065873 38.977573529411778 6.7460614878776566 0.0084473684210526565 0.39961825533876799 2388.132583333334 0.032007518797003899 9071.9980000000014 520.18525000000022 155.50000000000003 4.7826318066709694 9060.5447500000009 3.2692566044824445 137.50000000000003 47.440544117647072 47.498750000000015 521.74975000000006 0.38864765503173898 38.762250000000016 0.020324461862454235 8135.5554999999995 100.50000000000001 195.50000000000003 0.012127819548870383 0.089716219269428119
decision_type=2 2 2 2 2 2 2 2 2 2 2 2 2 2 2 2 2 2 2 2 2 2 2 2 2 2 2 2 2 2
left_child=2 26 3 -1 -5 8 14 13 9 12 11 21 -6 -3 22 16 -4 -18 19 -19 29 -11 23 -7 -17 -26 -2 28 -15 -21
right_child=1 7 15 4 5 6 -8 -9 -10 10 -12 -13 -14 27 -16 24 17 18 -20 20 -22 -23 -24 -25 25 -27 -28 -29 -30 -31
leaf_value=0.066316756216777656 0.137662501177854 -0.23044242180666877 0.089995092540757216 0.038692660037363415 0.11316909224684736 -0.0307947495254807 0.14148627718289691 -0.1920336830768474 -0.1558863281099479 -0.35667088929526874 0.2007374632420236 -0.020365047306354554 -0.066728824704493345 -0.0034538294946765192 -0.053724665492518656 0.04232520736110304 0.067243627713711701 0.0021079772463714589 0.099628478123754416 -0.69745820622290333 -0.10582712924927473 -0.058832788101651455 0.12577413456780567 -0.22586823391055044 -0.33786503328382966 -0.0089721289310574874 -0.13911660727338179 0.064831733173480136 -0.10541597102471924 -0.22517434651248677
leaf_weight=1596 53 102 2967 1668 627 132 98 214 211 100 76 384 189 1157 420 572 1243 391 196 30 99 87 41 713 89 252 1802 507 545 42
leaf_count=1596 53 102 2967 1668 627 132 98 214 211 100 76 384 189 1157 420 572 1243 391 196 30 99 87 41 713 89 252 1802 507 545 42
internal_value=-0.0013605 -0.0769318 0.0257239 -0.00101673 -0.0236691 -0.0574651 -0.120067 -0.0370724 -0.00492 0.0169446 -0.0518284 -0.085737 0.0714709 -0.0226461 -0.139787 0.0545559 0.0662756 0.0310778 -0.0282388 -0.0729309 -0.243526 -0.219154 -0.180477 -0.195468 -0.00921823 -0.0955491 -0.131139 -0.0129512 -0.036146 -0.428818
internal_weight=16603 4380 12223 6342 4746 3078 1404 2525 1674 1463 647 571 816 2311 1306 5881 4968 2001 758 562 171 187 886 845 913 341 1855 2209 1702 72
internal_count=16603 4380 12223 6342 4746 3078 1404 2525 1674 1463 647 571 816 2311 1306 5881 4968 2001 758 562 171 187 886 845 913 341 1855 2209 1702 72
is_linear=0
shrinkage=0.03


Tree=105
num_leaves=31
num_cat=0
split_feature=41 38 36 56 12 0 12 16 0 8 0 48 16 44 50 38 46 55 0 31 38 0 26 0 2 20 15 38 15 44
split_gain=34692.8 11443.4 10152.7 11091.1 9445.26 9407.4 6288.37 5851.63 5420.25 4899.25 6211.03 5127.46 5533.02 6335.47 4812.09 5285.14 4687.82 4402.24 4324.91 6324.94 4297.67 5153.14 7177.08 5374.47 6334.33 4123.97 4027.61 3971.64 4335.91 3870.41
threshold=8.4684500000000025 8160.1312500000013 0.00018045112782075242 -0.0020861278195489327 0.030469924812028693 68.500000000000014 0.040255639097741096 -0.00075187969924940241 157.50000000000003 -0.051530075187969468 177.50000000000003 -0.012531328320802003 -0.0030111123396732663 0.00099278195488723057 38.979750000000017 8127.3597500000005 393.44097222222229 0.056731720182633512 86.500000000000014 0.2989178398367564 8140.7210000000014 179.50000000000003 47.472071428571432 136.50000000000003 642.59775000000025 0.0019473684210539379 0.41291691047184859 8143.0045000000009 0.35678687575536644 0.00081845864661654253
decision_type=2 2 2 2 2 2 2 2 2 2 2 2 2 2 2 2 2 2 2 2 2 2 2 2 2 2 2 2 2 2
left_child=1 2 20 5 -2 -4 18 26 14 10 -5 -11 13 17 15 16 -8 -13 19 -7 -1 22 29 -24 -25 -20 -6 -17 -29 -22
right_child=4 -3 3 9 7 6 8 -9 -10 11 -12 12 -14 -15 -16 27 -18 -19 25 -21 21 -23 23 24 -26 -27 -28 28 -30 -31
leaf_value=0.085517901862980125 0.03323174852244172 -0.11381939969651879 0.046647291994021824 0.065584782603363756 -0.073465579581101309 0.022808409122859728 0.24291456968100233 0.012137437378185225 -0.027048121682841045 0.075280870645330775 0.37504937920230824 -0.073614998770215573 0.044537413713783926 -0.17852156660291882 0.11447700577731035 -0.29073044200623488 -0.17972515544470619 0.043035296631352776 0.098393399204031576 -0.43672115043799081 0.070535950323930605 0.21250691165825478 -0.1768381861787188 0.43081429844902408 -0.048732762901833461 -0.16355228524316442 -0.14521889950746236 0.080533200278878211 -0.20658976729496104 -0.034196306143117985
leaf_weight=3016 581 512 652 1388 1287 67 43 382 324 861 60 601 992 269 48 356 50 563 300 44 1366 132 256 30 123 65 1564 63 184 413
leaf_count=3016 581 512 652 1388 1287 67 43 382 324 861 60 601 992 269 48 356 50 563 300 44 1366 132 256 30 123 65 1564 63 184 413
internal_value=0.00130323 0.025004 0.0308075 0.00685533 -0.078087 -0.0488546 -0.0891872 -0.098096 -0.129574 0.0327028 0.0786579 0.0124346 -0.00990086 -0.0475908 -0.174126 -0.194166 0.0161942 -0.0172054 0.00151045 -0.16162 0.0619077 0.0311908 0.02016 -0.0930123 0.047483 0.0514261 -0.112865 -0.226582 -0.133327 0.0462165
internal_weight=16592 12778 12266 6930 3814 2196 1544 3233 1068 4734 1448 3286 2425 1433 744 696 93 1164 476 111 5336 2320 2188 409 153 365 2851 603 247 1779
internal_count=16592 12778 12266 6930 3814 2196 1544 3233 1068 4734 1448 3286 2425 1433 744 696 93 1164 476 111 5336 2320 2188 409 153 365 2851 603 247 1779
is_linear=0
shrinkage=0.03


Tree=106
num_leaves=31
num_cat=0
split_feature=25 56 48 31 23 4 50 22 11 47 19 40 23 12 51 52 12 3 54 52 30 43 10 46 10 32 20 15 23 15
split_gain=33838.5 15439.4 11031.5 7547.36 7968.24 6703.59 5580.62 9282.26 10350.1 5518.98 5712.85 6175.72 5367.45 5388.78 5398.15 5235.5 5045.76 4907 4328.53 4168.92 4160.93 4756.59 4065.47 9075.09 4640.28 4037.71 3940.8 3885.13 3820.58 3604.34
threshold=47.625000000000007 0.0010366917293233419 0.033208020050125318 0.29260361395446122 5.0736406463110457 0.003375939849624495 38.973078947368428 9060.3117500000026 5.1443234601039558 0.91633779412257566 0.025768197453505354 -0.04580075187969853 3.5000905345423257 0.18907518796992698 0.098904961041162684 0.0027293233082706122 0.070037593984960692 0.38864765503173898 23.345842222222224 -0.00017293233082715079 522.02075000000013 0.019291582340663697 1403.1162500000003 392.37980769230774 1410.9640000000002 -0.0014586466165411804 -0.0001729323308255427 0.27855430273807752 4.5194086309453096 0.32753225012698994
decision_type=2 2 2 2 2 2 2 2 2 2 2 2 2 2 2 2 2 2 2 2 2 2 2 2 2 2 2 2 2 2
left_child=3 2 5 19 6 -2 7 9 12 22 28 25 13 14 -9 -4 -3 18 -14 26 -20 -22 23 -5 -24 -12 -1 -13 -11 -7
right_child=1 16 15 4 -6 29 -8 8 -10 10 11 27 17 -15 -16 -17 -18 -19 20 -21 21 -23 24 -25 -26 -27 -28 -29 -30 -31
leaf_value=0.077504535437195696 0.036364821289655951 0.18579159283350538 -0.13105125916530908 0.068168661771054115 -0.10333564352077533 0.034147375067695974 0.076250583786994272 0.24860390104511954 -0.50786237909148135 0.15907002680417565 -0.26595383374392983 -0.30234969247471205 -0.050460497082017781 -0.13914924629330633 -0.013356301460196948 0.075631768212750042 0.0089178038866752195 0.21789692173612879 -0.27195885218944643 0.082210002619731479 -0.21809345821539561 0.14207579741712476 0.14825437563640859 -0.41355239784994785 -0.094986342799059945 -0.011880227943713014 0.0086759034836236225 0.036014341273867503 -0.16411957245606643 -0.086849187950601647
leaf_weight=1119 842 253 2398 193 558 263 1077 140 44 215 159 32 635 99 142 115 339 46 196 2569 71 60 685 42 78 87 2259 409 38 1390
leaf_count=1119 842 253 2398 193 558 263 1077 140 44 215 159 32 635 99 142 115 339 46 196 2569 71 60 685 42 78 87 2259 409 38 1390
internal_value=-0.000103086 -0.0600843 -0.0772121 0.0305665 0.00342192 -0.0325067 0.0168348 -0.00216488 -0.0600343 0.040634 -0.0115316 -0.0564095 -0.0454931 0.0503358 0.117114 -0.121567 0.0846933 -0.0817282 -0.0962667 0.0534116 -0.184793 -0.0533038 0.0897303 -0.0193137 0.123297 -0.17651 0.0314923 0.0108333 0.110073 -0.0675891
internal_weight=16553 5600 5008 10953 5006 2495 4448 3371 1433 1938 940 687 1389 381 282 2513 592 1008 962 5947 327 131 998 235 763 246 3378 441 253 1653
internal_count=16553 5600 5008 10953 5006 2495 4448 3371 1433 1938 940 687 1389 381 282 2513 592 1008 962 5947 327 131 998 235 763 246 3378 441 253 1653
is_linear=0
shrinkage=0.03


Tree=107
num_leaves=31
num_cat=0
split_feature=41 39 12 4 20 0 0 42 31 10 0 16 22 22 0 27 2 56 18 34 48 16 0 40 38 4 10 0 20 24
split_gain=31963.4 10780.6 9472.58 8878.26 9392.52 11237.5 6188.14 11967.2 8460.21 6433.76 6057.97 5790.67 5630.17 5168.05 4490.33 4294.48 4276.84 4276.54 4175 4135.37 3900.19 3814.95 3785.01 3815.44 4081.74 3749.6 3749.39 5464.95 3517.86 3307.32
threshold=8.4694500000000019 4.2978336958616996 0.030469924812028693 0.001902255639098066 0.00063157894736340185 69.500000000000014 151.50000000000003 8.4358675000000023 0.29643717715563778 1399.12175 154.50000000000003 -0.00056136665192483973 9043.58475 9074.3337500000016 255.50000000000003 0.10744649831427727 642.45025000000021 0.00035808270676693357 2388.1235147058828 2388.1315192307698 -0.030565048986101614 -0.0085413533834575867 70.500000000000014 -0.11024436090225528 8142.7137500000008 0.010751879699248899 1424.0652500000003 237.50000000000003 0.0020526315789439636 0.27599999999997332
decision_type=2 2 2 2 2 2 2 2 2 2 2 2 2 2 2 2 2 2 2 2 2 2 2 2 2 2 2 2 2 2
left_child=1 3 25 10 18 -6 8 21 16 -10 13 26 -11 -1 -9 28 -7 -14 19 -5 -18 -8 -3 -24 -25 -2 27 -4 -12 -22
right_child=2 22 11 4 5 6 7 14 9 12 15 -13 17 -15 -16 -17 20 -19 -20 -21 29 -23 23 24 -26 -27 -28 -29 -30 -31
leaf_value=0.052405686977156488 0.095051986607722933 0.12362666780298406 -0.11633268897797383 0.030064403764841294 0.057935352681402097 0.052393963528530936 0.086300589885562648 -0.10437631410434756 0.22963421886617486 0.18305336079814216 0.25797639612962175 0.016235194955526791 -0.2651178549571323 -0.15457404347589693 0.25894040029157289 0.036137245133093424 0.17494828054173425 -0.08298751853979551 0.12074885650646468 -0.29794432660511561 -0.1593047201546566 0.35045994299474881 -0.36724638595283032 0.15522489332490497 -0.11935794367668184 -0.066219045612502261 -0.21081394218492741 0.018007277627311909 -0.035143473598846169 0.077778103379976177
leaf_weight=5075 359 65 2140 3021 867 300 119 432 32 32 287 360 475 110 32 174 43 155 488 34 342 84 49 53 510 202 305 312 42 62
leaf_count=5075 359 65 2140 3021 867 300 119 432 32 32 287 360 475 110 32 174 43 155 488 34 342 84 49 53 510 202 305 312 42 62
internal_value=0.00152797 0.0237977 -0.0764621 0.0302632 0.00635976 -0.0329346 -0.0703183 0.00523242 -0.105268 -0.180609 0.0576487 -0.0968827 -0.200756 0.0479856 -0.078817 0.156964 -0.0351246 -0.220511 0.0393546 0.0263176 -0.0938477 0.19679 -0.0926441 -0.115778 -0.0932797 0.0369684 -0.111654 -0.0992385 0.220564 -0.122819
internal_weight=16561 12883 3678 12206 6518 2975 2108 667 1441 694 5688 3117 662 5185 464 503 747 630 3543 3055 447 203 677 612 563 561 2757 2452 329 404
internal_count=16561 12883 3678 12206 6518 2975 2108 667 1441 694 5688 3117 662 5185 464 503 747 630 3543 3055 447 203 677 612 563 561 2757 2452 329 404
is_linear=0
shrinkage=0.03


Tree=108
num_leaves=31
num_cat=0
split_feature=29 37 16 36 48 0 20 0 48 0 20 4 44 22 0 42 0 27 26 10 30 47 11 38 30 32 6 38 26 30
split_gain=30218.1 13274.9 10186.6 8089.95 7792.91 9351.68 7215.81 5788.28 5714.08 5098.14 7069.1 5361.63 5879.6 4787.71 5221.1 6502.41 4637.69 4231.69 4189.86 4499.4 4419.74 4126.56 4097.02 4016.16 3779.08 3705.98 3681.78 3632.89 6870.52 4196.27
threshold=520.94500000000016 8172.045000000001 -0.027541353383459578 0.0001954887218010853 0.025681851688043641 60.500000000000007 0.0005563909774449836 161.50000000000003 0.018113465481886536 155.50000000000003 0.002639097744356451 0.0036015037593983838 0.00095770676691730582 9045.2240000000038 136.50000000000003 8.4158439285714319 42.500000000000007 0.11320059627606387 47.422111111111121 1405.9055000000003 521.86825000000022 0.80112299108781948 4.6638816009202779 8141.6235000000006 522.23775000000012 -0.025838345864661317 1588.2837500000003 8140.7210000000014 47.476583333333345 521.13575000000026
decision_type=2 2 2 2 2 2 2 2 2 2 2 2 2 2 2 2 2 2 2 2 2 2 2 2 2 2 2 2 2 2
left_child=2 3 -1 7 9 -6 25 27 -4 11 -11 17 -13 -8 18 -16 -14 -5 20 -20 -15 -21 -19 -22 26 -7 -18 29 -29 -2
right_child=1 -3 8 4 5 6 13 -9 -10 10 -12 12 16 14 15 -17 24 22 19 21 23 -23 -24 -25 -26 -27 -28 28 -30 -31
leaf_value=-0.12631514274884317 0.24319692107925159 -0.14725161446627172 0.026466716340223666 0.074620910846763949 0.057121322195729171 -0.26316882761319477 0.16253902843371035 0.17769572357833383 -0.068008566442670171 0.15471813373749976 -0.22773271709680556 0.0099393090498808585 0.085056635870745301 0.16718518519943409 0.31664389795378634 -0.095462298300117251 -0.35107024149348337 -0.008481611656373211 -0.53813937488867314 0.057106218338012694 0.019845905887408994 -0.27286875917762515 -0.36971597959918362 -0.25955334923723161 0.12115408616907455 0.018100916188974268 -0.12099399499691926 0.043415056181050113 -0.099307183004700789 0.063328375099527254
leaf_weight=1687 121 393 962 1605 699 44 49 334 1434 474 47 1410 75 43 37 371 107 320 48 40 70 219 30 135 33 667 153 1828 363 2789
leaf_count=1687 121 393 962 1605 699 44 49 334 1434 474 47 1410 75 43 37 371 107 320 48 40 70 219 30 135 33 667 153 1828 363 2789
internal_value=0.000986602 0.0241256 -0.0698641 0.0296985 0.00757303 -0.0353741 -0.0729097 0.0568695 -0.0300813 0.0320274 0.119847 0.019742 -0.0179543 -0.124329 -0.139079 -0.0574071 -0.124567 0.0540171 -0.198908 -0.272918 -0.106562 -0.221884 -0.0404097 -0.164516 -0.178331 0.000349459 -0.216662 0.0489248 0.0197346 0.0708884
internal_weight=16587 12504 4083 12111 6676 2422 1723 5435 2396 4254 521 3733 1778 1012 963 408 368 1955 555 307 248 259 350 205 293 711 260 5101 2191 2910
internal_count=16587 12504 4083 12111 6676 2422 1723 5435 2396 4254 521 3733 1778 1012 963 408 368 1955 555 307 248 259 350 205 293 711 260 5101 2191 2910
is_linear=0
shrinkage=0.03


Tree=109
num_leaves=31
num_cat=0
split_feature=12 52 16 44 12 37 14 4 20 30 48 47 8 6 20 14 22 51 22 55 36 40 31 46 6 12 36 47 46 7
split_gain=28291 13458.2 13121.6 10036.6 7435.82 7170.62 6400.84 5688.21 5100.78 4671.91 4568.04 4375.3 3959.58 4527.57 3632.54 4175.45 3612.91 3707.74 3888.73 3515.83 3984.42 3428.12 3366.29 3242.3 3475.02 3177.85 3985.83 3081.01 3717.23 3136.66
threshold=0.24435714285714391 -0.0056842105263158549 -0.00075187969924940241 0.00013248120300753528 -0.13470676691729319 8165.6900000000014 553.60575000000006 0.010902255639098987 -0.00018796992481254291 522.04925000000026 0.025681851688043641 0.70945599899431755 0.16705263157894532 1586.6042500000001 0.00028571428571898364 552.95500000000004 9048.6352500000012 0.10536965354828011 9052.4652500000029 0.059421701422821875 0.0011954887217974408 -0.26484962406016227 0.30607004917169095 392.34166666666675 1585.5347500000005 -0.07835338345864501 0.0024887218045148277 0.84263253289356133 392.47213622291025 3.3140985749042891
decision_type=2 2 2 2 2 2 2 2 2 2 2 2 2 2 2 2 2 2 2 2 2 2 2 2 2 2 2 2 2 2
left_child=1 4 3 -2 -1 7 -6 10 -9 14 12 -10 13 23 -5 -16 -15 -18 -19 20 -14 -13 -22 -3 -25 -12 -27 28 -23 -30
right_child=2 5 -4 9 6 -7 -8 8 11 -11 25 21 19 16 15 -17 17 18 -20 -21 22 27 -24 24 -26 26 -28 -29 29 -31
leaf_value=0.079308667303162272 0.0091887432653370831 0.052685971326862618 0.037008084169982358 -0.045961954398006599 -0.11517315985452292 -0.087365859532819654 0.004329611555668726 0.064232105998929603 0.10842729618184152 0.048255485457225439 0.083770210448631532 -0.24974906118019766 0.015986954070014849 0.03657014316287488 -0.11913211431662259 -0.21091129505448331 0.14895177661570616 0.2335377678865253 0.03064036092316377 0.079070253380997615 -0.042817624160511929 0.030866889817906275 -0.32876307848783642 0.11386297964468234 -0.22720510582097722 0.014425684868286655 -0.14160083464450304 -0.009886906531085116 0.057610280982085635 -0.22995763829726842
leaf_weight=346 648 1187 830 376 1133 409 626 818 192 136 532 68 385 542 1463 646 1511 100 540 439 87 111 64 40 78 1629 161 1155 41 193
leaf_count=346 648 1187 830 376 1133 409 626 818 192 136 532 68 385 542 1463 646 1511 100 540 439 87 111 64 40 78 1629 161 1155 41 193
internal_value=-0.00117241 0.0214352 -0.0694801 -0.0965205 -0.0476598 0.035584 -0.0726657 0.0406857 0.00237904 -0.122649 0.0542208 -0.0263887 0.0704405 0.0836575 -0.132018 -0.147331 0.105878 0.123317 0.062658 0.0162134 -0.0353195 -0.0429554 -0.165379 0.0377566 -0.111604 0.019468 0.000320788 -0.0334206 -0.111951 -0.179541
internal_weight=16486 12387 4099 3269 2105 10282 1759 9873 2578 2621 7295 1760 4973 3998 2485 2109 2693 2151 640 975 536 1568 151 1305 118 2322 1790 1500 345 234
internal_count=16486 12387 4099 3269 2105 10282 1759 9873 2578 2621 7295 1760 4973 3998 2485 2109 2693 2151 640 975 536 1568 151 1305 118 2322 1790 1500 345 234
is_linear=0
shrinkage=0.03


Tree=110
num_leaves=31
num_cat=0
split_feature=13 39 32 4 12 20 12 46 40 32 0 0 15 6 14 30 18 46 14 18 34 0 14 39 3 18 54 38 3 6
split_gain=25987.4 10752.3 10156.6 7337.96 7240.69 7287.16 6919.03 6531.28 6567.61 7279.67 6361.71 6243.26 5219.48 4861.53 4829.8 4217.15 5701.9 4176.55 4965.82 5313.2 9227.95 5797.62 5795.22 6739.78 5650.08 4734.28 4083.03 3922.17 3882.86 3823.74
threshold=552.84500000000014 4.0548935248366442 -0.0063984962406016246 -0.0059924812030053591 -0.069214285714285242 0.0011353383458690999 -0.027304511278196639 391.89181286549712 0.020037593984963162 0.0090601503759399887 139.50000000000003 43.500000000000007 0.41438976215411599 1589.5527500000005 553.45236111111126 521.92367307692325 2388.0626785714298 393.55277777777786 553.55316666666693 2388.1197500000007 2388.1230625000007 59.500000000000007 553.17475000000024 3.4357962322198885 0.32218007386800251 2388.1041052631585 23.367547500000004 8142.2132500000016 0.26745794061217626 1588.3297500000001
decision_type=2 2 2 2 2 2 2 2 2 2 2 2 2 2 2 2 2 2 2 2 2 2 2 2 2 2 2 2 2 2
left_child=2 3 6 -2 10 17 -1 -7 9 11 -5 -9 -8 14 -3 16 -13 18 19 20 21 -6 -21 -24 -23 -26 -17 -10 -18 -20
right_child=1 13 -4 4 5 7 12 8 27 -11 -12 15 -14 -15 -16 26 28 -19 29 22 -22 24 23 -25 25 -27 -28 -29 -30 -31
leaf_value=0.061757184724942071 0.075159954500742782 0.32338180600143057 0.023451963895372185 0.052111965863780259 0.081752710156466651 0.074949695326118587 -0.057992780949034782 0.091499825378498406 0.064834190283105567 0.16910875560606228 0.24347243427190668 0.077022857676659312 -0.1364272525881417 -0.1210368480862335 -0.022406102736419603 -0.56474485009908681 -0.059775760605247044 0.13154166255444286 0.020541913003862405 -0.068785668222173565 -0.43225098443031307 -0.15410257305720285 0.23438341662051185 -0.17133966385953775 -0.049198624018630753 0.28188535059679226 -0.18571054173728166 -0.072167903555120941 -0.24392113451384195 0.10577240766767336
leaf_weight=257 2641 40 953 1734 229 331 1426 82 358 67 171 83 1649 637 320 47 146 299 2442 185 59 437 188 45 145 52 58 394 356 587
leaf_count=257 2641 40 953 1734 229 331 1426 82 358 67 171 83 1649 637 320 47 146 299 2442 185 59 437 188 45 145 52 58 394 356 587
internal_value=0.000610926 0.0230414 -0.0628918 0.0314932 0.0179105 0.00301563 -0.087587 -0.0461338 -0.0713559 -0.129009 0.0694079 -0.155067 -0.100085 -0.0712978 0.0168041 -0.18446 -0.152555 0.0232579 0.015819 -0.0322515 -0.0724506 -0.0473806 0.0563788 0.155628 -0.0940787 0.0391764 -0.359101 -0.00694668 -0.19059 0.0370885
internal_weight=16418 12133 4285 11136 8495 6590 3332 1922 1591 839 1905 772 3075 997 360 690 585 4668 4369 1340 922 863 418 233 634 197 105 752 502 3029
internal_count=16418 12133 4285 11136 8495 6590 3332 1922 1591 839 1905 772 3075 997 360 690 585 4668 4369 1340 922 863 418 233 634 197 105 752 502 3029
is_linear=0
shrinkage=0.03


Tree=111
num_leaves=31
num_cat=0
split_feature=13 36 38 34 11 54 15 48 43 38 0 7 31 19 0 36 19 43 0 0 54 38 0 39 7 42 4 27 23 12
split_gain=25359.7 10931.8 9160.83 7548.19 6723.02 8295.53 6940.52 6301.73 6272.09 6252.67 10220.2 6272.08 6163.61 5948.7 5837.72 5317.88 5402.5 4363.19 5039.03 5970.88 4615.56 8852.93 7822.98 6329.25 5555.49 4124.76 4110.61 4762 4015.64 3956.28
threshold=552.99500000000012 0.00018045112782075242 8141.6235000000006 2388.0161250000006 3.5692159471315903 23.341750000000005 0.29954013267292656 0.017387875282612129 0.019250794139462603 8143.2317500000017 56.500000000000007 3.7087513902802303 0.28456633670842357 0.030079062485366681 237.50000000000003 0.001548872180451087 0.03350746185549424 0.017871867557666617 48.500000000000007 87.500000000000014 23.340767500000005 8144.3577500000001 98.500000000000014 2.980249968236111 4.665202406788004 8.4839675000000003 0.0017819548872174504 0.10385326183709981 3.8296934602940831 -0.060248120300752724
decision_type=2 2 2 2 2 2 2 2 2 2 2 2 2 2 2 2 2 2 2 2 2 2 2 2 2 2 2 2 2 2
left_child=1 -1 8 -4 5 6 -5 26 -2 10 -7 -12 -6 -8 29 -10 -17 18 -14 -20 22 23 -19 -22 -23 -16 27 -3 -28 -9
right_child=2 7 3 4 12 9 13 14 15 -11 11 -13 17 -15 25 16 -18 20 19 -21 21 24 -24 -25 -26 -27 28 -29 -30 -31
leaf_value=0.025448822857816415 0.076051726883994891 0.15577841537265943 0.044451285980889439 0.38636431194237758 -0.0038540985130397125 0.10337085741870808 0.16962103074190507 0.056161973826446623 0.03516937072288915 0.01850223887234502 -0.69718008215834459 -0.18142935489086395 0.078552830691995285 -0.057416969907834479 0.13927031004384383 -0.012152173207542619 -0.22153601185041102 0.23149044323712586 -0.46265927195549011 -0.16075106392944388 -0.50914518360738392 -0.099797660560142692 -0.06233400172214771 -0.10247862718278361 0.28676259845495222 -0.074159351229810946 0.031046487104895548 -0.057199991730562713 -0.10236422174801812 -0.1317566991104738
leaf_weight=1118 3215 202 1654 73 1002 52 238 105 2577 280 40 46 57 183 133 443 147 97 74 287 80 204 485 61 39 207 296 176 643 2264
leaf_count=1118 3215 202 1654 73 1002 52 238 105 2577 280 40 46 57 183 133 443 147 97 74 287 80 204 485 61 39 207 296 176 643 2264
internal_value=-0.0022875 -0.0575247 0.0227851 -0.00783309 -0.0340601 0.0351937 0.118314 -0.0805666 0.0465402 -0.0630878 -0.227575 -0.42657 -0.0605346 0.0710301 -0.10673 0.0165668 -0.0646073 -0.101538 -0.182434 -0.223745 -0.0663813 -0.146967 -0.0130502 -0.335172 -0.0368361 0.00949289 -0.0267095 0.0567246 -0.060321 -0.123407
internal_weight=16478 5144 11334 4952 3298 912 494 4026 6382 418 138 86 2386 421 2709 3167 590 1384 418 361 966 384 582 141 243 340 1317 378 939 2369
internal_count=16478 5144 11334 4952 3298 912 494 4026 6382 418 138 86 2386 421 2709 3167 590 1384 418 361 966 384 582 141 243 340 1317 378 939 2369
is_linear=0
shrinkage=0.03


Tree=112
num_leaves=31
num_cat=0
split_feature=28 0 31 56 36 56 23 52 12 0 42 48 4 4 15 0 24 44 15 0 26 34 40 43 34 0 0 34 10 15
split_gain=24884.7 15046.8 10144.4 10105.9 8203.92 6211.6 5587.4 5475.17 5043.79 4648.05 4479.55 4302.15 4138 3834.83 3804.64 3795.89 4155 4797.74 3656 3580.51 3540.09 5220.23 4472.04 6688.53 4043.43 3667.94 3469.64 4579.71 3382.24 3338.26
threshold=0.0067518796992482337 52.500000000000007 0.29260361395446122 0.001157481203007522 0.0011729323308282236 0.00018519368273622446 5.0559374498498251 -0.00017293233082715079 -0.075462406015035358 151.50000000000003 8.4399291666666691 0.046146616541353387 0.016924812030075655 0.014687969924811495 0.50178369312160764 173.50000000000003 0.23358270676692344 0.00080913533834586153 0.36623336130896184 76.500000000000014 47.479166666666679 2388.0965833333344 -0.12782889208314924 0.019713932570313293 2388.1267543859653 91.500000000000014 160.50000000000003 2388.0275961538468 1413.1167499999999 0.33169620870291833
decision_type=2 2 2 2 2 2 2 2 2 2 2 2 2 2 2 2 2 2 2 2 2 2 2 2 2 2 2 2 2 2
left_child=2 -2 7 12 6 11 13 8 -1 28 -11 -6 14 15 -3 16 17 -4 -17 -15 29 -22 24 -24 25 -23 27 -21 -9 -10
right_child=1 3 4 -5 5 -7 -8 9 20 10 -12 -13 -14 19 -16 18 -18 -19 -20 26 21 22 23 -25 -26 -27 -28 -29 -30 -31
leaf_value=0.089838910940106806 0.077806949096443381 -0.061821058154241666 0.071427418983828414 0.084729105287010401 -0.064310814645334155 0.027578074135157744 -0.076165238196511623 0.071349474171326047 0.11851223262686249 0.32812744749770051 0.089334312760537216 -0.18829084805419424 -0.14733754697903767 0.046306552316806492 -0.18629037386347566 0.27851345361315683 -0.051355806714492143 -0.036989343378692863 0.048280368632072732 0.15670143260274613 -0.15526342847914013 -0.061068617189303037 0.097583234198911156 -0.058649643491028067 -0.019210849491381406 -0.49137634817944015 0.032377567877534957 -0.21453481169218241 -0.11624252998580535 0.012320975035522543
leaf_weight=782 564 1772 1753 277 941 493 533 2304 338 123 167 344 1225 258 252 114 448 464 136 34 247 31 503 482 100 42 121 214 89 1246
leaf_count=782 564 1772 1753 277 941 493 533 2304 338 123 167 344 1225 258 252 114 448 464 136 34 247 31 503 482 100 42 121 214 89 1246
internal_value=-0.00186457 -0.0659644 0.0194414 -0.0889768 -0.00915928 -0.0629104 0.014303 0.0453762 0.0220596 0.0781277 0.191395 -0.0976214 -0.103808 0.0279343 -0.0774026 0.0424103 0.0318923 0.0487302 0.153958 -0.0393264 0.0043027 -0.0303519 -0.0035975 0.0211503 -0.143814 -0.311938 -0.0991632 -0.163215 0.0643269 0.0350409
internal_weight=16397 4090 12307 3526 5853 1778 4075 6454 3771 2683 290 1285 3249 3542 2024 2915 2665 2217 250 627 2989 1405 1158 985 173 73 369 248 2393 1584
internal_count=16397 4090 12307 3526 5853 1778 4075 6454 3771 2683 290 1285 3249 3542 2024 2915 2665 2217 250 627 2989 1405 1158 985 173 73 369 248 2393 1584
is_linear=0
shrinkage=0.03


Tree=113
num_leaves=31
num_cat=0
split_feature=32 0 36 52 12 38 43 8 43 23 26 46 0 0 54 42 46 18 31 54 35 55 22 38 38 0 18 14 38 34
split_gain=23945.4 18527.4 14290.5 9332.41 6290.32 6195.43 5822.3 4521.68 4033.66 5373.36 4273.02 7198.92 7093.94 3986.98 5249.66 4374.53 4263.28 6551.92 5777.26 5659.97 4016.61 3891.26 3819.19 10132.3 3769.45 5623.72 11529.9 6555.83 5613.06 5587.78
threshold=-0.0063984962406016246 61.500000000000007 0.0017443609022547368 0.001939849624060136 0.17919924812030039 8141.7312500000007 0.02645097336005731 -0.071571428571427398 0.017366112827665821 4.5033664904778687 47.560250000000018 393.17156862745105 57.500000000000007 178.50000000000003 23.358780000000003 8.4330063461538494 392.64852941176474 2388.0270714285721 0.3700000000000056 23.2502575 0.034438350715407205 0.051308686885917595 9049.5801071428596 8128.3590000000004 8144.9007500000007 54.500000000000007 2388.0635147058833 553.59025000000008 8161.9947500000017 2388.0285357142861
decision_type=2 2 2 2 2 2 2 2 2 2 2 2 2 2 2 2 2 2 2 2 2 2 2 2 2 2 2 2 2 2
left_child=1 -1 3 4 13 8 24 -4 10 -10 11 -2 -13 14 16 -15 17 -3 20 -20 -18 -11 23 -23 25 -7 29 -28 -26 -27
right_child=5 2 7 -5 -6 6 -8 -9 9 21 -12 12 -14 15 -16 -17 18 -19 19 -21 -22 22 -24 -25 28 26 27 -29 -30 -31
leaf_value=0.052319908217978488 0.10530338353256154 0.23199583515044181 0.016870471878682035 0.074731951916675463 -0.086942697746634295 0.044535054207549371 -0.26406894280037407 -0.12503059446447282 0.061777579587973586 -0.17174538884129556 0.20707025467982174 0.065274739084211553 -0.37632928572468838 0.29819033269268963 0.059037864816188813 0.031588924230845083 -0.033231999311195193 -0.23748519194885867 0.059956782367534753 -0.3748645199338595 0.15249930002358783 0.0058437410088909136 0.061533787455409765 -0.53580506985004128 0.052732488209523497 -0.083267870085394893 -0.064463230292197346 0.2459215369602529 -0.11151082765510571 -0.38901558136539671
leaf_weight=1777 925 30 221 721 1659 424 70 2335 2579 142 283 73 58 64 449 377 877 202 40 80 118 153 359 38 1733 91 241 81 209 133
leaf_count=1777 925 30 221 721 1659 424 70 2335 2579 142 283 73 58 64 449 377 877 202 40 80 118 153 359 38 1733 91 241 81 209 133
internal_value=-0.00113821 -0.0343798 -0.0558626 -0.0243465 -0.0426966 0.0380487 0.00435002 -0.11276 0.0598413 0.041865 0.103691 0.0758163 -0.131614 -0.00985866 -0.0297088 0.0708665 -0.0593128 -0.176041 -0.034889 -0.230626 -0.0110746 -0.0323288 0.00391234 -0.104148 0.0108908 -0.0373799 -0.100957 0.0141346 0.0350082 -0.265728
internal_weight=16542 8950 7173 4617 3896 7592 2982 2556 4610 3271 1339 1056 131 2237 1796 441 1347 232 1115 120 995 692 550 191 2912 970 546 322 1942 224
internal_count=16542 8950 7173 4617 3896 7592 2982 2556 4610 3271 1339 1056 131 2237 1796 441 1347 232 1115 120 995 692 550 191 2912 970 546 322 1942 224
is_linear=0
shrinkage=0.03


Tree=114
num_leaves=31
num_cat=0
split_feature=28 16 52 20 12 52 23 44 6 26 43 43 23 32 14 8 8 14 15 14 54 55 15 40 4 54 3 19 31 23
split_gain=24013 14343.6 10320.1 5946.02 5499.76 4943.85 4765.47 4678.68 4231.03 5820.83 4060.94 4005.1 3951.48 3588.93 5399.35 3299.31 3175.5 3078.45 3052.54 3836.22 3825.68 2873.26 2741.56 2702.17 2662.7 3515.5 3670.82 3622.37 4491.77 3616.28
threshold=0.0034511278195489127 -0.00097744360902277832 -0.0029473684210525363 -0.00053383458646875709 -0.054883458646615167 -0.00017293233082715079 3.4601600886368984 0.00070781954887219243 1589.4827500000004 47.500250000000015 0.023452224574633973 0.013484733396318961 3.4304918743350274 -0.010413533834585072 553.51025000000016 0.13178195488721731 -0.22359022556390939 552.98825000000022 0.4263129718880237 553.57425000000012 23.265475000000006 0.0537590187501873 0.40726143321893354 -0.18090601503760254 -0.0063984962406001709 23.244352500000002 0.23055097049307088 0.028543825952346662 0.24869534575141714 4.5033664904778687
decision_type=2 2 2 2 2 2 2 2 2 2 2 2 2 2 2 2 2 2 2 2 2 2 2 2 2 2 2 2 2 2
left_child=4 2 3 -2 -1 8 -3 10 -6 13 16 -5 17 -10 -15 18 -4 -11 -13 20 -20 -19 -9 -18 -14 -26 -27 29 -29 -28
right_child=1 6 7 11 5 -7 -8 22 9 12 -12 15 24 14 -16 -17 23 21 19 -21 -22 -23 -24 -25 25 26 27 28 -30 -31
leaf_value=0.073103838491178033 0.035782766558532346 0.12305499697416804 0.18029490255455419 0.1057411683678627 0.023778575851670439 0.049082291035476996 0.0069304675185511855 -0.018467644803418757 -0.34339734811244937 -0.10916604971656432 0.16801089364163418 -0.040992959326825333 0.058619397861587971 -0.35517873492430557 0.056220796075930078 -0.14586307896652376 -0.14482627496525644 0.31095578457144174 -0.1226399191497486 0.015051321179866789 -0.32389032670541812 0.061506945756142552 -0.11519180966959743 0.0017407004909743428 0.0094227154526829136 0.11083694571540469 0.036156394679996151 0.11159208076841691 -0.26030731045398903 -0.18123436005506666
leaf_weight=2219 270 410 81 74 2147 2740 1407 522 81 51 140 739 201 43 82 1586 124 65 345 124 113 114 533 1200 388 62 161 33 225 119
leaf_count=2219 270 410 81 74 2147 2740 1407 522 81 51 140 739 201 43 82 1586 124 65 345 124 113 114 533 1200 388 62 161 33 225 119
internal_value=-0.00169386 -0.0404282 -0.0632907 -0.0989137 0.0323253 0.0184207 0.0331869 -0.0187274 -0.00385922 -0.0403673 0.0145285 -0.111122 -0.018674 -0.188986 -0.0869963 -0.116676 -0.00087377 0.0948907 -0.0815509 -0.132891 -0.172891 0.153313 -0.0673968 -0.0120851 -0.0407032 -0.0609484 -0.106395 -0.131588 -0.212492 -0.0565508
internal_weight=16399 7668 5851 3251 8731 6512 1817 2600 3772 1625 1545 2981 1419 206 125 2907 1405 230 1321 582 458 179 1055 1324 1189 988 600 538 258 280
internal_count=16399 7668 5851 3251 8731 6512 1817 2600 3772 1625 1545 2981 1419 206 125 2907 1405 230 1321 582 458 179 1055 1324 1189 988 600 538 258 280
is_linear=0
shrinkage=0.03


Tree=115
num_leaves=31
num_cat=0
split_feature=32 0 39 15 4 0 46 4 38 38 38 6 38 42 50 30 0 18 54 39 0 40 0 0 14 52 31 42 8 0
split_gain=21173.2 13692.9 10692.1 6708.67 6120.94 5889.27 8190.93 5793.38 5403.95 6720.16 7304.86 5705.02 8505.15 8898.84 7622.05 5026.27 4760 11147.5 5873.38 4694.95 4645.48 6080.95 4450.93 4333.84 5633.75 5451.04 4493.43 4198.38 4102.25 3719.15
threshold=-0.01711654135338447 65.500000000000014 3.877165930631282 0.41291691047184859 0.011044534412953557 83.500000000000014 392.14642857142866 0.016736842105261576 8126.5825000000013 8142.1080000000011 8144.9007500000007 1589.6802500000001 8123.3237500000005 8.4554125000000031 38.809083333333341 521.18025 51.500000000000007 2388.0655277777782 23.395240000000005 2.5529100788191199 38.500000000000007 -0.19002631578947204 59.500000000000007 169.50000000000003 554.23275000000024 0.0014360902255638405 0.2643269752998913 8.4358675000000023 0.014368421052631248 152.50000000000003
decision_type=2 2 2 2 2 2 2 2 2 2 2 2 2 2 2 2 2 2 2 2 2 2 2 2 2 2 2 2 2 2
left_child=1 -1 4 5 8 6 -3 28 11 -10 16 -2 -13 14 15 -14 -11 18 19 -18 -6 -22 -4 24 25 26 -23 -25 -7 -19
right_child=2 3 22 -5 20 7 -8 -9 9 10 -12 12 13 -15 -16 -17 17 29 -20 -21 21 23 -24 27 -26 -27 -28 -29 -30 -31
leaf_value=0.057045634119633967 0.094324531777298701 0.11368869310075587 0.070549322199566569 -0.11488821421377497 0.069198397145943433 0.093950272084255104 -0.47763047851808366 -0.10744879521964702 0.07672091645646284 0.030999419234734212 0.052030060188195788 0.053497705915005953 -0.22871815502643583 0.09255385360873207 -0.1313283481975881 -0.71986911157392108 -0.55457701768193923 -0.050776926687132955 0.018541564833922462 -0.23166429283702747 -0.21961773808429136 -0.0069798552475192326 -0.072984894907490452 0.30597681213964201 0.085977831066295668 0.050308157189616134 -0.14331571832112386 0.033189256844822969 -0.024315654083090547 0.18566460576560348
leaf_weight=829 186 32 227 2036 563 371 59 535 4303 361 1721 168 31 57 81 52 55 178 60 159 138 329 1326 60 278 293 642 305 908 89
leaf_count=829 186 32 227 2036 563 371 59 535 4303 361 1721 168 31 57 81 52 55 178 60 159 138 329 1326 60 278 293 642 305 908 89
internal_value=-0.000486345 -0.053727 0.0212929 -0.0770369 0.0325524 -0.0365436 -0.270718 -0.0246534 0.0463157 0.0536529 0.0157952 -0.0420018 -0.107261 -0.229157 -0.340854 -0.541334 -0.0533212 -0.10954 -0.243606 -0.316849 -0.00703542 -0.0280466 -0.0519728 -0.0140757 -0.0360836 -0.0629761 -0.0971763 0.0787445 0.0100364 0.0284356
internal_weight=16432 4770 11662 3941 10109 1905 91 1814 7501 6926 2623 575 389 221 164 83 902 541 274 214 2608 2045 1553 1907 1542 1264 971 365 1279 267
internal_count=16432 4770 11662 3941 10109 1905 91 1814 7501 6926 2623 575 389 221 164 83 902 541 274 214 2608 2045 1553 1907 1542 1264 971 365 1279 267
is_linear=0
shrinkage=0.03


Tree=116
num_leaves=31
num_cat=0
split_feature=44 0 28 15 23 32 36 48 0 40 47 48 4 20 23 43 55 8 52 7 31 28 30 38 24 54 38 2 0 19
split_gain=22118.2 14251.2 8644.56 7711.69 6746.46 6625.48 5629.78 5595.74 4693.15 4730.91 4565.01 4459.21 4023.52 4153.37 4357.83 3489.3 4910.76 3380.52 3342.89 3219.75 3090.47 3441.25 4328.91 6100.15 3122 2950.6 3372.48 3125.54 2864.25 2803.83
threshold=0.00081845864661654253 58.500000000000007 0.0016466165413533739 0.39598658436793582 4.0231005338027739 0.0019436090225560766 -0.00038345864661397009 -0.014160401002506264 35.500000000000007 -0.17175187969924216 0.90834866305271034 0.037218045112781963 0.003375939849624495 -1.0000000180025095e-35 3.6733590717885951 0.021505188618091722 0.063328178068519564 -0.093563909774437917 0.0022667698658411319 3.7021002653068531 0.22206192822795837 -0.0014736842105263217 521.18025 8132.0102500000021 -0.055763157894703978 23.340767500000005 8126.8762500000012 642.7582500000002 158.50000000000003 0.029201883500878909
decision_type=2 2 2 2 2 2 2 2 2 2 2 2 2 2 2 2 2 2 2 2 2 2 2 2 2 2 2 2 2 2
left_child=2 -2 11 4 -3 6 -4 29 -8 -10 17 -1 15 14 -14 -11 -17 -6 -13 25 -9 -22 -23 -24 -25 26 -7 -28 -15 -5
right_child=1 3 5 7 10 19 8 20 9 12 -12 18 13 28 -16 16 -18 -19 -20 -21 21 22 23 24 -26 -27 27 -29 -30 -31
leaf_value=0.068055152999104265 0.053601826391671589 0.045001409897533914 0.043988175740893608 0.11522722771270669 0.248728769080753 -0.069497034999789029 0.073334821088284985 0.05260341256856918 -0.14382077463909695 -0.017278559107691459 -0.11522238442754945 -0.024806559363571373 0.17523906715500812 -0.12561245475758454 -0.035957769419745364 0.035977996360692308 0.34298777529939273 -0.021845568562741065 0.10105373247522688 0.01505148047671667 0.036155041893508939 -0.10691678729203749 -0.47390393192117863 -0.31568404407920064 -0.14020665208624183 0.035735664617392367 0.25816572475513178 0.042999277610989178 -0.037636654163119315 -0.076743403787000314
leaf_weight=3867 967 715 1040 138 46 48 327 86 389 886 761 924 116 759 353 204 60 358 238 803 106 1345 65 110 543 304 223 84 595 134
leaf_count=3867 967 715 1040 138 46 48 327 86 389 886 761 924 116 759 353 204 60 358 238 803 106 1345 65 110 543 304 223 84 595 134
internal_value=-0.000609654 -0.05065 0.0233604 -0.0735323 -0.0275017 -0.000374103 -0.0176313 -0.107753 -0.0350102 -0.0455669 -0.0719998 0.0525732 -0.0326669 -0.0603744 0.0165403 0.0112699 0.106784 0.00950048 0.00103678 0.05542 -0.123252 -0.130245 -0.138809 -0.198319 -0.170204 0.104512 0.163142 0.199624 -0.0870088 0.0207188
internal_weight=16594 5374 11220 4407 1880 6191 4729 2527 3689 3362 1165 5029 2973 1823 469 1150 264 404 1162 1462 2255 2169 2063 718 653 659 355 307 1354 272
internal_count=16594 5374 11220 4407 1880 6191 4729 2527 3689 3362 1165 5029 2973 1823 469 1150 264 404 1162 1462 2255 2169 2063 718 653 659 355 307 1354 272
is_linear=0
shrinkage=0.03


Tree=117
num_leaves=31
num_cat=0
split_feature=56 36 0 23 44 12 0 39 34 6 55 22 46 46 6 14 15 0 12 34 38 0 39 40 24 51 0 35 40 40
split_gain=19595.1 14513.6 8892.53 7899.06 6754.15 4641.67 5278.88 4604.26 5752.88 7852.89 4798.43 6108.05 5681.29 4906.46 5843.38 4634.01 5401.15 7181.35 4267.84 4165.52 6957.55 4797.6 4643.89 4115.89 3780.3 3743.79 3717.3 3652.14 3573.51 3544.1
threshold=-0.0025209398496240701 0.00016541353383426509 53.500000000000007 4.1091219864628696 0.00086097744360904953 0.087436090225561675 157.50000000000003 3.1906676417187261 2388.1421111111122 1591.1119264705885 0.05847677134809235 9043.58475 392.44722222222225 393.55277777777786 1591.5885000000005 553.98095454545467 0.33470507323502968 82.500000000000014 -0.020394736842106628 2388.129750000001 8135.5554999999995 128.50000000000003 3.2821423643614929 0.020037593984963162 -0.096236842105259637 0.10110761593470589 38.500000000000007 0.027834331319400083 1.2321127819548796 -0.13116917293232186
decision_type=2 2 2 2 2 2 2 2 2 2 2 2 2 2 2 2 2 2 2 2 2 2 2 2 2 2 2 2 2 2
left_child=1 -1 -3 7 -5 -4 -7 8 15 -10 11 -9 -13 19 -15 16 17 -2 -6 20 24 22 -22 26 -14 -19 -20 -24 -8 -18
right_child=3 2 5 4 18 6 28 10 9 -11 -12 12 13 14 -16 -17 29 25 23 -21 21 -23 27 -25 -26 -27 -28 -29 -30 -31
leaf_value=0.033491354839488507 0.10611322997893309 0.04917432908456696 -0.035252058236694792 0.017650845431389804 0.041716768019970984 -0.1724140627303424 -0.059703926073925509 0.23761277685814267 -0.42568655956623164 0.0072573676186003973 0.069567767858779037 0.049022529388920898 -0.21370518181382156 0.42214001242071386 -0.019262032988400471 0.037665292924257826 -0.047627879661030888 0.42268043891525092 0.060677163994738027 -0.37641864591493057 0.05797925807927784 -0.042193109937859866 -0.09750460825667813 -0.044628367341857475 0.1075036686235631 0.069427630662918099 -0.20529777849946065 -0.38046856316335259 -0.17856249449874764 0.1005767997438974
leaf_weight=1464 269 438 877 3969 302 922 1250 78 42 306 897 481 40 31 172 1258 163 139 55 51 37 166 57 754 168 34 320 154 278 1292
leaf_count=1464 269 438 877 3969 302 922 1250 78 42 306 897 481 40 31 172 1258 163 139 55 51 37 166 57 754 168 34 320 154 278 1292
internal_value=0.00132498 -0.0466435 -0.0778042 0.0236527 -0.0024964 -0.0945307 -0.115727 0.0478486 0.0695875 -0.0460645 0.0151778 -0.0188455 -0.0337507 -0.0792045 0.0498831 0.0823546 0.111955 0.203738 -0.0583498 -0.118158 -0.0964121 -0.1674 -0.250702 -0.0851302 0.0450058 0.354053 -0.16623 -0.304849 -0.0814314 0.0839525
internal_weight=16464 5229 3765 11235 5400 3327 2450 5835 3503 348 2332 1435 1357 876 203 3155 1897 442 1431 673 622 414 248 1129 208 173 375 211 1528 1455
internal_count=16464 5229 3765 11235 5400 3327 2450 5835 3503 348 2332 1435 1357 876 203 3155 1897 442 1431 673 622 414 248 1129 208 173 375 211 1528 1455
is_linear=0
shrinkage=0.03


Tree=118
num_leaves=31
num_cat=0
split_feature=48 0 4 36 0 20 0 14 42 24 0 15 20 20 0 42 6 50 23 0 0 55 8 27 12 42 3 54 14 34
split_gain=19024.5 12252.5 8960.79 8201.78 5546.58 6460.64 5834.28 7860.31 5588.77 5347.7 4633.96 9109.43 5943.45 4469.4 6951.33 6892.6 4455 4529.59 4352.7 6403.19 5757.27 5244.02 5098.82 4637.48 4115.53 4030.59 4024.83 4028.14 4157.12 4007.61
threshold=0.031720846233230141 96.500000000000014 0.0065037593984969937 0.0024887218045148277 74.500000000000014 -1.503759398922267e-05 157.50000000000003 554.23275000000024 8.4372525000000014 0.27599999999997332 96.500000000000014 0.50382784743016995 0.0028045112782023409 0.00068421052631550928 135.50000000000003 8.4174950000000024 1586.6042500000001 38.937250000000013 4.3832867232480686 140.50000000000003 146.50000000000003 0.063223369781577957 -0.024139097744362282 0.1086939510599569 0.0022857142857136605 8.444862500000001 0.28079529910596185 23.377447500000006 553.45975000000033 2388.1437500000011
decision_type=2 2 2 2 2 2 2 2 2 2 2 2 2 2 2 2 2 2 2 2 2 2 2 2 2 2 2 2 2 2
left_child=2 25 9 13 -4 -6 7 16 -8 10 29 12 18 24 26 -16 17 -7 20 21 22 -20 -12 -21 -3 -2 -15 28 -28 -1
right_child=1 3 4 -5 5 6 8 -9 -10 -11 11 -13 -14 14 15 -17 -18 -19 19 23 -22 -23 -24 -25 -26 -27 27 -29 -30 -31
leaf_value=0.04605356874444639 0.0052881760531524706 0.10212406160894136 0.03945744098826167 -0.14478708320986383 0.046462989545553474 -0.49573888986238407 0.17450965603505314 0.13577212729920513 -0.031774659055267086 -0.013735871958893659 0.14772281234299664 -0.18122903739975899 -0.12637243474910365 -0.073289632947603961 0.28702249725840306 -0.055739510867019053 -0.10493510936923436 -0.10809103825417432 0.23236172123915616 0.18773124124133778 0.19055945037666724 0.56428565305471412 -0.011723010050614229 -0.17307692536894156 -0.031544706066500172 0.14981727314181625 -0.19226568366205971 0.025315578036010266 -0.45946166987004483 -0.1688582308217883
leaf_weight=3339 1819 270 1493 1026 712 55 138 114 789 1026 303 96 84 192 54 1329 1004 54 161 92 433 59 444 48 881 191 128 39 91 79
leaf_count=3339 1819 270 1493 1026 712 55 138 114 789 1026 303 96 84 192 54 1329 1004 54 161 92 433 59 444 48 881 191 128 39 91 79
internal_value=0.00117434 -0.0413563 0.0255069 -0.0716518 -0.00741284 -0.0318345 -0.0577251 -0.100613 -0.00091071 0.0487842 0.061269 0.101424 0.118234 -0.0464654 -0.0755465 -0.0421585 -0.124925 -0.306422 0.131649 0.222931 0.103636 0.323528 0.0530628 0.0636754 -0.000127439 0.0190897 -0.177838 -0.255058 -0.304876 0.0410384
internal_weight=16543 6020 10523 4010 4359 2866 2154 1227 927 6164 5138 1720 1624 2984 1833 1383 1113 109 1540 360 1180 220 747 140 1151 2010 450 258 219 3418
internal_count=16543 6020 10523 4010 4359 2866 2154 1227 927 6164 5138 1720 1624 2984 1833 1383 1113 109 1540 360 1180 220 747 140 1151 2010 450 258 219 3418
is_linear=0
shrinkage=0.03


Tree=119
num_leaves=31
num_cat=0
split_feature=52 32 44 22 40 19 12 46 39 4 39 23 16 12 23 15 30 34 10 35 18 34 14 26 23 11 18 14 22 31
split_gain=18030.2 9675.58 8743.14 6526.74 6885.16 5771.95 5542.21 5208.46 4195.95 3950.11 3600.97 3558.76 3519.92 3491.25 3290.41 3486.06 3187.16 8144.2 5101.14 4287.75 3741.33 4295.14 4050.67 4043.2 3655.9 3532.8 3365.71 4582.63 3846.92 3329.4
threshold=-0.0043533834586466117 -0.0028120300751864804 0.0014539097744360738 9071.3887500000001 -0.11024436090225528 0.03041381265152138 -0.075462406015035358 391.97500000000008 3.5900924430458345 0.019135338345864745 2.3352533856070177 4.25866802797053 0.001086466165412845 -0.014127819548873434 3.2710181518709569 0.35844717183948466 521.16075000000035 2388.163250000001 1410.1512500000003 0.023685438564651686 2388.1185357142863 2388.1235147058828 553.20525000000009 47.54375000000001 4.5281993523794171 4.2060751151937437 2388.1035681818189 553.17475000000024 9057.3025000000034 0.27519879178429435
decision_type=2 2 2 2 2 2 2 2 2 2 2 2 2 2 2 2 2 2 2 2 2 2 2 2 2 2 2 2 2 2
left_child=1 6 3 4 5 11 -1 -8 -3 16 -4 -2 -11 -13 15 -9 17 25 20 -20 21 22 -18 -24 -22 29 -21 28 -28 -6
right_child=2 8 10 -5 9 -7 7 14 -10 12 -12 13 -14 -15 -16 -17 18 -19 19 26 24 -23 23 -25 -26 -27 27 -29 -30 -31
leaf_value=0.036473554896456858 0.075209766945534912 0.050318945218428071 0.10836458230687079 -0.034525814958918925 0.24918152149827752 -0.084584165928384913 0.048404734755855008 0.19705182918770744 -0.080964701500206862 -0.065734447026863457 -0.074514658808445072 0.092277905437453039 0.076745858516874196 -0.10704714989760913 -0.10345473440772067 -0.056205364766101988 0.28207546104555542 -0.029970584712559131 0.1637829051119617 -0.28124740903656326 0.18124767192522995 -0.25467836063809507 0.055570935684198235 -0.098337053190213894 -0.017616205370036241 0.27982058036769858 -0.22695766525545519 0.084244221806087913 0.028373277493078129 0.056637899309028815
leaf_weight=384 596 1048 106 1241 121 669 248 65 276 456 1037 115 236 248 2861 188 68 245 78 61 383 40 4634 158 106 196 137 152 86 242
leaf_count=384 596 1048 106 1241 121 669 248 65 276 456 1037 115 236 248 2861 188 68 245 78 61 383 40 4634 158 106 196 137 152 86 242
internal_value=0.000283176 -0.0467861 0.0211987 0.0299611 0.0388294 -0.0170176 -0.0714197 -0.0837502 0.0229112 0.0511181 -0.0574748 0.030156 -0.0171023 -0.0438201 -0.0942873 0.00938034 0.0581582 0.11418 0.0505099 -0.0397297 0.0591227 0.0512053 0.0537747 0.0504769 0.138192 0.1773 -0.0764294 -0.042453 -0.128802 0.121327
internal_weight=16481 5070 11411 10268 9027 1628 3746 3362 1324 7399 1143 959 692 363 3114 253 6707 804 5903 514 5389 4900 4860 4792 489 559 436 375 223 363
internal_count=16481 5070 11411 10268 9027 1628 3746 3362 1324 7399 1143 959 692 363 3114 253 6707 804 5903 514 5389 4900 4860 4792 489 559 436 375 223 363
is_linear=0
shrinkage=0.03


Tree=120
num_leaves=31
num_cat=0
split_feature=4 0 22 20 40 32 0 0 24 14 48 0 8 0 52 0 15 10 6 27 31 6 0 22 43 11 24 6 22 30
split_gain=18377.6 11996.7 9533.99 9414.86 7428.57 6203.3 6242.62 5276.61 5193.46 5181.42 4622.76 7268.8 4198.37 4168.31 4066.68 3965.7 4043.97 7204.75 5747.54 4530.04 3905.58 3703.06 5010.75 5256.74 4478.62 3935.67 4516.28 3736.9 3592.38 3582.91
threshold=0.012571428571430216 66.500000000000014 9073.4602500000019 -0.0005939849624065004 -0.057015037594008437 -0.0063984962406016246 53.500000000000007 239.50000000000003 0.23791729323306723 554.24658333333343 0.031720846233230141 92.500000000000014 -0.0055300751879720752 195.50000000000003 0.0031278195488721383 94.500000000000014 0.43226134965192003 1409.4256250000001 1590.1625833333335 0.097848735282209873 0.25715316429218943 1584.4668333333336 151.50000000000003 9058.2002500000035 0.02199917842902992 3.4192893626561189 0.1218082706766932 1589.7202500000001 9070.6047500000022 522.09307894736855
decision_type=2 2 2 2 2 2 2 2 2 2 2 2 2 2 2 2 2 2 2 2 2 2 2 2 2 2 2 2 2 2
left_child=2 -2 4 -3 5 6 -1 9 10 14 11 28 -13 -4 15 16 18 -18 19 -5 -10 -8 24 -24 25 -23 -27 -25 -6 -22
right_child=1 3 13 7 8 -7 21 -9 20 -11 -12 12 -14 -15 -16 -17 17 -19 -20 -21 29 22 23 27 -26 26 -28 -29 -30 -31
leaf_value=0.052290630221385234 0.037242725743127571 0.068446301894160358 -0.092007685393524385 -0.27063244700431821 0.049384095786322614 0.034342674974747529 0.13759452965167854 0.030687409658565035 0.077405990449716619 0.087538544201269386 0.015136004829227372 0.19392852930644072 0.088763624534466193 0.022211111062643233 0.041619128171329525 -0.10870708264330567 0.23168578570851911 -0.32560688634713492 -0.036158205087889327 -0.67052610458211692 -0.057780745581235034 -0.045132467132565135 -0.095595005166841968 0.38526238232045557 -0.0016016528907197493 -0.27097660967800763 -0.027504487411920412 0.042532415412539659 -0.27554895535111429 0.097446641124737485
leaf_weight=405 1078 364 923 61 2652 1497 64 288 376 122 1619 554 898 417 148 2577 38 44 43 46 908 147 267 36 161 359 85 128 30 156
leaf_count=405 1078 364 923 61 2652 1497 64 288 376 122 1619 554 898 417 148 2577 38 44 43 46 908 147 267 36 161 359 85 128 30 156
internal_value=-0.00152848 -0.0508822 0.018791 -0.0763473 0.0285475 -0.00987782 -0.0499458 -0.0920164 0.0453686 -0.1035 0.0581201 0.0749463 0.128994 -0.0564734 -0.111409 -0.119483 -0.238204 -0.0676694 -0.330364 -0.447166 -0.00558051 -0.0831654 -0.0952146 -0.0136066 -0.141907 -0.180062 -0.224533 0.119645 0.0456482 -0.0349517
internal_weight=16491 4809 11682 3731 10342 3149 1652 3367 7193 3079 5753 4134 1452 1340 2957 2809 232 82 150 107 1440 1247 1183 431 752 591 444 164 2682 1064
internal_count=16491 4809 11682 3731 10342 3149 1652 3367 7193 3079 5753 4134 1452 1340 2957 2809 232 82 150 107 1440 1247 1183 431 752 591 444 164 2682 1064
is_linear=0
shrinkage=0.03


Tree=121
num_leaves=31
num_cat=0
split_feature=36 56 38 0 31 0 42 26 16 0 44 52 0 50 0 50 38 54 38 2 10 46 25 32 0 43 47 22 26 54
split_gain=18558.2 14224.4 9309.47 8295.58 5976.36 5350.4 5662.17 6700.47 5419.04 7317.62 6153.25 5786.3 5368.81 4908.15 5389.99 4765.42 4560.98 5565.88 4323.07 4257.99 4150.54 5384.54 4497 3949.96 4000.8 3857.72 3749.03 3710.5 4165.85 4312.94
threshold=0.0011428571428576423 0.0002183458646616368 8160.1312500000013 41.500000000000007 0.26558896812937055 165.50000000000003 8.4369806250000021 47.462071428571434 0.00028195488721877176 101.50000000000001 -0.00029650375939847693 0.0009999999999999482 145.50000000000003 38.979750000000017 150.50000000000003 38.85025000000001 8149.0166911764709 23.269227500000003 8151.8059999999996 642.74825000000021 1405.1185000000003 392.64852941176474 47.455000000000005 -0.0099624060150380628 113.50000000000001 0.021818250100381204 0.9993069989739547 9052.4652500000029 47.474868421052641 23.259882500000003
decision_type=2 2 2 2 2 2 2 2 2 2 2 2 2 2 2 2 2 2 2 2 2 2 2 2 2 2 2 2 2 2
left_child=2 3 5 -2 -5 8 7 -7 9 18 27 16 -10 14 20 -16 17 -12 -1 -14 21 26 -22 24 -19 -17 -6 -11 -29 -30
right_child=1 -3 -4 4 13 6 -8 -9 12 10 11 -13 19 -15 15 25 -18 23 -20 -21 22 -23 -24 -25 -26 -27 -28 28 29 -31
leaf_value=0.036499521546026377 0.054691346564421546 0.044639654908543408 -0.081431427711875545 -0.0074761309484261363 -0.25407749152809211 0.10396931256947888 0.054965816925619485 0.40891547822126062 0.048966914554254296 0.28687725841999051 -0.036696091535257047 0.041856960351971617 0.37969872717504149 0.081929285832516408 -0.083758709407295545 0.0019484213236215951 -0.0029416439401360743 -0.027968997796376547 -0.26274859947575763 0.03119322391613474 0.078784408899063768 -0.50127263146638867 -0.13923754491710874 -0.11968452939187937 -0.3451926290988922 0.34922323981156717 0.0070884979548661601 0.13371787414234132 0.090008011858748349 -0.23126697255186288
leaf_weight=3542 478 1408 672 886 180 184 742 100 3105 58 308 331 80 135 1806 110 312 44 43 52 93 59 938 274 195 38 68 159 68 82
leaf_count=3542 478 1408 672 886 180 184 742 100 3105 58 308 331 80 135 1806 110 312 44 43 52 93 59 938 274 195 38 68 159 68 82
internal_value=0.00188188 -0.0391652 0.0264655 -0.0637983 -0.0769399 0.0339643 0.0987092 0.212403 0.0262769 0.0079195 -0.0408608 -0.0683911 0.0569796 -0.0948913 -0.102165 -0.0703407 -0.100608 -0.137675 0.0328379 0.243675 -0.148554 -0.245374 -0.119514 -0.198112 -0.287152 0.0928589 -0.182727 0.0688479 0.0271299 -0.0859908
internal_weight=16550 6199 10351 4791 4313 9679 1026 284 8653 5416 1831 1464 3237 3427 3292 1954 1133 821 3585 132 1338 307 1031 513 239 148 248 367 309 150
internal_count=16550 6199 10351 4791 4313 9679 1026 284 8653 5416 1831 1464 3237 3427 3292 1954 1133 821 3585 132 1338 307 1031 513 239 148 248 367 309 150
is_linear=0
shrinkage=0.03


Tree=122
num_leaves=31
num_cat=0
split_feature=28 0 8 56 48 0 6 34 0 42 38 0 43 0 39 19 36 34 20 20 15 40 48 6 46 0 43 24 24 23
split_gain=17082.8 10924.2 10200.3 6077.72 5016.69 4371.96 4819.15 3863.81 3994.8 5150.33 6687.2 9340.97 6641.99 5526.64 5264.57 4514.53 3843.07 3892.07 3654.66 3432.15 3359.97 3299.9 4149.2 3709.89 3294.94 3728.3 3692.47 3533.58 3274.4 3219.09
threshold=0.0034511278195489127 35.500000000000007 0.13178195488721731 -0.0014163909774436176 0.031720846233230141 197.50000000000003 1591.2922500000002 2388.0710263157903 27.500000000000004 8.4388425000000034 8138.9372500000018 111.50000000000001 0.017238137587681827 100.50000000000001 3.2373730662109694 0.029549334559387058 -0.00039849624060421849 2388.109750000001 -0.00029323308269966185 -0.0008646616541347227 0.34508477217473132 0.039642857142846141 -0.027646038172353959 1588.9597500000002 391.94868421052638 144.50000000000003 0.013484733396318961 1.3283308270676517 0.14449248120300495 4.0072826668906893
decision_type=2 2 2 2 2 2 2 2 2 2 2 2 2 2 2 2 2 2 2 2 2 2 2 2 2 2 2 2 2 2
left_child=4 -2 3 16 -1 18 -7 -6 -9 10 13 12 -12 14 29 -13 -3 21 -5 28 -20 22 -18 -23 -21 26 -26 -27 -4 -10
right_child=1 2 19 5 7 6 -8 8 9 -11 11 15 -14 -15 -16 -17 17 -19 20 24 -22 23 -24 -25 25 27 -28 -29 -30 -31
leaf_value=0.043303237219602331 0.069902882178681472 0.054775162189662878 0.24951367195914773 0.087988058354357163 0.034232013827342554 0.36710655910310458 0.056479232851851378 0.089262222473685801 0.15543247222900392 -0.015966551392227316 -0.50083580832340213 0.018572557823998588 -0.005556909204663142 -0.46308894537585343 -0.43696604881967815 0.50451655381066463 0.12354150215711662 -0.024409176073012684 0.078123668099424851 0.073243844458035057 -0.041452213276694724 0.065619437415962642 -0.2292619877769578 -0.12314623117160826 0.16355390047485177 -0.054746559953158261 -0.16090787308140805 -0.15607009585975676 -0.042285543717443939 -0.16812570421646036
leaf_weight=6343 843 277 50 416 1133 66 138 184 44 790 37 34 68 75 41 34 33 915 271 104 950 137 277 292 32 1565 857 386 107 71
leaf_count=6343 843 277 50 416 1133 66 138 184 44 790 37 34 68 75 41 34 33 915 271 104 950 137 277 292 32 1565 857 386 107 71
internal_value=0.000662673 -0.0319648 -0.0444677 -0.0113241 0.029097 0.027669 0.158277 -0.00679217 -0.0405229 -0.0605812 -0.147568 -0.00636246 -0.183162 -0.252836 -0.149447 0.265335 -0.0484949 -0.0658124 0.0113062 -0.0847663 -0.0148702 -0.116974 -0.191429 -0.062852 -0.0920555 -0.0981323 -0.149058 -0.0748628 0.0516352 -0.0440568
internal_weight=16570 7716 6873 3772 8854 1841 204 2511 1378 1194 404 173 105 231 156 68 1931 1654 1637 3101 1221 739 310 429 2944 2840 889 1951 157 115
internal_count=16570 7716 6873 3772 8854 1841 204 2511 1378 1194 404 173 105 231 156 68 1931 1654 1637 3101 1221 739 310 429 2944 2840 889 1951 157 115
is_linear=0
shrinkage=0.03


Tree=123
num_leaves=31
num_cat=0
split_feature=56 36 0 4 16 44 22 30 0 0 7 12 0 22 26 2 2 24 56 51 0 6 39 0 38 26 10 38 20 11
split_gain=16341.8 13056.1 6884.99 6254.35 5861.75 4932.05 4667.74 3820.02 3739.39 4137.7 3826.6 3704.05 4149.23 4388.89 4106.98 4830.7 5611.03 3795.61 3854.33 3640.51 3205.93 3135.95 3118.18 3060.76 3568.3 6559.87 3618.54 3276.47 2944.46 3440.67
threshold=-0.0010742652084757124 0.0016666666666586545 49.500000000000007 0.010902255639098987 -0.0087443609022563179 0.00089823597455178773 9073.0407500000001 522.17307894736859 35.500000000000007 190.50000000000003 4.218645368023247 -0.1216729323308252 123.50000000000001 9058.9317500000016 47.300750000000015 642.6337500000003 642.81105555555575 0.02705639097743311 -0.0024355639097744359 0.094881862866217151 30.500000000000004 1590.4827500000004 4.556742198141837 175.50000000000003 8141.9937500000005 47.472071428571432 1405.9817500000001 8145.5647499999995 -0.00020300751880552667 3.913548821079365
decision_type=2 2 2 2 2 2 2 2 2 2 2 2 2 2 2 2 2 2 2 2 2 2 2 2 2 2 2 2 2 2
left_child=1 3 -3 6 5 -2 -1 8 -5 10 -10 -4 13 14 -13 19 -17 -15 -19 -16 -7 28 -11 24 -6 26 27 -26 -12 -30
right_child=4 2 11 7 23 20 -8 -9 9 22 21 12 -14 17 15 16 -18 18 -20 -21 -22 -23 -24 -25 25 -27 -28 -29 29 -31
leaf_value=0.032267316015162827 0.022433193303203858 0.056829681999233765 0.11325084266189026 0.079200869092537513 0.066822473524686316 0.084348702838674919 -0.06226049089488761 0.075939713029025732 -0.06611866033162371 0.084982351484115828 -0.041723495446718654 0.15044581931084394 -0.08478332150035979 -0.4252064648224041 -0.51517126075426745 0.22630518326099883 -0.18138515183485523 -0.29571743683595408 0.061125555423110024 -0.13753203749656676 -0.081055864523953886 -0.10099656861456274 -0.1007977490542933 0.15009227003404593 -0.042112295402001731 -0.13729353497476834 0.31398759689272904 0.066276346041249171 -0.55047739912854865 -0.22599202513694763
leaf_weight=3274 2593 288 72 154 2714 121 548 202 872 219 38 47 2006 95 44 46 85 75 42 49 784 205 128 276 394 233 40 688 46 86
leaf_count=3274 2593 288 72 154 2714 121 548 202 872 219 38 47 2006 95 44 46 85 75 42 49 784 205 128 276 394 233 40 688 46 86
internal_value=-0.00103949 -0.0295458 -0.0820827 -0.00360442 0.0302943 0.00138708 0.0187011 -0.0473105 -0.0615886 -0.0752317 -0.100711 -0.0977203 -0.103866 -0.182782 -0.102208 -0.155654 -0.0375968 -0.284817 -0.168188 -0.31978 -0.0588723 -0.180761 0.0163598 0.0535608 0.0469779 0.00721007 0.0373139 0.0268052 -0.275795 -0.342359
internal_weight=16464 8621 2849 5772 7843 3498 3822 1950 1748 1594 1247 2561 2489 483 271 224 131 212 117 93 905 375 347 4345 4069 1355 1122 1082 170 132
internal_count=16464 8621 2849 5772 7843 3498 3822 1950 1748 1594 1247 2561 2489 483 271 224 131 212 117 93 905 375 347 4345 4069 1355 1122 1082 170 132
is_linear=0
shrinkage=0.03


Tree=124
num_leaves=31
num_cat=0
split_feature=4 12 0 44 16 0 8 6 0 0 24 15 18 47 0 46 15 28 42 0 38 34 54 43 7 38 0 54 18 0
split_gain=15306 9555.22 9269.37 9056.05 9761.2 6284.36 5433.92 5306.05 4994.81 4215.32 5753.62 5082.93 4477.84 4436.93 5903.15 4175.38 3914.38 3905.31 3831.48 3739.35 4283.39 6150.23 4555.53 4180.39 3711.22 3630.65 4894.92 5074.27 7291.09 3496.77
threshold=0.017127819548872335 0.034357142857141025 39.500000000000007 -0.00010988721804512112 0.0017105263157908245 60.500000000000007 0.08832330827067604 1585.3602500000004 144.50000000000003 156.50000000000003 0.057774436090240043 0.40258275534127169 2388.1205277777785 0.74557644682045188 118.50000000000001 391.78174603174608 0.5056613244055882 -0.00093984962406018773 8.4369806250000021 177.50000000000003 8142.7137500000008 2388.0870714285725 23.277505000000001 0.015852972511466817 3.7653012495541511 8144.3577500000001 51.500000000000007 23.396297500000006 2388.0675961538468 170.50000000000003
decision_type=2 2 2 2 2 2 2 2 2 2 2 2 2 2 2 2 2 2 2 2 2 2 2 2 2 2 2 2 2 2
left_child=1 19 -2 -3 5 -5 16 -4 15 10 11 12 -9 14 -12 -8 29 -15 -11 20 23 25 -23 -1 -17 26 -22 28 -28 -7
right_child=2 3 7 4 -6 6 8 9 -10 18 13 -13 -14 17 -16 24 -18 -19 -20 -21 21 22 -24 -25 -26 -27 27 -29 -30 -31
leaf_value=0.13018134178012877 0.059361307795800629 0.045030285387343327 0.10708209478010343 0.037090590584141735 0.04426135628882534 -0.040194277579128287 0.14040476979278937 -0.37613302817207672 -0.059088744682799892 0.10699407553952187 0.29801681380291456 -0.11886926938325931 -0.1185195453849531 0.12839376643393188 -0.21116284525682849 -0.093833360249293035 -0.17663598715340795 -0.12949813127985413 -0.070709618158562457 0.14310493566603297 0.031712086895259756 -0.070415513045021472 -0.42215695220596938 0.041566843229088532 -0.22969319299336741 0.041597656388952339 -0.45363199544481081 0.12930943912826479 0.093001407750191223 0.053490297063336481
leaf_weight=581 490 2141 126 671 1341 1224 40 185 1270 119 60 350 92 59 30 319 141 453 1224 322 176 104 48 2723 424 1130 78 31 30 506
leaf_count=581 490 2141 126 671 1341 1224 40 185 1270 119 60 350 92 59 30 319 141 453 1224 322 176 104 48 2723 424 1130 78 31 30 506
internal_value=-0.00155427 0.0125981 -0.060582 -0.00785017 -0.0269275 -0.0477083 -0.0622146 -0.0823795 -0.0959063 -0.0916991 -0.131839 -0.195392 -0.291306 -0.0654321 0.127835 -0.155472 -0.0252141 -0.0995878 -0.0548958 0.0442154 0.0376904 -0.00265038 -0.183525 0.0571842 -0.171568 0.0164896 -0.073427 -0.205828 -0.302329 -0.0127778
internal_weight=16488 13300 3188 8077 5936 4595 3924 2698 2053 2572 1229 627 277 602 90 783 1871 512 1343 5223 4901 1597 152 3304 743 1445 315 139 108 1730
internal_count=16488 13300 3188 8077 5936 4595 3924 2698 2053 2572 1229 627 277 602 90 783 1871 512 1343 5223 4901 1597 152 3304 743 1445 315 139 108 1730
is_linear=0
shrinkage=0.03


Tree=125
num_leaves=31
num_cat=0
split_feature=56 36 23 44 16 44 50 28 4 48 2 10 34 38 38 34 40 7 50 47 11 50 48 48 6 10 4 47 55 19
split_gain=14556.6 12060.7 7228.57 6083.96 7246.26 4498.96 4324.55 3841.43 3553.64 3115.07 3097.91 3476.81 3527.53 3046.73 5585.79 3516.52 2977.11 3488.86 4412.97 2969.35 2943.92 3266.58 2862.1 2792.19 2601.84 2542.59 2396.67 2387.44 2594.59 2356.76
threshold=-0.0020861278195489327 -0.00058646616541334232 3.6172297884678142 -3.2518796992461505e-05 -0.0030111123396732663 0.0010162781954887116 38.979750000000017 0.0015361480624640114 -0.01817669172932421 0.012075643654591026 642.42575000000022 1405.7147500000001 2388.0551315789476 8141.8045000000011 8144.9007500000007 2388.0197500000013 -0.17175187969924216 2.8212444944920683 38.794750000000015 0.76640642130208259 4.9604340409231353 38.866583333333345 0.043100398053958433 -0.05316231755860238 1587.2890000000004 1408.1330000000005 -0.0033345864661649019 0.70174492149271817 0.059248388053221974 0.030145480590024105
decision_type=2 2 2 2 2 2 2 2 2 2 2 2 2 2 2 2 2 2 2 2 2 2 2 2 2 2 2 2 2 2
left_child=1 -1 7 9 5 16 8 24 -4 -2 -7 12 -12 -11 15 -15 26 18 -18 -13 -19 -22 27 -21 -3 -16 -5 28 -10 -9
right_child=3 2 6 4 -6 10 -8 29 22 13 11 19 -14 14 25 -17 17 20 -20 23 21 -23 -24 -25 -26 -27 -28 -29 -30 -31
leaf_value=0.060510836673915262 0.075869505235347079 -0.018656127766201583 0.10450645870372149 0.066501611506433356 0.040513774383023206 0.017543283416825817 0.036031279004543913 0.021662172926166519 -0.070174715283971567 0.050827900928739331 -0.013467542966206867 0.076072721945949731 -0.34037526345771291 0.015017800023513181 0.084937263366165777 -0.24675962390713124 0.42126558385971113 0.0093481990204362028 0.02223607368136828 0.15924319521376962 -0.017404154863309214 -0.33832182916079429 -0.11776057667112351 -0.10493246114574251 0.14011239397254857 -0.095186616719229941 -0.16019390478338064 -0.074861309868533579 0.14557914981599321 -0.083014903735212184
leaf_weight=944 2026 143 88 55 2726 291 295 395 103 1001 44 107 91 69 258 138 40 2199 64 37 73 46 1607 733 263 96 170 1936 96 378
leaf_count=944 2026 143 88 55 2726 291 295 395 103 1001 44 107 91 69 258 138 40 2199 64 37 73 46 1607 733 263 96 170 1936 96 378
internal_value=-0.00214287 -0.038242 -0.0558261 0.0198333 0.00289875 -0.0230641 -0.0745458 0.00967692 -0.08307 0.0513331 -0.0686743 -0.0934589 -0.23471 0.0194798 -0.0364461 -0.159848 -0.000594724 0.00911855 0.178259 -0.071473 0.00145623 -0.143242 -0.087508 -0.0920482 0.084283 0.0359596 -0.10473 -0.0646926 0.034115 -0.0295664
internal_weight=16512 6248 5304 10264 6676 3950 4125 1179 3830 3588 1303 1012 135 1562 561 207 2647 2422 104 877 2318 119 3742 770 406 354 225 2135 199 773
internal_count=16512 6248 5304 10264 6676 3950 4125 1179 3830 3588 1303 1012 135 1562 561 207 2647 2422 104 877 2318 119 3742 770 406 354 225 2135 199 773
is_linear=0
shrinkage=0.03


Tree=126
num_leaves=31
num_cat=0
split_feature=28 0 16 15 44 8 50 6 22 38 12 52 46 48 48 0 50 32 44 4 46 0 15 22 52 38 36 22 15 42
split_gain=14667.5 9943.87 7282.07 6183.58 4957.54 4831.49 4828.28 6697.97 4262.84 4090.29 4058.74 4085.79 3910.98 3805.77 3751.88 3616.96 4838.35 3430.91 3366.56 3895.78 3962.85 5655.34 3337.27 3186.38 3186.9 3181.06 3732 3142.95 3118.36 3034.52
threshold=0.0034511278195489127 53.500000000000007 -0.00097744360902277832 0.42135673712520155 -0.00023387218045113034 -0.051530075187969468 38.74225000000002 1587.0832500000001 9048.3436052631605 8142.3210000000008 0.030469924812028693 -0.00017293233082715079 391.89181286549712 -0.023934837092731826 0.033208020050125318 142.50000000000003 38.845527777777789 0.00017293233082682494 -7.0462695199522804e-05 -0.0062105263157879271 393.77500000000003 76.500000000000014 0.29792238910425067 9058.9317500000016 -0.0077067669172931818 8148.4617500000013 6.7669172925260027e-05 9044.3432500000035 0.36788279377243971 8.4534850000000024
decision_type=2 2 2 2 2 2 2 2 2 2 2 2 2 2 2 2 2 2 2 2 2 2 2 2 2 2 2 2 2 2
left_child=10 -2 3 5 -5 27 29 -8 -9 17 -1 12 -12 -10 18 -7 -17 22 -14 -20 21 -21 -4 24 -24 26 -23 -3 -26 -6
right_child=1 2 9 4 6 15 7 8 13 -11 11 -13 14 -15 -16 16 -18 -19 19 20 -22 25 23 -25 28 -27 -28 -29 -30 -31
leaf_value=0.04932836595407137 0.04703160081766531 0.31782099670877578 -0.21111888081650249 0.041790894105747975 0.20209751369271958 -0.09750600196570286 0.025414561650199858 -0.4277168461809987 0.061759112200953738 -0.037853737527169348 0.061338535654094813 0.041617395733891525 0.06181364187488974 -0.20022404054310608 -0.083377533292714148 -0.039396398272580013 0.13328550391080904 0.17464687176123259 0.078333447283351579 0.045373294469045131 0.056797963323487528 -0.046991406897472783 -0.28258788509802379 0.17026582766297479 0.17075225069627656 -0.0024338416181700793 -0.24231970137180561 0.033240175357420146 -0.050527343653863473 -0.081429042344523653
leaf_weight=3882 1251 37 47 210 34 867 138 68 54 588 511 1983 490 597 794 1333 163 199 230 195 205 128 32 138 90 113 285 437 154 1242
leaf_count=3882 1251 37 47 210 34 867 138 68 54 588 511 1983 490 597 794 1333 163 199 230 195 205 128 32 138 90 113 285 437 154 1242
internal_value=-1.6839e-05 -0.0303262 -0.0453863 -0.0610571 -0.0971169 -0.0312526 -0.110806 -0.165871 -0.202569 0.0196542 0.026384 0.00832531 -0.0140527 -0.178431 -0.0298602 -0.0487865 -0.020505 0.0708683 -0.00400954 -0.0319397 -0.0593843 -0.092451 0.0257891 0.0531284 -0.00584362 -0.143535 -0.182042 0.0560766 0.031456 -0.0737219
internal_weight=16495 7679 6428 5180 2343 2837 2133 857 719 1248 8816 4934 2951 651 2440 2363 1496 660 1646 1156 926 721 461 414 276 526 413 474 244 1276
internal_count=16495 7679 6428 5180 2343 2837 2133 857 719 1248 8816 4934 2951 651 2440 2363 1496 660 1646 1156 926 721 461 414 276 526 413 474 244 1276
is_linear=0
shrinkage=0.03


Tree=127
num_leaves=31
num_cat=0
split_feature=44 0 52 20 4 12 32 23 50 0 48 38 2 55 18 7 11 55 10 10 54 11 10 14 19 38 38 39 0 0
split_gain=14275.7 8556.65 8441.6 4779.86 4554.36 4282.53 3833.29 3914.55 3775.66 3630.66 5734.3 5641.1 5242.68 3503.09 5330.14 5894.34 4874.58 3835.1 3908.17 3782.16 7970.57 3627.23 3931.06 3957.8 3666.19 3625.7 6069.3 3466.64 4066.11 4861.92
threshold=0.0010687593984962296 58.500000000000007 -0.0049172932330827082 -0.00041353383458335468 0.017996240601504235 -0.13101503759398161 -0.016714285714285296 4.7826318066709694 38.796250000000008 153.50000000000003 0.025681851688043641 8153.442 642.93075000000022 0.059340423613739701 2388.1190454545463 4.1082832179118958 4.1914223775324402 0.072748745003334142 1411.1547500000001 1411.5870000000002 23.252515000000002 4.6767797676964715 1410.0677500000004 553.21975000000009 0.03350746185549424 8123.7335000000012 8124.942 3.2178500197419631 136.50000000000003 107.50000000000001
decision_type=2 2 2 2 2 2 2 2 2 2 2 2 2 2 2 2 2 2 2 2 2 2 2 2 2 2 2 2 2 2
left_child=2 -2 5 -3 9 8 -7 -8 -1 11 12 13 -11 25 21 16 19 18 -17 -16 -21 22 23 -15 -23 -4 -27 -28 29 -29
right_child=1 3 4 -5 -6 6 7 -9 -10 10 -12 -13 -14 14 15 17 -18 -19 -20 20 -22 24 -24 -25 -26 26 27 28 -30 -31
leaf_value=0.30075570449233058 0.045114084207172001 0.044476132918074979 0.15655727065015065 -0.081024162117717763 -0.024585185269069859 -0.095927099166851409 0.010550844857354313 -0.1046258439041164 0.025139035821640898 0.20415361698051043 0.019851993529380718 -0.11172977723181247 0.013136459727690597 0.36346621212206387 0.085160142718599383 0.34363626163290895 0.22734797815213331 0.56517641880932978 0.052125287899723302 0.1753559934099515 -0.40650816658368477 -0.0053244707378394453 -0.1374132432686655 0.054339129643013552 -0.28543765357030287 -0.2920045337434542 0.035775167695382165 -0.0056493552292691289 0.13999612078160045 -0.14155402087877017
leaf_weight=53 712 300 157 2985 1249 855 1142 345 262 441 628 248 183 37 129 91 110 33 76 35 51 169 94 2063 55 58 2490 956 124 314
leaf_count=53 712 300 157 2985 1249 855 1142 345 262 441 628 248 183 37 129 91 110 33 76 35 51 169 94 2063 55 58 2490 956 124 314
internal_value=0.000199266 -0.0491207 0.0160384 -0.0695529 0.0289077 -0.0313778 -0.0453498 -0.0162237 0.0723176 0.0367313 0.0839105 0.0286182 0.148245 0.033576 0.0585424 0.145105 0.0658921 0.272857 0.212073 -0.0173833 -0.170409 0.0396956 0.0514412 0.0599561 -0.0750652 0.0156408 0.00999017 0.0145739 -0.0232949 -0.0393359
internal_weight=16445 3997 12448 3285 9791 2657 2342 1487 315 8542 1252 7290 624 7042 2943 525 325 200 167 215 86 2418 2194 2100 224 4099 3942 3884 1394 1270
internal_count=16445 3997 12448 3285 9791 2657 2342 1487 315 8542 1252 7290 624 7042 2943 525 325 200 167 215 86 2418 2194 2100 224 4099 3942 3884 1394 1270
is_linear=0
shrinkage=0.03


Tree=128
num_leaves=31
num_cat=0
split_feature=36 32 0 39 40 47 0 15 0 18 2 24 54 15 18 39 22 0 2 14 11 10 26 38 0 34 7 30 30 38
split_gain=13468.6 10819.1 6016.21 4898.71 5029.27 4724.06 4571.33 4256.62 4389.85 4326.34 5499.49 4217.32 3899.39 3742.62 3721.61 5608.59 3619.48 5097.45 3928.22 3735.32 6030.15 7053 5080.69 12506.8 6714.23 4902.4 4440.08 3612.01 3534.63 3525.89
threshold=8.2706766913456952e-05 -0.018563909774437708 100.50000000000001 4.0548935248366442 -0.11650375939848993 0.786884607312896 45.500000000000007 0.32860519622192547 150.50000000000003 2388.0260555555565 642.85925000000032 0.20811278195487151 23.30986 0.53060539340222546 2388.0997500000008 3.2496339572587329 9080.8690000000006 127.50000000000001 642.69975000000011 553.30205263157916 3.5318685771224172 1409.7145000000003 47.479166666666679 8135.7062500000011 63.500000000000007 2388.085250000001 3.7783280032236548 521.85325000000023 521.13575000000026 8131.2110000000002
decision_type=2 2 2 2 2 2 2 2 2 2 2 2 2 2 2 2 2 2 2 2 2 2 2 2 2 2 2 2 2 2
left_child=16 2 12 4 5 -3 -7 14 9 -9 -11 -8 29 -6 15 -4 17 19 -19 20 21 -1 27 -24 -25 -26 -23 -21 -20 -2
right_child=1 3 7 -5 13 6 11 8 -10 10 -12 -13 -14 -15 -16 -17 -18 18 28 22 -22 26 23 24 25 -27 -28 -29 -30 -31
leaf_value=0.17625999490739008 0.021884247788141683 0.07467465789469728 0.44180481961795259 -0.06952297328536941 0.024931808829325636 0.040795340598043461 -0.14295756685782643 0.13447419543157924 -0.068762070291393459 -0.25630857182949196 -0.088817015817720377 0.10174280400007543 -0.0283714689200593 -0.13168474454333648 -0.044062834908749828 -0.044669648744165895 -0.063912957111548749 0.1641299612094487 0.10034292640926964 0.089307443877897005 0.15125501383021475 -0.011297331128905458 0.055401352463768573 0.039191361874341961 -0.070784379278442694 -0.35098577389640084 -0.30234416686288718 0.013385696432001073 -0.065241494612886725 0.29368144070872892
leaf_weight=108 96 222 41 803 5291 215 611 43 1783 355 353 70 369 140 187 43 302 491 352 779 499 122 435 89 83 177 76 2038 172 77
leaf_count=108 96 222 41 803 5291 215 611 43 1783 355 353 70 369 140 187 43 302 491 352 779 499 122 435 89 83 177 76 2038 172 77
internal_value=-0.000123316 -0.0199934 -0.0646962 0.000363534 0.00894191 -0.0489741 -0.0796594 -0.0823718 -0.0944543 -0.15528 -0.173042 -0.117693 0.0267633 0.0208711 0.0305387 0.19518 0.0370203 0.042654 0.103234 0.028678 0.0870593 -0.0177776 0.0156064 -0.051897 -0.185412 -0.262151 -0.12397 0.034405 0.04597 0.14385
internal_weight=16422 10699 3347 7352 6549 1118 896 2805 2534 751 708 681 542 5431 271 84 5723 5421 1015 4406 805 306 3601 784 349 260 198 2817 524 173
internal_count=16422 10699 3347 7352 6549 1118 896 2805 2534 751 708 681 542 5431 271 84 5723 5421 1015 4406 805 306 3601 784 349 260 198 2817 524 173
is_linear=0
shrinkage=0.03


Tree=129
num_leaves=31
num_cat=0
split_feature=36 56 38 48 50 16 44 35 8 6 47 34 47 2 31 20 15 34 8 44 4 10 50 7 48 7 38 34 48 52
split_gain=12046.5 11506.1 5288.53 5252.99 5233.79 3861.33 4274.19 3684.93 3319.62 3631.76 3150.4 3569.09 4902.75 4008.79 3957.86 3141.61 3259.03 3077.94 3066.58 2948.38 2941.83 3017.91 4395.18 2878.77 2765.12 2732.38 2723.04 2690.96 2686.83 2639.5
threshold=0.0011428571428576423 0.0002183458646616368 8160.1312500000013 -0.045739348370927309 38.937250000000013 -0.00035902255638692543 0.00040172932330828545 0.035326845234448144 -0.14420300751879986 1590.5580000000007 0.74557644682045188 2388.0802500000013 0.96302534662836459 642.67525000000012 0.28122033176844213 -0.00022556390977525664 0.41081078369443852 2388.0571363636373 -0.022127819548874873 0.00047586466165414824 -0.0088233082706752047 1413.2540000000001 38.87267857142858 3.7307092487170928 0.017387875282612129 3.448371553588172 8126.4217499999995 2388.0275961538468 -0.019954297508477072 -0.00017293233082715079
decision_type=2 2 2 2 2 2 2 2 2 2 2 2 2 2 2 2 2 2 2 2 2 2 2 2 2 2 2 2 2 2
left_child=2 3 5 -2 7 6 20 8 -5 10 23 12 -12 14 -13 26 -17 -14 -3 -15 21 22 -1 -10 -11 -16 -8 -18 -29 -22
right_child=1 18 -4 4 -6 -7 15 -9 9 24 11 13 17 19 25 16 27 -19 -20 -21 29 -23 -24 -25 -26 -27 -28 28 -30 -31
leaf_value=0.21889430288118975 0.076652141769826418 0.10058493245894827 -0.062871687925328532 0.0689191611322192 0.019458198366943621 0.048025955179363762 -0.1837822253908962 -0.1225214214514062 0.18284200893508062 0.015210193973646254 -0.17612898368323221 -0.091203253808475673 -0.12920556805454766 0.13099339008331298 -0.13652928195680891 -0.0072972514143083084 0.049945067852496396 0.16086815440654753 0.0079540424981730164 -0.20715732189898306 -0.0072977159174135442 -0.15563661893693412 0.042738356692545595 -0.11569066491864975 -0.066877288375066651 -0.44755776811005737 0.050377390941905617 0.033240815123363333 -0.13512594580864681 0.051262909828240215
leaf_weight=209 249 492 676 172 579 3684 47 1141 53 511 199 62 51 41 34 1128 110 89 926 51 1569 40 326 62 1328 115 653 100 566 1239
leaf_count=209 249 492 676 172 579 3684 47 1141 53 511 199 62 51 41 34 1128 110 89 926 51 1569 40 326 62 1328 115 653 100 566 1239
internal_value=-0.00157652 -0.0348069 0.0181923 -0.0572463 -0.0646905 0.0238645 0.00899169 -0.0771564 -0.058419 -0.0668792 -0.122154 -0.148022 -0.0807834 -0.222735 -0.294533 -0.0198958 -0.0398708 0.0550315 0.0401422 -0.0566716 0.0312266 0.0929898 0.111834 0.0222841 -0.0440719 -0.377968 0.0344155 -0.0871495 -0.109834 0.0185506
internal_weight=16502 6155 10347 4737 4488 9671 5987 3909 2768 2596 757 642 339 303 211 2604 1904 140 1418 92 3383 575 535 115 1839 149 700 776 666 2808
internal_count=16502 6155 10347 4737 4488 9671 5987 3909 2768 2596 757 642 339 303 211 2604 1904 140 1418 92 3383 575 535 115 1839 149 700 776 666 2808
is_linear=0
shrinkage=0.03


Tree=130
num_leaves=31
num_cat=0
split_feature=23 40 24 44 4 23 24 12 4 50 18 22 55 34 22 35 15 2 11 46 10 36 22 50 12 34 3 19 10 40
split_gain=12033.8 8804.6 6740.08 6298.17 5720.79 4134.07 3734.41 3709.85 3669.88 4770.81 7405.84 4082.6 4423.21 3903.95 5236.48 5632.07 3071.61 2988.9 2850.4 2726.11 4151.15 3851.82 3321.09 2845.33 3393 3019.1 2601.58 2544.59 2494.82 2462.84
threshold=7.3121360335656718 -0.10727443609021441 0.1029285714285834 0.0011207518796992339 -0.0052218045112784892 3.439980942882825 0.16283834586466975 -0.039011278195486575 0.013259398496239869 38.767071428571441 2388.152250000001 9063.5792500000007 0.066113136240713924 2388.1335921052641 9042.8652500000007 0.024994999499890664 0.35190019891722907 642.67525000000012 4.6102562157067988 392.24264705882359 1403.4112500000003 -0.0013533834586452146 9058.9317500000016 38.736750000000015 -0.044126846837371558 2388.1220526315797 0.30328925961797298 0.030822070014802101 1411.7092500000003 0.0258195488721874
decision_type=2 2 2 2 2 2 2 2 2 2 2 2 2 2 2 2 2 2 2 2 2 2 2 2 2 2 2 2 2 2
left_child=1 2 4 6 -1 -6 8 -5 9 10 11 12 18 17 -15 16 -16 29 -3 22 -21 -22 -7 -23 25 -25 -17 -4 -19 -11
right_child=-2 3 27 7 5 19 -8 -9 -10 13 -12 -13 -14 14 15 26 -18 28 -20 20 21 23 -24 24 -26 -27 -28 -29 -30 -31
leaf_value=0.034978884494402902 -0.11282180573809152 0.14853712076177963 0.078748037387923783 0.053464282570515088 0.0060813457034038076 0.084757496936047186 0.0054550184041638854 -0.044389798454765317 -0.0026308094842372614 0.013983269852495398 0.021114839768159564 0.053220170527158016 0.50463948397951963 0.13790924149919562 -0.15189410507678985 -0.17790802406637291 0.2641631989325246 0.1326915359414938 0.46736979201436041 -0.31741884749014299 0.18307633191347122 -0.072650198458372173 -0.12667876037856329 0.11131722461599022 -0.19784418388016553 -0.24289709094911813 -0.49775515877619014 -0.03512424414977431 -0.13730309848419645 0.062320628702094913
leaf_weight=454 780 129 518 429 379 139 3749 1845 1270 1696 273 82 67 70 32 56 30 507 31 90 39 634 127 66 477 31 40 267 32 2154
leaf_count=454 780 129 518 429 379 139 3749 1845 1270 1696 273 82 67 70 32 56 30 507 31 90 39 634 127 66 477 31 40 267 32 2154
internal_value=0.00211655 0.00782896 -0.0363887 0.0192323 -0.0610182 -0.083014 0.029281 -0.0259138 0.043086 0.0542519 0.135135 0.235479 0.300794 0.0440291 -0.0767712 -0.172152 0.0504215 0.0503205 0.21283 -0.10407 -0.121509 -0.107126 -0.0162878 -0.116639 -0.165016 -0.0032087 -0.314935 0.0400215 0.116438 0.0410362
internal_weight=16493 15713 3221 12492 2436 1982 10218 2274 6469 5199 582 309 227 4617 228 158 62 4389 160 1603 1337 1247 266 1208 574 97 96 785 539 3850
internal_count=16493 15713 3221 12492 2436 1982 10218 2274 6469 5199 582 309 227 4617 228 158 62 4389 160 1603 1337 1247 266 1208 574 97 96 785 539 3850
is_linear=0
shrinkage=0.03


Tree=131
num_leaves=31
num_cat=0
split_feature=52 44 14 40 38 20 22 23 54 22 23 34 43 22 39 19 6 19 43 23 42 54 10 35 46 42 10 12 11 30
split_gain=11440.4 6733 6425.32 5605.34 5388.79 4865.91 4602.71 5528.54 5134.44 4756.33 4499.12 4270.02 4248.36 4293.4 4074.26 4036.22 3938.89 3838 3797.2 3430.69 4724.5 5958.14 3386.56 3242.37 3220.42 3185.85 4943.91 3413.54 3164.38 5485.09
threshold=-0.0057518796992480784 0.0014539097744360738 553.61475000000019 -0.11924436090226334 8140.7210000000014 0.0011203007518812448 9057.7665000000034 4.5896924753290138 23.270132500000006 9060.4002500000024 3.4601600886368984 2388.0810555555563 0.016940159014509768 9059.1845000000048 3.5400225101031881 0.028178005607192382 1588.4602500000003 0.034914180500253238 0.013266395511297798 4.5596186654994932 8.4610150000000015 23.234232500000001 1413.2540000000001 0.027221315177643982 393.87500000000006 8.4383175000000019 1408.0462500000001 -0.13470676691729319 3.4567863501404728 522.17975000000013
decision_type=2 2 2 2 2 2 2 2 2 2 2 2 2 2 2 2 2 2 2 2 2 2 2 2 2 2 2 2 2 2
left_child=2 3 18 5 6 15 19 8 17 -9 14 16 -13 -14 -10 -2 -12 -8 -1 20 21 -5 -23 -3 -22 26 -20 -27 -6 -30
right_child=1 23 -4 4 28 -7 7 9 10 -11 11 12 13 -15 -16 -17 -18 -19 25 -21 24 22 -24 -25 -26 27 -28 -29 29 -31
leaf_value=0.13921826540215596 0.069828066012683793 0.022806681974933209 0.015161094508275097 0.36536906442205819 0.053411935547054513 -0.091224706367019168 0.13104722153353868 0.30179617232989264 0.20051257160190619 0.01958623216340416 -0.010582262109394888 0.13935461209100833 0.019221929047835637 -0.26537422192847204 -0.17353984366501529 -0.049074590377269731 0.23825488370877723 0.45085487052798268 -0.087851662555469501 -0.024471542924757669 -0.27533440144385324 0.057129503454673811 -0.19459936524532279 -0.078102009251786189 -0.015698201690800488 0.1248218499859795 -0.37935564122520959 -0.074950296349540077 -0.027131104545973377 0.055849898731649167
leaf_weight=73 531 405 1067 55 1046 675 268 190 175 75 195 50 73 136 30 496 80 38 162 711 58 2751 48 976 159 79 77 2122 2763 967
leaf_count=73 531 405 1067 55 1046 675 268 190 175 75 195 50 73 136 30 496 80 38 162 711 58 2751 48 976 159 79 77 2122 2763 967
internal_value=0.00095151 0.0140735 -0.0465091 0.0215475 0.0302194 -0.0287196 0.0516867 0.100133 0.0689706 0.222299 0.0260922 -0.0198173 -0.107026 -0.166352 0.145196 0.012411 0.0624077 0.172101 -0.0726894 0.0348838 0.0486293 0.0588952 0.0527447 -0.0485139 -0.0860387 -0.0790837 -0.182957 -0.0677265 0.00732565 -0.00560913
internal_weight=16531 12951 3580 11570 9868 1702 5092 1310 1045 265 739 534 259 209 205 1027 275 306 2513 3782 3071 2854 2799 1381 217 2440 239 2201 4776 3730
internal_count=16531 12951 3580 11570 9868 1702 5092 1310 1045 265 739 534 259 209 205 1027 275 306 2513 3782 3071 2854 2799 1381 217 2440 239 2201 4776 3730
is_linear=0
shrinkage=0.03


Tree=132
num_leaves=31
num_cat=0
split_feature=4 26 0 38 40 0 38 14 38 50 0 55 54 34 0 38 3 34 6 0 24 15 18 38 0 19 38 39 34 43
split_gain=11212.6 7194.48 7031.9 5771.63 4751.74 5694.98 7264.12 4334.12 6115.58 6484.08 7382 6217.53 5835.22 5827.17 4971.94 5465.44 4712.43 4619.54 3962.52 3874.63 5676.09 5991.82 4763.05 4999.78 3749.66 3651.45 3631.52 3463.12 5623 3450.53
threshold=0.017996240601504235 47.97225000000001 38.500000000000007 8166.5112500000005 -0.11024436090225528 217.50000000000003 8142.1080000000011 553.59025000000008 8144.9007500000007 38.871055555555564 58.500000000000007 0.057033032314611314 23.330887500000006 2388.0561818181827 152.50000000000003 8145.0410000000002 0.35826997501369534 2388.0285357142861 1585.4217500000002 157.50000000000003 0.078383458646610407 0.40569662305967463 2388.1235147058828 8131.6521666666677 36.500000000000007 0.028013389655641666 8122.9740000000011 3.2964676129103507 2388.0561818181827 0.019291582340663697
decision_type=2 2 2 2 2 2 2 2 2 2 2 2 2 2 2 2 2 2 2 2 2 2 2 2 2 2 2 2 2 2
left_child=1 3 -2 4 24 6 29 14 9 -9 -11 13 -13 -12 -8 -16 27 -14 -4 20 21 22 23 -20 -1 -26 -27 28 -10 -6
right_child=2 -3 18 -5 5 -7 7 8 16 10 11 12 17 -15 15 -17 -18 -19 19 -21 -22 -23 -24 -25 25 26 -28 -29 -30 -31
leaf_value=0.050137355772886118 0.054198752552178348 -0.13059684752117745 0.093361093478818089 -0.077065486025677116 0.068022626525640312 0.13982745085837958 -0.10500600629308096 0.17010102434414567 0.045373634055118572 0.00060418153850884295 -0.2134880726418712 0.233387465829199 0.036166034701745953 -0.64064951813220972 0.18122007825592559 -0.036826668850962682 0.19963079818865148 -0.29982312108644033 -0.69463780691226318 -0.044018386191900342 -0.047909571979043268 -0.097699292610894439 -0.10359238506548783 -0.29489751991927621 0.014359851104945682 0.090616204394636871 -0.093866741811531193 -0.027265016776887148 0.32926931203301274 0.022525792774375292
leaf_weight=535 472 307 123 572 3004 399 713 106 1011 454 109 43 63 39 133 453 163 87 35 1232 515 332 87 149 665 106 952 591 66 2999
leaf_count=535 472 307 123 572 3004 399 713 106 1011 454 109 43 63 39 133 453 163 87 35 1232 515 332 87 149 665 106 952 591 66 2999
internal_value=0.00122731 0.0127437 -0.0518244 0.0160712 0.0202748 0.0288144 0.0243865 -0.00676267 0.0146883 -0.0492624 -0.0786878 -0.183949 -0.0711379 -0.329595 -0.0518539 0.0128862 0.0461669 -0.159403 -0.0720739 -0.0807689 -0.121191 -0.183595 -0.28808 -0.374279 -0.0191774 -0.0407166 -0.0753155 0.0310595 0.0630604 0.0453007
internal_weight=16515 13570 2945 13263 12691 10433 10034 4031 2732 901 795 341 193 148 1299 586 1831 150 2473 2350 1118 603 271 184 2258 1723 1058 1668 1077 6003
internal_count=16515 13570 2945 13263 12691 10433 10034 4031 2732 901 795 341 193 148 1299 586 1831 150 2473 2350 1118 603 271 184 2258 1723 1058 1668 1077 6003
is_linear=0
shrinkage=0.03


Tree=133
num_leaves=31
num_cat=0
split_feature=38 36 0 0 30 38 15 42 54 38 38 34 54 34 0 19 35 38 3 7 15 0 23 46 47 6 42 0 15 11
split_gain=10107.3 7580.28 7085.13 5199.09 8134.68 7509.54 7024.25 5425.91 8997.32 5343.93 4812.45 8396.16 6539.7 12301.8 8571.01 9234.21 7896.29 7421.09 5980.93 5441.53 8962.34 4805.83 4595.1 4544.14 4377.63 5311.72 7699.82 6723.85 11459 6608.69
threshold=8166.5112500000005 0.0024586466165421946 49.500000000000007 155.50000000000003 520.22050000000013 8152.0775000000003 0.41521967076477673 8.4369806250000021 23.326697500000002 8150.0115000000005 8141.5202500000005 2388.085250000001 23.337622500000002 2388.0265833333347 53.500000000000007 0.035337656968151589 0.020118399538774857 8147.4082500000022 0.34092044506356128 3.7840698163485418 0.32636252844229258 127.50000000000001 4.5388146855758338 393.87500000000006 0.70945599899431755 1589.1147500000002 8.4352875000000012 35.500000000000007 0.32966611888772362 4.2598550297870483
decision_type=2 2 2 2 2 2 2 2 2 2 2 2 2 2 2 2 2 2 2 2 2 2 2 2 2 2 2 2 2 2
left_child=1 3 -3 5 -5 9 7 8 -6 10 24 12 17 -14 -15 16 -16 19 -18 22 -21 -7 -12 -13 -1 -26 27 -27 -29 -28
right_child=-2 2 -4 4 6 21 -8 -9 -10 -11 11 23 13 14 15 -17 18 -19 -20 20 -22 -23 -24 -25 25 26 29 28 -30 -31
leaf_value=0.089929333226459324 -0.087758400237359993 0.063942182328111899 -0.075573014828466442 -0.14363800266402305 0.35892106070870256 -0.20619211225300632 -0.00032565185216110968 0.07466194493448329 0.065993236726915774 0.12234258722656438 0.15121117284537944 -0.18862297771117564 0.025564368350514777 0.012238634694854401 0.13669742516849351 0.13646519685492794 -0.33096291312434034 -0.18012366317576023 -0.03347912731170654 0.44174200995548352 -0.069737608836019857 -0.03206058823055849 0.4481800650730729 0.12058980672335136 0.040925626948646092 0.051832937764886178 -0.022199964290095294 -0.50609062016728412 -0.097219733424677005 0.091943951824488904
leaf_weight=756 1102 409 1632 172 182 225 811 1028 196 378 225 351 1426 286 45 67 347 81 74 36 184 388 59 48 3080 132 1888 82 243 601
leaf_count=756 1102 409 1632 172 182 225 811 1028 196 378 225 351 1426 286 45 67 347 81 74 36 184 388 59 48 3080 132 1888 82 243 601
internal_value=-2.56112e-05 0.00624467 -0.0475977 0.014454 0.0545592 0.00574134 0.0699937 0.110526 0.207607 0.0117654 0.00757841 -0.0225618 -0.00437587 -0.0276605 -0.120251 -0.191233 -0.23854 0.0848761 -0.278877 0.127738 0.0155792 -0.0962068 0.214262 -0.151216 0.0219298 0.0133853 -0.0154119 -0.128457 -0.201617 0.00538736
internal_weight=16534 15432 2041 13391 2389 11002 2217 1406 378 10389 10011 3229 2830 2245 819 533 466 585 421 504 220 613 284 399 6782 6026 2946 457 325 2489
internal_count=16534 15432 2041 13391 2389 11002 2217 1406 378 10389 10011 3229 2830 2245 819 533 466 585 421 504 220 613 284 399 6782 6026 2946 457 325 2489
is_linear=0
shrinkage=0.03


Tree=134
num_leaves=31
num_cat=0
split_feature=4 0 38 26 0 15 6 38 10 19 34 42 27 35 19 0 35 2 10 38 50 0 54 0 30 55 54 35 19 44
split_gain=10551.6 6323.82 6272.13 4925.34 4973.32 6716.05 6996.73 5339.9 6192.42 5233.6 5375.49 5091.9 4736.9 4265.25 4248.71 4520.25 4138.46 4023.9 3957.6 3847.07 8883.72 10306.8 7570.79 7213.69 7136.96 5044.06 6213.93 4509.69 4183.8 3723.47
threshold=0.017996240601504235 39.500000000000007 8166.5112500000005 47.999250000000011 177.50000000000003 0.45339690083707956 1590.81825 8141.1639166666673 1409.05475 0.036932370625293233 2388.0765833333339 8.4399291666666691 0.11477968024581453 0.034274626183182964 0.031539657575738102 137.50000000000003 0.033837848631326335 642.9842500000002 1409.4256250000001 8144.9007500000007 38.871055555555564 55.500000000000007 23.40042 144.50000000000003 521.56025000000034 0.057647432181404057 23.322705000000003 0.027367864366877843 0.024796673035877188 0.00014146616541352603
decision_type=2 2 2 2 2 2 2 2 2 2 2 2 2 2 2 2 2 2 2 2 2 2 2 2 2 2 2 2 2 2
left_child=2 -2 3 4 7 6 9 12 19 10 -6 -10 29 -8 15 16 -14 -17 -18 20 23 -22 25 24 -9 27 -27 -23 -28 -1
right_child=1 -3 -4 -5 5 -7 13 8 11 -11 -12 -13 14 -15 -16 17 18 -19 -20 -21 21 22 -24 -25 -26 26 28 -29 -30 -31
leaf_value=0.065588016216109504 0.049264494263004811 -0.071718699815603706 -0.080660407699016473 -0.13977886701657713 0.11799649449272288 -0.058848515258056761 0.10095205479609527 -0.11453112848272377 -0.41709526799074031 -0.1293623722717166 0.4002400419861078 -0.073157714345079922 0.0048365235561970621 -0.061763996068591044 -0.12471224188557099 -0.29323868793326535 0.075082100495083681 0.067710739836435427 0.4581847722627021 0.027329956219667977 0.012257112482394457 -0.46068209440962776 0.035482605167975023 0.48628629413934849 0.17629893805228131 0.28269756121020162 0.10638856114447116 -0.19689982452442947 -0.2350200423362066 0.016802863485259591
leaf_weight=2595 462 2434 644 181 107 277 575 131 40 31 143 726 599 193 300 76 72 43 36 2232 679 102 143 38 178 30 39 141 174 3079
leaf_count=2595 462 2434 644 181 107 277 575 131 40 31 143 726 599 193 300 76 72 43 36 2232 679 102 143 38 178 30 39 141 174 3079
internal_value=-0.000421738 -0.0524079 0.010648 0.0151911 0.0173969 0.0723774 0.107052 0.0110256 -0.0137364 0.234889 0.280391 -0.0916383 0.0279689 0.060034 -0.0282189 0.00693547 0.0357849 -0.163334 0.205815 0.00163511 -0.0330136 -0.0688121 -0.156206 0.101737 0.0530303 -0.212565 -0.115202 -0.309058 -0.172304 0.0391223
internal_weight=16500 2896 13604 12960 12779 1326 1049 11453 4653 281 250 766 6800 768 1126 826 707 119 108 3887 1655 1308 629 347 309 486 243 243 213 5674
internal_count=16500 2896 13604 12960 12779 1326 1049 11453 4653 281 250 766 6800 768 1126 826 707 119 108 3887 1655 1308 629 347 309 486 243 243 213 5674
is_linear=0
shrinkage=0.03


Tree=135
num_leaves=31
num_cat=0
split_feature=4 20 48 12 31 15 26 43 44 16 12 52 31 30 50 56 39 50 8 15 52 16 50 40 15 24 7 12 19 38
split_gain=9681.65 6176.35 5919.42 5243.11 4552.9 4155.26 3745.28 3487.53 3371.5 4013.61 3426.8 3288.63 3253.75 3082.72 4707.71 4403.39 4294.65 3334.7 2561.35 2511.58 2425.47 2414.75 2683.57 2387.99 2378.1 2318.48 2558.42 4138.27 2497.95 2339.95
threshold=0.01242105263157744 -0.00018796992481254291 0.027880362671384346 -0.057645363408523102 0.25474276239989108 0.41748263435392269 47.235250000000001 0.01957589014377269 -7.0462695199522804e-05 0.00045864661653879934 0.042342105263156404 0.0031278195488721383 0.34500072463616915 521.79225000000031 38.932111111111119 0.0022256015037594129 3.262933111366785 38.904058823529425 -0.16759022556391076 0.36703933640898795 0.0061992481203007746 0.021391030022606273 38.721750000000007 0.24831203007518465 0.53901426120454132 0.22413533834587593 3.4223601306879412 0.032537593984962226 0.027472713735735815 8142.3210000000008
decision_type=2 2 2 2 2 2 2 2 2 2 2 2 2 2 2 2 2 2 2 2 2 2 2 2 2 2 2 2 2 2
left_child=2 -2 8 -4 7 18 -6 -3 -1 10 -10 13 -12 15 16 17 -15 21 -5 -9 -7 22 -8 24 -11 26 27 -24 -29 -27
right_child=1 4 3 5 6 20 11 19 9 23 12 -13 -14 14 -16 -17 -18 -19 -20 -21 -22 -23 25 -25 -26 29 -28 28 -30 -31
leaf_value=0.058016546363573812 0.027265028572770102 0.073748367909370491 0.056319116291369938 0.10657013615173411 0.071891910563363637 -0.079201936768454315 -0.063576999711895787 0.055272019634757079 0.032997800813127781 0.074400212393967394 -0.010693769023351618 0.044847987351334981 -0.11202159822073286 -0.43650295598166328 -0.058192188315596312 0.13545506663363557 -0.12512500574081381 0.22738367595018877 -0.013952349402392429 -0.13398319049605301 0.14511014465490976 0.15801971584558488 0.19985849488072277 -0.045665050980020709 -0.1798726725534481 0.10378121117588904 -0.20207428134875755 0.058535453478495279 -0.24389653228595851 -0.10406549211637098
leaf_weight=2546 1062 392 767 172 158 1292 1370 98 1391 1367 1625 184 345 83 162 86 78 30 1919 174 44 35 40 187 33 60 437 35 79 244
leaf_count=2546 1062 392 767 172 158 1292 1370 98 1391 1367 1625 184 345 83 162 86 78 30 1919 174 44 35 40 187 33 60 437 35 79 244
internal_value=-0.000738889 -0.0365732 0.0140008 -0.0145356 -0.0546788 -0.0304055 -0.0700308 0.0165534 0.029971 0.0155313 -0.00303825 -0.0777242 -0.0284868 -0.0859717 -0.172952 -0.0742764 -0.287353 -0.0820723 -0.00399229 -0.065843 -0.0717114 -0.0862058 -0.0900478 0.0548355 0.0682825 -0.130451 -0.165066 -0.059421 -0.151343 -0.0628373
internal_weight=16495 4807 11688 4194 3745 3427 3081 664 7494 4948 3361 2923 1970 2739 323 2416 161 2330 2091 272 1336 2300 2265 1587 1400 895 591 154 114 304
internal_count=16495 4807 11688 4194 3745 3427 3081 664 7494 4948 3361 2923 1970 2739 323 2416 161 2330 2091 272 1336 2300 2265 1587 1400 895 591 154 114 304
is_linear=0
shrinkage=0.03


Tree=136
num_leaves=31
num_cat=0
split_feature=12 0 23 31 12 48 0 4 34 50 40 50 18 39 0 10 14 8 0 47 22 27 0 3 47 46 3 7 34 47
split_gain=9278.09 6465.84 5569.33 4271.94 4643.68 4486.83 3936.18 3663.99 3632.53 3367.76 3286.77 2991.24 2891.78 3347.65 4285.92 2929.92 6122.6 2847.76 3661.25 3229.63 2774.06 4421.06 4477.21 4639.22 4994.84 3533.74 2673.65 2785.01 2633.8 3011.63
threshold=0.27086090225564052 47.500000000000007 3.5000905345423257 0.24676279094882483 -0.060248120300752724 0.037218045112781963 217.50000000000003 0.003375939849624495 2388.0197500000013 38.595750000000017 -0.10727443609021441 38.973078947368428 2388.1205277777785 3.1036511559093296 123.50000000000001 1407.5760000000002 553.26258333333351 -0.051530075187969468 130.50000000000003 0.92063712347583626 9060.6480357142882 0.12765138072014917 109.50000000000001 0.29131555056331015 0.81218214708815373 392.59411764705891 0.27651582233210442 4.3531108269040937 2388.1797500000007 0.94244061282645109
decision_type=2 2 2 2 2 2 2 2 2 2 2 2 2 2 2 2 2 2 2 2 2 2 2 2 2 2 2 2 2 2
left_child=2 -2 28 -4 12 7 11 20 -7 -8 26 -3 13 14 -5 -15 -17 -10 19 -19 21 22 -6 24 -24 -25 -9 -28 29 -1
right_child=1 6 3 4 5 8 9 10 17 -11 -12 -13 -14 15 -16 16 -18 18 -20 -21 -22 -23 23 25 -26 -27 27 -29 -30 -31
leaf_value=0.02818667360657073 0.054314747224445452 -0.081772650101294836 0.042782897249717886 0.03541708184599078 0.033143824130323567 0.055119581982474519 -0.0714627328144673 -0.0035778666871853848 0.0077928520559978022 0.094740659981238776 -0.014760312138732714 0.071807079603895541 0.11339554185230684 0.00045208833183785641 0.27359285020828245 0.063178342444741215 -0.31795165457094415 -0.064948549545370035 -0.05450997307810157 -0.21856665436374514 -0.014350584203893959 -0.20446860564382452 -0.26498752397649428 0.02491232937032526 0.14745775842710451 0.38792927144765854 -0.099689439762092658 -0.31961070739305936 -0.097034796733374992 0.091321665566457863
leaf_weight=1711 519 2438 1799 734 892 221 194 131 311 250 1989 119 335 544 74 68 84 209 850 303 959 56 33 32 118 99 159 77 108 1129
leaf_count=1711 519 2438 1799 734 892 221 194 131 311 250 1989 119 335 544 74 68 84 209 850 303 959 56 33 32 118 99 159 77 108 1129
internal_value=-0.000171326 -0.0433792 0.011508 0.000896136 -0.00821089 -0.0202189 -0.0602871 -0.00404887 -0.0589992 0.0221229 -0.0300065 -0.0745999 0.0338216 0.0160338 0.0575414 -0.0321667 -0.148148 -0.074098 -0.092789 -0.156108 0.02389 0.0536927 0.0661705 0.170152 0.0561704 0.300114 -0.11237 -0.172489 0.0477695 0.0533084
internal_weight=16545 3520 13025 10077 8278 6439 3001 4545 1894 444 2356 2557 1839 1504 808 696 152 1673 1362 512 2189 1230 1174 282 151 131 367 236 2948 2840
internal_count=16545 3520 13025 10077 8278 6439 3001 4545 1894 444 2356 2557 1839 1504 808 696 152 1673 1362 512 2189 1230 1174 282 151 131 367 236 2948 2840
is_linear=0
shrinkage=0.03


Tree=137
num_leaves=31
num_cat=0
split_feature=12 52 0 23 0 6 38 0 50 38 50 0 54 54 0 34 39 3 27 0 4 50 0 12 4 10 23 3 44 34
split_gain=8893.28 6548.84 6503.46 3888.33 3873.81 5046.35 4165.74 3440.56 3438.49 3810.88 4740.61 7262.09 6612.88 5133.53 5167.47 3738.01 3682.38 4969.15 3399.61 4590.39 3955.53 3779.51 3496.5 5045 6168.38 4665.5 3428.98 3474.82 3332.4 3172.04
threshold=0.27086090225564052 -0.0043533834586466117 63.500000000000007 3.5000905345423257 179.50000000000003 1591.0342500000004 8142.1080000000011 217.50000000000003 38.813568181818191 8144.4991428571429 38.878694444444456 55.500000000000007 23.397230147058828 23.340767500000005 106.50000000000001 2388.1246184210536 3.0390407613049941 0.30328925961797298 0.11662118158981531 138.50000000000003 0.019586466165411622 38.767071428571441 112.50000000000001 0.053909774436090775 -0.0075639097744349794 1413.3707500000003 3.2710181518709569 0.31207010420067843 -0.00065048872180450436 2388.0580625000007
decision_type=2 2 2 2 2 2 2 2 2 2 2 2 2 2 2 2 2 2 2 2 2 2 2 2 2 2 2 2 2 2
left_child=1 3 -2 -1 6 -6 18 28 15 10 -10 -12 13 29 -15 -8 -11 -18 20 -20 22 -21 25 26 -25 -3 -24 -28 -4 -13
right_child=2 4 7 -5 5 -7 8 -9 9 16 11 12 -14 14 -16 -17 17 -19 19 21 -22 -23 23 24 -26 -27 27 -29 -30 -31
leaf_value=0.037055155946046012 0.047038308786747154 0.04069850616632531 0.11933357533285176 -0.041886013436327474 0.18817011875113548 0.033212408404594253 -0.12628834591291141 0.015162512083165346 0.089239835479042739 0.073635111848640605 0.0045155560026799981 0.13906952368893793 0.090937641880728975 -0.52430625839179812 -0.1603893865327366 0.082526811399585898 -0.061916419635462655 0.072358704069256791 -4.330522481216533e-05 -0.01578738760203123 -0.046767424905645803 -0.41569799082710385 -0.017123835610691456 0.26273963329584699 -0.0063411966110872601 -0.21206737017898417 0.14983886821802411 0.34969241991507266 -0.081378716129208425 -0.25234002810716627
leaf_weight=714 603 3498 76 2618 283 568 380 449 164 828 321 34 54 88 60 96 652 399 595 39 415 46 71 91 460 66 266 112 2380 39
leaf_count=714 603 3498 76 2618 283 568 380 449 164 828 321 34 54 88 60 96 652 399 595 39 415 46 71 91 460 66 266 112 2380 39
internal_value=-0.000192614 0.0112802 -0.0425591 -0.024964 0.0238285 0.084904 0.0178957 -0.0611669 -0.00996413 0.00343278 -0.0532103 -0.0924918 -0.205332 -0.277807 -0.378839 -0.0840896 0.0263593 -0.0109201 0.0332303 -0.0296551 0.041823 -0.234527 0.0498869 0.0994386 0.0384941 0.0359595 0.173976 0.209821 -0.0751217 -0.0706239
internal_weight=16465 12957 3508 3332 9625 851 8774 2905 3115 2639 760 596 275 221 148 476 1879 1051 5659 680 4979 85 4564 1000 551 3564 449 378 2456 73
internal_count=16465 12957 3508 3332 9625 851 8774 2905 3115 2639 760 596 275 221 148 476 1879 1051 5659 680 4979 85 4564 1000 551 3564 449 378 2456 73
is_linear=0
shrinkage=0.03


Tree=138
num_leaves=31
num_cat=0
split_feature=48 31 0 4 0 3 50 52 0 36 44 0 32 39 34 26 38 0 42 40 51 0 20 0 42 23 0 51 43 22
split_gain=8284.74 6670.63 5911.67 4988.5 4250.3 6827.56 3523.26 3352.11 3391.56 3317.69 3155.3 4244.42 3881.07 3106.76 3065.58 2759.89 4129.77 4020.31 3184.55 2758 3608.84 2733.41 2639.22 2616.36 4021.04 3823.63 3085.51 3644.31 3717.53 3534.97
threshold=0.031720846233230141 0.28456633670842357 61.500000000000007 0.010902255639098987 73.500000000000014 0.28957015555736604 38.981125000000013 0.005357142857142813 116.50000000000001 0.000363636363636722 1.7368421052614477e-05 63.500000000000007 -0.0093233082706756041 3.1094312176940995 2388.0502500000011 47.486583333333343 8138.4870000000001 129.50000000000003 8.4444950000000034 -0.13796609169983942 0.11311388066899702 37.500000000000007 -0.0002406015037593506 154.50000000000003 8.4358675000000023 3.8737002819048674 74.500000000000014 0.083668990618221861 0.016856330782335404 9053.3307500000028
decision_type=2 2 2 2 2 2 2 2 2 2 2 2 2 2 2 2 2 2 2 2 2 2 2 2 2 2 2 2 2 2
left_child=3 9 -3 10 5 13 7 8 -6 -2 11 -1 -13 -4 -14 -16 18 -18 -17 21 23 -5 -11 26 25 -25 -21 28 -28 -29
right_child=1 2 4 19 6 -7 -8 -9 -10 22 -12 12 14 -15 15 16 17 -19 -20 20 -22 -23 -24 24 -26 -27 27 29 -30 -31
leaf_value=0.013818708409602266 0.052585655366622755 0.028004120170717014 -0.23312268880861145 0.044260174311509651 -0.15200753328377661 0.064986467543171667 0.11739460010972359 0.198152376224355 -0.060983118093221218 0.05434919941070239 0.012052865530286656 0.02504490276731677 0.051080844152707722 -0.62743914903913223 0.24665845849742404 0.060858187855858545 -0.17695895032983427 0.1702795866361031 0.27302743901800669 0.035278826500869567 -0.081146780125192747 -0.12032016054573517 -0.042496248125715785 0.40163293224360264 0.02750725005002182 0.048465024109131519 0.072133294551110852 0.13543766872302906 -0.25926375154587555 -0.051720813362449401
leaf_weight=1366 957 636 41 118 437 40 91 40 2345 330 4527 573 336 34 228 113 70 51 147 705 460 387 1078 55 503 55 40 110 122 499
leaf_count=1366 957 636 41 118 437 40 91 40 2345 330 4527 573 336 34 228 113 70 51 147 705 460 387 1078 55 503 55 40 110 122 499
internal_value=-0.00175135 -0.0297606 -0.0551077 0.0143864 -0.0725679 -0.250751 -0.0654499 -0.0713856 -0.0753308 0.0095153 0.0276817 0.0522015 0.0867091 -0.417783 0.124033 0.164133 0.114231 -0.0304061 0.181402 -0.0178752 -0.00517313 -0.0818523 -0.0197756 0.0115872 0.0636305 0.227076 -0.0100555 -0.051501 -0.177497 -0.0177489
internal_weight=16494 6029 3664 10465 3028 115 2913 2822 2782 2365 7411 2884 1518 75 945 609 381 121 260 3054 2549 505 1408 2089 613 110 1476 771 162 609
internal_count=16494 6029 3664 10465 3028 115 2913 2822 2782 2365 7411 2884 1518 75 945 609 381 121 260 3054 2549 505 1408 2089 613 110 1476 771 162 609
is_linear=0
shrinkage=0.03


Tree=139
num_leaves=31
num_cat=0
split_feature=56 32 0 15 23 38 0 0 23 18 26 14 51 0 34 38 31 23 55 34 35 55 19 38 22 0 52 38 0 50
split_gain=9182.55 6503.01 5106.06 4233.33 4503.63 4707.26 4196.31 3472.04 3454.65 4417.21 5725.83 6751.66 5724.24 4964.86 5576.44 4243.96 4845.07 3752.95 3454.43 3406.82 3359.87 3721.27 3315.21 3306.73 6028.39 3271.6 3226.12 3143.91 3138.13 2894.2
threshold=-0.00060360902255641861 -0.024330827067670379 67.500000000000014 0.51314892104896004 3.5611455670527401 8137.8017500000014 108.50000000000001 115.50000000000001 4.7826318066709694 2388.1190454545463 47.530750000000012 553.27625000000023 0.10052052027581602 166.50000000000003 2388.076125000001 8125.255000000001 0.25409520851400863 3.3287728029632335 0.05514508280806095 2388.1647500000008 0.031080540535826474 0.065942944087829775 0.026509432283626896 8140.558500000001 9064.0300000000007 157.50000000000003 -0.0065187969924812841 8146.4074166666678 68.500000000000014 38.86052777777779
decision_type=2 2 2 2 2 2 2 2 2 2 2 2 2 2 2 2 2 2 2 2 2 2 2 2 2 2 2 2 2 2
left_child=1 2 -1 4 5 6 -3 -5 9 10 13 12 18 -2 -15 -10 -17 -13 -12 20 28 -22 -19 -7 -25 -4 -6 -26 -11 -27
right_child=8 3 25 7 26 23 -8 -9 15 19 11 17 -14 14 -16 16 -18 22 -20 -21 21 -23 -24 24 27 29 -28 -29 -30 -31
leaf_value=0.067579911302743573 0.028713078036392066 0.03376755460089928 -0.13097996780098323 -0.013486050190765734 -0.064166343637695175 0.17402708298252387 -0.12952824950280886 -0.1901530596585374 -0.34935271981884453 0.071359182481781663 0.23174913460260319 0.070172803615304549 -0.12797936947049951 0.036658248855630945 0.36863491931131909 0.10492479473273628 -0.04186723753993541 -0.41245112224058667 -0.023297837213045212 -0.019993015725148441 -0.014759283876186587 0.26502939893918881 -0.15213891116636138 -0.056926365466389267 0.21718458974065041 -0.057750123881508658 -0.0024036807068568674 0.051590840768666914 0.20302771048214199 0.22728062524036927
leaf_weight=235 3687 443 718 205 912 274 207 195 33 278 115 43 132 100 83 259 912 65 81 216 265 50 139 279 180 1166 4577 242 398 32
leaf_count=235 3687 443 718 205 912 274 207 195 33 278 115 43 132 100 83 259 912 65 81 216 265 50 139 279 180 1166 4577 242 398 32
internal_value=0.000634686 -0.0182019 -0.0641821 -0.00503261 0.000313148 0.0441673 -0.018355 -0.0998706 0.0271877 0.0370155 0.0231847 -0.0650736 0.0241678 0.0363115 0.188412 -0.0189397 -0.00933818 -0.1832 0.126764 0.0878885 0.111399 0.0303498 -0.236689 0.0858248 0.0511504 -0.0803697 -0.0126754 0.12257 0.149065 -0.0499534
internal_weight=16521 9665 2151 7514 7114 1625 650 400 6856 5652 4445 575 328 3870 183 1204 1171 247 196 1207 991 315 204 975 701 1916 5489 422 676 1198
internal_count=16521 9665 2151 7514 7114 1625 650 400 6856 5652 4445 575 328 3870 183 1204 1171 247 196 1207 991 315 204 975 701 1916 5489 422 676 1198
is_linear=0
shrinkage=0.03


Tree=140
num_leaves=31
num_cat=0
split_feature=56 36 8 0 0 10 8 4 0 26 19 34 14 43 46 23 46 3 28 22 43 50 0 0 26 0 0 40 10 0
split_gain=9821.62 8120.36 4988.14 4305.34 4838.91 5131.45 4160.28 3515.92 3262.16 3865.5 4876.55 6232.39 3118.58 3606.86 4143.96 3813.23 3167.35 2970.51 2927.11 2881.65 3100.25 3964.4 2851.46 2839.88 3103.44 2724.93 3247.76 2717.55 2749.96 3174.31
threshold=-0.0020861278195489327 0.00016541353383426509 0.17139097744360832 56.500000000000007 148.50000000000003 1404.2331666666671 -0.1963796992481216 0.019368421052632475 179.50000000000003 47.575691176470599 0.03041381265152138 2388.0751470588243 554.40150000000017 0.020646485778026604 393.77500000000003 3.1277162382735022 392.89181286549712 0.32152974200752954 0.0023984962406015213 9060.764500000003 0.018534971468047317 38.821125000000009 103.50000000000001 93.500000000000014 47.547573529411771 48.500000000000007 66.500000000000014 1.2321127819548796 1424.9192500000001 271.50000000000006
decision_type=2 2 2 2 2 2 2 2 2 2 2 2 2 2 2 2 2 2 2 2 2 2 2 2 2 2 2 2 2 2
left_child=1 -1 7 -3 6 -6 -5 8 -2 10 11 -10 13 14 15 -8 -15 -12 19 20 22 -22 -4 -18 -25 -20 -27 28 29 -7
right_child=2 3 18 4 5 27 12 -9 9 -11 17 -13 -14 16 -16 -17 23 -19 25 -21 21 -23 -24 24 -26 26 -28 -29 -30 -31
leaf_value=0.025302169178692449 0.030254474234626398 0.028480431335280151 0.069610593661419612 0.11656838887929916 0.19904047246386364 -0.030835077918347494 0.078151826878446476 -0.031437710957857322 0.032280478819887687 0.046290014938383202 0.16941195821220223 0.46392723745920444 0.10571432151292499 0.036947768437456709 -0.044496844448497365 -0.2156329871655194 0.10936773147146674 -0.21400394995246202 0.046264729992588599 -0.044772596465853715 -0.1464511658071444 0.06470657238977702 0.28022459759944818 -0.3142424960444643 -0.094945469581122904 -0.26040011110305783 -0.055558214766073769 -0.12030811362555005 -0.16927347993549818 0.11855804864665587
leaf_weight=1747 6606 538 200 74 81 1620 42 764 46 368 43 87 56 190 213 619 46 30 218 417 115 257 81 72 293 74 1001 342 116 138
leaf_count=1747 6606 538 200 74 81 1620 42 764 46 368 43 87 56 190 213 619 46 30 218 417 115 257 81 72 293 74 1001 342 116 138
internal_value=0.000397847 -0.0294791 0.0183332 -0.0510346 -0.0620025 -0.0340529 -0.101957 0.0297149 0.0362255 0.104772 0.208516 0.315991 -0.112588 -0.120942 -0.159833 -0.196876 -0.0642132 0.0110811 -0.0199265 0.0167705 0.0560797 -0.00078831 0.1311 -0.110955 -0.138944 -0.0502839 -0.0698879 -0.0426589 -0.0284315 -0.0190472
internal_weight=16494 6187 10307 4440 3902 2297 1605 7944 7180 574 206 133 1531 1475 874 661 601 73 2363 1070 653 372 281 411 365 1293 1075 2216 1874 1758
internal_count=16494 6187 10307 4440 3902 2297 1605 7944 7180 574 206 133 1531 1475 874 661 601 73 2363 1070 653 372 281 411 365 1293 1075 2216 1874 1758
is_linear=0
shrinkage=0.03


Tree=141
num_leaves=31
num_cat=0
split_feature=56 36 0 40 28 8 0 4 0 10 49 11 26 23 18 26 14 43 10 26 13 34 14 31 0 12 16 18 0 10
split_gain=8322.5 6912.58 4306.56 4439.4 4321.97 3981.23 3763.64 3571.7 4077.41 3296.03 4031.37 3645.33 3253.31 3015.71 4886.15 6008.43 4967.2 5650.9 3229.61 2923.93 2817.95 3405.27 3557.11 2570.84 3672.56 2570.62 3047.11 2747.99 2635.23 3513.24
threshold=-0.00043161654135330708 0.00016541353383426509 43.500000000000007 -0.11924436090226334 0.00096992481203017091 0.15749248120300793 173.50000000000003 0.0034924812030088302 202.50000000000003 1409.7739722222225 38.945000000000007 3.2087996197688362 47.98875000000001 4.7826318066709694 2388.1185357142863 47.526583333333349 553.2484166666668 0.016220332141407175 1409.6442500000001 47.58560714285715 552.58500000000015 2388.0765833333339 553.37425000000019 0.24616153232981977 97.500000000000014 0.024827067669171896 0.0078426212590295332 2388.1190454545463 59.500000000000007 1412.1322500000001
decision_type=2 2 2 2 2 2 2 2 2 2 2 2 2 2 2 2 2 2 2 2 2 2 2 2 2 2 2 2 2 2
left_child=1 -1 -3 9 -5 6 13 -6 -9 10 11 -4 -10 14 15 -2 -17 -18 23 -11 -8 -22 -23 24 -15 27 28 -7 -27 -30
right_child=5 2 3 4 7 25 20 8 12 19 -12 -13 -14 18 -16 16 17 -19 -20 -21 21 22 -24 -25 -26 26 -28 -29 29 -31
leaf_value=0.020669571463166371 0.042598836491168857 0.032221733758952611 0.071953223894039783 0.027014227640776805 0.0010652696909898549 0.002631461056059466 5.1662213582959439e-05 -0.083703215531050493 0.038741710208749315 0.20394868000939084 -0.0024566659764810039 -0.25131970744729037 -0.14037309678803594 0.013612719339890831 0.11276550766088039 0.050755709211560002 0.10720657414471617 -0.25983189957646224 -0.1345398326575756 -0.068547727172859146 0.016849832282197184 0.15995069213170748 0.43490426324662707 -0.021235870172453371 0.35353687340562989 0.021744632409849703 0.065828469477431928 0.16205420524309405 -0.15876106656793434 -0.0041749026131135628
leaf_weight=3244 2745 815 35 1021 1155 481 107 1941 492 36 109 274 111 82 752 140 48 168 174 865 81 136 62 440 43 207 183 121 366 207
leaf_count=3244 2745 815 35 1021 1155 481 107 1941 492 36 109 274 111 82 752 140 48 168 174 865 81 136 62 440 43 207 183 121 366 207
internal_value=0.00167203 -0.0154052 -0.0324799 -0.0412157 -0.0276072 0.0280261 0.0411453 -0.0426871 -0.0625437 -0.0898554 -0.15941 -0.214589 0.00559251 0.0335648 0.0442104 0.0275546 -0.0882407 -0.17815 -0.0219243 -0.0574459 0.131006 0.18105 0.2478 0.0129337 0.132424 -0.0137033 -0.0440854 0.0348905 -0.0699242 -0.10302
internal_weight=16641 10098 6854 6039 4720 6543 4978 3699 2544 1319 418 309 603 4592 3853 3101 356 216 739 901 386 279 198 565 125 1565 963 602 780 573
internal_count=16641 10098 6854 6039 4720 6543 4978 3699 2544 1319 418 309 603 4592 3853 3101 356 216 739 901 386 279 198 565 125 1565 963 602 780 573
is_linear=0
shrinkage=0.03


Tree=142
num_leaves=31
num_cat=0
split_feature=4 20 0 46 0 42 47 4 2 48 0 38 24 35 23 0 8 34 22 44 38 38 24 50 43 31 43 51 48 52
split_gain=8279.77 6775.79 5577.38 4338.11 3885.67 5455.69 4579.43 3667.48 3411.82 3371.79 3079.94 4363.31 2981.18 2932.38 2691.08 2827.44 2675.78 3314.48 2770.58 2546.27 3921.62 4448.76 2539.89 4780.47 3114.09 3012.59 3059.63 3497.74 3019.19 3009.5
threshold=0.001902255639098066 1.0000000180025095e-35 68.500000000000014 391.67708333333343 160.50000000000003 8.4358675000000023 0.66849853256783398 0.018477443609022679 642.90875000000017 0.03234188412206989 152.50000000000003 8152.0775000000003 1.3283308270676517 0.03705064102009395 3.8022148640333504 192.50000000000003 0.052575187969927266 2388.0690454545461 9059.8252500000035 -0.00014368421052632013 8140.7210000000014 8143.7670000000007 0.029432330827050903 38.764750000000014 0.01539077320925193 0.25999615378925456 0.017907893160775224 0.095012498902207282 -0.032236842105263154 0.0033082706766917312
decision_type=2 2 2 2 2 2 2 2 2 2 2 2 2 2 2 2 2 2 2 2 2 2 2 2 2 2 2 2 2 2
left_child=9 14 -3 -4 6 16 -5 19 -9 10 11 -1 13 -7 15 -2 17 -6 -18 20 -8 -22 23 -21 -24 26 -25 -28 -27 -26
right_child=1 2 3 4 5 12 7 8 -10 -11 -12 -13 -14 -15 -16 -17 18 -19 -20 22 21 -23 24 25 29 28 27 -29 -30 -31
leaf_value=0.036868830184690379 0.048911156913601227 0.02123290965853844 0.11156602884887863 0.098588849308381549 0.047832906296793022 -0.004556857349311722 0.074628943259712685 -0.19778577801445951 -0.066679445035014079 -0.0071983480832010366 0.1040141836627396 -0.11881740842069659 -0.11178697060550535 -0.098693903710531147 0.00030789484077603464 0.26327860310421153 -0.19603127974428627 0.38009177960847557 0.10754898501877137 -0.0077355124941767333 -0.26909997970763455 0.017417734034296844 0.14538522567883458 0.15637887952531254 -0.079792486793076212 0.025213076975700018 -0.39470170634634355 -0.00030179195544298952 -0.26622604883873185 0.13904698890771289
leaf_weight=3942 923 1355 151 130 52 1562 266 411 318 1958 585 168 407 367 1835 58 37 56 93 207 82 118 68 40 792 36 33 50 275 60
leaf_count=3942 923 1355 151 130 52 1562 266 411 318 1958 585 168 407 367 1835 58 37 56 93 207 82 118 68 40 792 36 33 50 275 60
internal_value=5.33391e-05 -0.0175067 -0.0333803 -0.0465702 -0.0509632 -0.0241515 -0.0748598 -0.0830741 -0.140765 0.0258708 0.0396606 0.0304777 -0.0381048 -0.0225087 0.0217581 0.0618405 0.112388 0.222022 0.0203085 -0.0622667 -0.0007209 -0.100809 -0.0806275 -0.126446 -0.0486015 -0.182918 -0.0566429 -0.159943 -0.232518 -0.0642363
internal_weight=16435 9782 6966 5611 5460 2574 2886 2756 729 6653 4695 4110 2336 1929 2816 981 238 108 130 2027 466 200 1561 641 920 434 123 83 311 852
internal_count=16435 9782 6966 5611 5460 2574 2886 2756 729 6653 4695 4110 2336 1929 2816 981 238 108 130 2027 466 200 1561 641 920 434 123 83 311 852
is_linear=0
shrinkage=0.03


Tree=143
num_leaves=31
num_cat=0
split_feature=28 16 15 0 14 50 20 47 0 24 23 11 23 56 19 39 30 2 50 22 22 11 44 54 27 22 0 55 0 35
split_gain=7561.43 6157.18 5488.18 4183.46 4639.47 4550.65 4219.93 3306.18 5036.73 3442.07 3245.83 3086.84 3662.47 3031.29 3030.15 4051.52 2976.19 6699.94 3765.15 5126.73 3872.13 3197.09 2859.15 2741.66 2648.35 3626.66 2621.35 2591.83 2414.03 2408.65
threshold=0.00057894736842100606 -0.003498120300754888 0.35678687575536644 56.500000000000007 554.24658333333343 38.755250000000011 0.0011203007518812448 0.99294354368340565 64.500000000000014 -0.18482706766914875 3.5000905345423257 3.2453588008153065 3.6549095576924686 0.0010366917293233419 0.027906092524734423 3.1216658012987604 521.15325000000018 642.80725000000018 38.812250000000013 9048.3436052631605 9060.464750000001 3.4091877329231477 0.00017533834586465371 23.273895000000003 0.10744649831427727 9053.9375000000018 184.50000000000003 0.070706115540859801 145.50000000000003 0.031874754901010875
decision_type=2 2 2 2 2 2 2 2 2 2 2 2 2 2 2 2 2 2 2 2 2 2 2 2 2 2 2 2 2 2
left_child=26 2 -2 -4 5 22 7 8 -7 -10 28 -9 -13 16 29 -16 17 -12 19 -18 21 -21 27 -22 25 -14 -1 -5 -3 -8
right_child=1 10 3 4 -6 6 14 11 9 -11 13 12 24 -15 15 -17 18 -19 -20 20 23 -23 -24 -25 -26 -27 -28 -29 -30 -31
leaf_value=0.026229889543423247 0.016834328776346191 0.047275912776970762 0.026013558842108719 0.016766263505399046 0.074131974877161264 -0.36564977268739179 0.014718760200283105 -0.20855122711585491 -0.29306050470163081 -0.053817183747764029 0.35931886905226212 0.21489324701243434 0.30889835464954374 0.06373147068994503 -0.25218223935855594 -0.10306687839532391 -0.43739178648809102 0.011571849915472899 -0.0095497808611893237 -0.20901175555082097 -0.086116188147291536 0.1459739797809643 -0.044417008779702526 -0.36177625755874476 -0.14323087266478898 -0.012522077233043332 0.13397274805320744 0.26440982030228127 0.1816094608103134 -0.17948246353659136
leaf_weight=4960 1827 673 699 331 248 54 169 48 57 828 57 86 39 596 310 352 40 356 1527 30 99 86 2212 48 88 150 211 42 146 86
leaf_count=4960 1827 673 699 331 248 54 169 48 57 828 57 86 39 596 310 352 40 356 1527 30 99 86 2212 48 88 150 211 42 146 86
internal_value=0.000613476 -0.0131532 -0.0285 -0.0427833 -0.0522157 -0.0586877 -0.0897057 -0.0559056 -0.086939 -0.0695395 0.0188403 0.0150346 0.0450914 0.00365349 -0.139351 -0.173169 -0.0123314 0.060318 -0.0287512 -0.125169 -0.0762056 0.0531656 -0.0314613 -0.177964 -0.00821024 0.0550795 0.0306513 0.0452835 0.0714153 -0.0512218
internal_weight=16455 11284 7626 5799 5100 4852 2267 1350 939 885 3658 411 363 2839 917 662 2243 413 1830 303 263 116 2585 147 277 189 5171 373 819 255
internal_count=16455 11284 7626 5799 5100 4852 2267 1350 939 885 3658 411 363 2839 917 662 2243 413 1830 303 263 116 2585 147 277 189 5171 373 819 255
is_linear=0
shrinkage=0.03


Tree=144
num_leaves=31
num_cat=0
split_feature=56 12 16 44 15 48 20 38 40 28 12 22 51 50 16 32 3 43 26 26 6 27 6 51 27 22 50 42 38 54
split_gain=7468.8 4980.54 3904.47 3756.14 3494.43 3020.9 2722.58 2342.58 2302.94 2351.21 2260.54 2170.22 2104.48 2002.58 2737.16 1998.81 1982.1 1914.38 3544.16 2131.21 3079.13 2896.98 2533.46 2216.47 2012.84 1980.24 3101.4 3725.82 2004.36 2227.53
threshold=-0.0020861278195489327 -0.057645363408523102 -0.0050187969924801847 0.00084003759398493933 0.32860519622192547 0.046146616541353387 -0.00051879699247406373 8142.8022500000015 -0.11024436090225528 0.0011203007518796743 0.24435714285714391 9058.2002500000035 0.11640017182117852 38.945607142857149 -0.01985338345864689 0.0090601503759399887 0.3858488951012819 0.018776337169302919 47.564250000000015 47.54375000000001 1589.9207500000002 0.096461779993841187 1587.8410000000003 0.074716128775778545 0.089660470665728839 9065.6692500000008 38.912052631578952 8.4202124999999999 8141.6235000000006 23.390495000000005
decision_type=2 2 2 2 2 2 2 2 2 2 2 2 2 2 2 2 2 2 2 2 2 2 2 2 2 2 2 2 2 2
left_child=1 7 3 8 5 -3 -6 11 9 -2 -5 12 -1 14 -9 -11 17 18 -4 22 21 -21 25 -22 -20 26 27 -19 -28 -30
right_child=2 4 16 10 6 -7 -8 13 -10 15 -12 -13 -14 -15 -16 -17 -18 19 24 20 23 -23 -24 -25 -26 -27 28 -29 29 -31
leaf_value=0.059772441196431471 0.032901103701648671 0.059139717436532992 0.035044603581372409 -0.017202039601045056 0.017040909798865359 -0.07859383840267499 -0.055367155965772782 0.062101426250056213 0.024665432660268657 -0.10082741404643993 -0.095704155740865646 0.16086470266321806 -0.16019132070243358 0.042231513593975152 -0.19991982624618981 0.13348433115209143 0.14137511281417561 -0.42906664913350884 0.018027549911094339 -0.0034333027501336549 -0.23065937988460064 -0.38650289601087567 0.073108231921269792 0.0059518509296947837 0.17911707940511404 0.066420401976629642 0.045559759185720861 -0.064021735672898789 -0.15775828140477338 0.016533340534783506
leaf_weight=356 270 548 1655 1095 528 193 4041 56 3226 379 472 181 43 184 97 35 153 32 94 32 37 39 769 571 273 316 418 108 116 151
leaf_count=356 270 548 1655 1095 528 193 4041 56 3226 379 472 181 43 184 97 35 153 32 94 32 37 39 769 571 273 316 418 108 116 151
internal_value=-0.000141563 -0.0260486 0.0156121 -0.00166465 -0.0371981 0.0232082 -0.0469977 0.0384839 0.0140636 -0.0359019 -0.0408938 0.0749875 0.0357259 -0.0243773 -0.104236 -0.0807445 0.0354708 0.0319268 0.0537937 0.0148347 -0.0307853 -0.216297 0.0310601 -0.0088023 0.138018 0.00268177 -0.0217829 -0.149912 0.00458438 -0.059495
internal_weight=16468 6227 10241 5477 5310 741 4569 917 3910 684 1567 580 399 337 153 414 4764 4611 2022 2589 679 71 1910 608 367 1141 825 140 685 267
internal_count=16468 6227 10241 5477 5310 741 4569 917 3910 684 1567 580 399 337 153 414 4764 4611 2022 2589 679 71 1910 608 367 1141 825 140 685 267
is_linear=0
shrinkage=0.03


Tree=145
num_leaves=31
num_cat=0
split_feature=44 52 0 48 0 22 36 2 14 23 23 12 22 51 53 0 50 31 11 12 0 28 55 51 35 39 51 0 30 22
split_gain=7209.3 4873.31 4680.23 3243.31 4087.5 3930.9 3675.93 3556.76 3927.71 3939.27 2896.06 2833.1 2656.67 2653.44 2628.25 2593.58 2597.62 2826.54 2560.29 2396.33 2323.12 3450.27 3419.26 5798.24 4547.7 5909.31 5568.86 3779.93 7441.88 4528.94
threshold=0.0011207518796992339 -0.0057518796992480784 35.500000000000007 0.021240601503759404 154.50000000000003 9073.0407500000001 0.00034586466166031723 642.93075000000022 552.95500000000004 3.8462693612839147 4.7014322106278073 0.022473684210526135 9049.1139999999996 0.10033281346660124 23.223250000000004 215.50000000000003 38.630250000000011 0.31714330356615072 4.6767797676964715 -0.039011278195486575 59.500000000000007 -0.0025639097744360041 0.059930388759500401 0.073814590352313234 0.029878922336649943 3.3815651433239204 0.11576646744942147 137.50000000000003 521.17425000000014 9057.5035000000025
decision_type=2 2 2 2 2 2 2 2 2 2 2 2 2 2 2 2 2 2 2 2 2 2 2 2 2 2 2 2 2 2
left_child=1 10 -2 4 5 20 -5 8 14 13 -1 -8 -12 -10 -6 19 -17 -18 -11 -4 -3 -22 24 -24 25 26 -23 28 -25 -29
right_child=2 3 15 6 7 -7 11 -9 9 18 12 -13 -14 -15 -16 16 17 -19 -20 -21 21 22 23 27 -26 -27 -28 29 -30 -31
leaf_value=-0.0067202232524365083 0.050192449389844983 0.0072234289000133569 0.014611276831905304 0.030145684403656524 0.4916583464904265 -0.098362176981528951 0.023532342347124022 0.0089221011516045431 0.27806702148169282 -0.018645064562118698 -0.27248979040980337 -0.047685515849588779 -0.062984902909149598 0.044802762906659729 0.14801289322134109 -0.048352476701788279 0.21105539925170666 -0.0084363300196434315 0.24969637913139239 -0.07030751421740572 0.1295617042530941 0.13860652233073806 -0.22789847799067228 0.34818132935298812 -0.052107611227251542 -0.072068533870553675 -0.11950188849798657 -0.35490845601899279 0.081123294486586506 0.066473950312208777
leaf_weight=1489 490 2394 340 1912 43 226 725 274 137 202 59 1635 609 65 39 252 98 113 37 2465 394 525 52 107 675 246 87 34 730 66
leaf_count=1489 490 2394 340 1912 43 226 725 274 137 202 59 1635 609 65 39 252 98 113 37 2465 394 525 52 107 675 246 87 34 730 66
internal_value=0.000321854 0.0110765 -0.0361936 0.0194373 0.0330617 0.0239068 -0.000763007 0.0965424 0.142342 0.106411 -0.0300201 -0.0258064 -0.0818687 0.203597 0.33197 -0.0491576 0.0165939 0.0940224 0.0237646 -0.0600128 0.0291283 0.0471032 0.0341749 0.0776344 0.00610508 0.0519091 0.10178 0.0948152 0.115638 -0.0788915
internal_weight=16520 12762 3758 10605 6333 5536 4272 797 523 441 2157 2360 668 202 82 3268 463 211 239 2805 5310 2916 2522 989 1533 858 612 937 837 100
internal_count=16520 12762 3758 10605 6333 5536 4272 797 523 441 2157 2360 668 202 82 3268 463 211 239 2805 5310 2916 2522 989 1533 858 612 937 837 100
is_linear=0
shrinkage=0.03


Tree=146
num_leaves=31
num_cat=0
split_feature=4 47 10 32 20 12 15 8 40 36 6 14 22 38 52 25 43 10 30 34 38 37 14 55 6 3 50 22 22 20
split_gain=7260.07 4593.69 4330.64 3606.83 3548.05 3285.3 3230.59 3222.6 3095.89 3044.23 2686.9 3320.04 3129.23 3331.88 2943.9 2620.86 2609.58 4783.05 4599.43 4554.32 3769.79 3107.28 3031.12 3180.28 3060.56 2742.14 2538.24 2528.2 2946.97 3282.75
threshold=0.017127819548872335 0.74077613902850181 1424.5025000000001 -0.0036165413533836735 -0.0005939849624065004 0.028454887218047103 0.42383221916060815 -0.1409060150375924 -0.027755639097741595 -0.0019849624060200703 1585.0850000000003 553.09025000000031 9045.2240000000038 8143.4023611111124 0.0019999999999999285 47.365000000000002 0.02367599813098065 1409.4256250000001 521.28625000000022 2388.1334166666679 8142.4097500000016 8145.6050000000005 553.15362500000015 0.068228234477833688 1590.81825 0.30440228315373186 38.739750000000015 9043.2335000000021 9056.4009444444473 1.503759398717118e-05
decision_type=2 2 2 2 2 2 2 2 2 2 2 2 2 2 2 2 2 2 2 2 2 2 2 2 2 2 2 2 2 2
left_child=2 -2 3 5 -3 -1 7 15 26 -8 -6 -12 -13 14 -14 -7 18 20 22 -20 -18 -22 23 24 -5 -21 -9 -28 29 -29
right_child=1 4 -4 16 10 6 9 8 -10 -11 11 12 13 -15 -16 -17 17 -19 19 25 21 -23 -24 -25 -26 -27 27 28 -30 -31
leaf_value=0.025224471997416734 0.047407583311089366 0.027205095706122027 -0.14489728800746743 -0.18061921793493357 0.063048721560461887 -0.019413239399331029 0.20392323841540408 0.025058235435480518 0.012853024858744289 -0.054611058941665895 -0.047837820778527891 0.15667343113172266 -0.22477955840721212 -0.066548021585440931 -0.041164881285316868 0.14965927135627211 0.099744003575041207 -0.17462101003912187 0.026904908846931971 -0.02877855791439933 -0.30322943592201107 0.014882269822460199 0.18768132363401707 0.22110789923671076 0.057781016779175451 -0.43214447517548837 0.1717783375960939 -0.011604717305512166 -0.045522788857463109 -0.24334250263045901
leaf_weight=2557 453 400 162 54 130 131 41 279 1971 1768 1390 34 375 376 100 221 219 154 4128 30 45 69 251 93 408 30 33 79 434 181
leaf_count=2557 453 400 162 54 130 131 41 279 1971 1768 1390 34 375 376 100 221 219 154 4128 30 45 69 251 93 408 30 33 79 434 181
internal_value=-0.00101648 -0.041157 0.00879076 0.0106912 -0.0554717 -0.00255618 -0.0163838 0.00115484 -0.00900477 -0.0486421 -0.0692281 -0.0768112 -0.122212 -0.133525 -0.186292 0.0868607 0.0292869 -0.0369454 0.0357517 0.0231086 0.0270565 -0.112233 0.101336 0.0620189 0.0295861 -0.23424 -0.0517998 -0.0812894 -0.0935527 -0.173244
internal_weight=16596 3258 13338 13176 2805 7695 5138 3329 2977 1809 2405 2275 885 851 475 352 5481 487 4994 4188 333 114 806 555 462 60 1006 727 694 260
internal_count=16596 3258 13338 13176 2805 7695 5138 3329 2977 1809 2405 2275 885 851 475 352 5481 487 4994 4188 333 114 806 555 462 60 1006 727 694 260
is_linear=0
shrinkage=0.03


Tree=147
num_leaves=31
num_cat=0
split_feature=16 36 52 8 12 54 14 38 48 42 15 52 18 14 11 38 50 12 3 23 38 16 10 14 51 31 34 38 38 43
split_gain=6679.08 5674.95 4649 3663.41 3261.84 3218.46 4156.41 4068.22 4246.32 3367 3103.02 2857.78 2611.84 2930.08 3523.35 4977.36 3688.36 3228.5 2698.82 2585.01 2993.52 2276.34 2231.83 6100.64 5286.07 2990.51 2961.94 3906.29 10858.2 3282.95
threshold=-0.004458646616542169 -0.00048872180451032079 0.001488721804511252 0.043578947368419295 -0.044126846837371558 23.240175000000004 554.2843650793651 8123.7335000000012 -0.047213622291021669 8.4534850000000024 0.33939468169857329 -0.0066917293233081914 2388.1190454545463 553.16775000000018 3.7916583933795835 8134.8675000000012 38.74225000000002 -0.022203007518794917 0.38864765503173898 3.4895120287642691 8126.8762500000012 0.014364661654135269 1407.8205000000003 553.33675000000017 0.095971349856163679 0.26558896812937055 2388.053038461539 8146.9351071428591 8144.7425000000012 0.024190547471811447
decision_type=2 2 2 2 2 2 2 2 2 2 2 2 2 2 2 2 2 2 2 2 2 2 2 2 2 2 2 2 2 2
left_child=1 -1 3 10 -5 9 7 -7 -9 -6 -3 19 18 14 15 16 -14 -18 22 -2 -21 -22 26 24 -24 -25 -13 28 29 -28
right_child=11 2 -4 4 5 6 -8 8 -10 -11 -12 12 13 -15 -16 -17 17 -19 -20 20 21 -23 23 25 -26 -27 27 -29 -30 -31
leaf_value=0.032234178277496389 0.053443340347701027 0.058490607730688746 0.023590974404456039 0.017991375292311172 0.24635404253328169 0.13718765394389629 0.06405933765020777 0.12512338052038102 -0.12469303795815738 -0.042575701494285315 -0.024946612582246567 0.001133013633085824 0.044755348851115012 0.12950163871398349 0.093763772945049381 0.078850101197004585 0.0094043255190957662 -0.34384071050321358 0.14705079888730929 -0.30931960050185969 -0.090166480366350138 0.06473230209694332 0.12495232399035855 -0.0085971876189989208 -0.075025978448262448 -0.21108154975313773 0.033245421730271098 -0.22413569957695223 0.4077675928519322 0.21367772326026993
leaf_weight=1763 206 498 1359 500 36 59 140 63 1540 1964 2045 2110 58 448 387 166 32 84 143 43 324 115 261 101 217 187 1424 43 77 96
leaf_count=1763 206 498 1359 500 36 59 140 63 1540 1964 2045 2110 58 448 387 166 32 84 143 43 324 115 261 101 217 187 1424 43 77 96
internal_value=-0.00114078 -0.0165853 -0.027079 -0.0371409 -0.0540118 -0.0634832 -0.0925571 -0.10578 -0.114803 -0.0372544 -0.00859039 0.0224606 0.0292807 0.0692338 0.0319681 -0.0384387 -0.150146 -0.247146 0.0191919 -0.0353301 -0.0733027 -0.0495345 0.0151115 -0.0315233 0.0342001 -0.140347 0.0246433 0.0548723 0.0625202 0.0447741
internal_weight=16489 9967 8204 6845 4302 3802 1802 1662 1603 2000 2543 6522 5834 1175 727 340 174 116 4659 688 482 439 4516 766 478 288 3750 1640 1597 1520
internal_count=16489 9967 8204 6845 4302 3802 1802 1662 1603 2000 2543 6522 5834 1175 727 340 174 116 4659 688 482 439 4516 766 478 288 3750 1640 1597 1520
is_linear=0
shrinkage=0.03


Tree=148
num_leaves=31
num_cat=0
split_feature=44 31 48 0 50 18 31 52 3 0 19 24 3 0 10 54 39 36 15 26 35 0 40 37 54 15 18 38 26 50
split_gain=6947.94 4524.53 4578.53 4472.65 3401.13 3278.11 3912.87 3383.87 3401.46 5215.48 4287.96 5495.35 4223.6 3384.49 3834.33 6473.88 3238.23 3200.05 3064.21 2864.84 2846.5 6093.21 4805.09 6456.57 6665.93 4288.24 3722.89 4311.29 6196.67 4927.36
threshold=0.0012214329942503409 0.26974594526688828 0.0068799621431200391 42.500000000000007 38.981125000000013 2388.1145833333339 0.33177081697802074 0.0061992481203007746 0.29504893649115965 59.500000000000007 0.028178005607192382 -0.15641353383458964 0.22592448958943259 106.50000000000001 1407.6532500000001 23.331972500000003 2.7707882903429581 0.0010751879699263988 0.29954013267292656 47.467071428571437 0.031320919526693733 132.50000000000003 0.46634962406015751 8132.1450000000013 23.255557500000002 0.39961825533876799 2388.1747500000006 8141.1639166666673 47.486583333333343 38.844105263157907
decision_type=2 2 2 2 2 2 2 2 2 2 2 2 2 2 2 2 2 2 2 2 2 2 2 2 2 2 2 2 2 2
left_child=1 20 -3 -2 5 7 17 8 9 -4 -10 -12 16 14 15 19 -11 -7 -13 -14 21 26 23 24 -23 -22 27 -1 29 -29
right_child=3 2 4 -5 -6 6 -8 -9 10 12 11 18 13 -15 -16 -17 -18 -19 -20 -21 25 22 -24 -25 -26 -27 -28 28 -30 -31
leaf_value=0.063431779809352315 0.045448584256853976 0.021980128914669255 0.020812037949760751 -0.05388867210002455 0.039158632553307579 0.078721189206626491 -0.056545533103799707 0.13685969543125895 0.04903025644220179 0.23101748975840483 -0.35407650897678516 -0.28193442217033843 0.25948277040638706 -0.11256051550908334 -0.42212043668215088 -0.30852025952715517 -0.070198562452413071 -0.023627098175792061 -0.028600978843888944 -0.11422790920361876 0.0474029975610979 0.14066198313608766 -0.028152026398847365 0.20583319483681201 -0.40409179976757831 -0.062185315051954237 -0.2849873213557636 0.37328884206712243 -0.23829200605599626 -0.0061740947939219835
leaf_weight=1466 477 3770 269 2789 708 626 701 80 447 43 55 45 32 521 77 116 118 489 659 41 691 49 145 493 33 599 33 31 102 819
leaf_count=1466 477 3770 269 2789 708 626 701 80 447 43 55 45 32 521 77 116 118 489 659 41 691 49 145 493 33 599 33 31 102 819
internal_value=-0.0001836 0.00947213 -0.00300856 -0.039371 -0.0217495 -0.0317407 -0.00105342 -0.0539959 -0.0603513 -0.0957168 -0.0246134 -0.067992 -0.12877 -0.157378 -0.244408 -0.170166 0.0111799 0.0338539 -0.0451711 0.0508832 0.034079 0.0493596 0.126027 0.164888 -0.0807954 -0.00349211 0.0267958 0.0311669 -0.0185326 0.00808753
internal_weight=16524 13258 8797 3266 5027 4319 1816 2503 2423 1217 1206 759 948 787 266 189 161 1115 704 73 4461 3171 720 575 82 1290 2451 2418 952 850
internal_count=16524 13258 8797 3266 5027 4319 1816 2503 2423 1217 1206 759 948 787 266 189 161 1115 704 73 4461 3171 720 575 82 1290 2451 2418 952 850
is_linear=0
shrinkage=0.03


Tree=149
num_leaves=31
num_cat=0
split_feature=48 52 4 28 32 8 20 3 34 30 34 19 40 20 7 26 14 30 22 22 20 34 16 15 19 39 18 22 34 11
split_gain=6539.65 4310.91 3643.67 4021.99 3765.06 2889.48 2886.53 3309.96 2666.62 3502.73 2678.6 2609.14 2730.13 2516.6 2859.41 2399.86 2330.31 2999.27 2917.63 3368.99 3693.78 2904.58 2322.98 2326.86 2257.68 1999.07 1965.27 1941.18 2161.26 2022.97
threshold=0.034775750565224257 0.0018646616541354753 -0.004556390977442498 0.00063909774436069508 0.016379699248120282 0.13926315789473714 -0.0005939849624065004 0.20207888239654731 2388.1617500000007 521.17425000000014 2388.1402500000008 0.028857408061082886 -0.050214285714290048 0.00022556390977559863 3.8925469007931128 47.209750000000014 554.24658333333343 521.19675000000018 9062.1217500000039 9060.5447500000009 0.00089473684210786871 2388.129409722223 -0.031402255639099097 0.45687498276905164 0.03315116890847724 2.691618354859449 2388.1340588235303 9065.7917500000021 2388.0640588235301 3.8865320016674354
decision_type=2 2 2 2 2 2 2 2 2 2 2 2 2 2 2 2 2 2 2 2 2 2 2 2 2 2 2 2 2 2
left_child=2 6 8 -4 5 11 -2 -8 9 13 26 22 -13 -1 -15 -9 17 -7 19 20 24 -22 25 -24 -19 -5 -11 29 -29 -25
right_child=1 -3 3 4 -6 16 7 15 -10 10 -12 12 -14 14 -16 -17 -18 18 -20 -21 21 -23 23 27 -26 -27 -28 28 -30 -31
leaf_value=0.041539062752535466 0.02150581126999376 0.036383116362493022 0.032308782181605177 0.11874761427979211 0.1120580302696163 -0.017240822997363833 0.12046289644570279 0.054330475803762365 -0.11487359802208601 0.037758132457387947 -0.23060333609580994 -0.081923972433651474 -0.0017274290594126228 0.081819039066161572 0.36392913841503344 -0.056969708662814339 0.057142917996812502 0.026266704532862093 -0.038642638956513251 -0.35265464391616674 -0.15845462648512479 -0.47947878103102404 0.021111233664157011 0.051122438280532756 -0.23475169976267055 -0.12980162404933207 0.23589017316699026 0.15358144416127886 -0.17982562790598186 0.25971898637103058
leaf_weight=94 629 816 2763 36 210 758 102 182 92 2305 32 553 1231 57 76 3790 168 153 374 64 153 30 1261 71 36 138 45 34 34 103
leaf_count=94 629 816 2763 36 210 758 102 182 92 2305 32 553 1231 57 76 3790 168 153 374 64 153 30 1261 71 36 138 45 34 34 103
internal_value=-0.000644043 -0.027237 0.012858 0.00286985 -0.0121768 -0.0172174 -0.0382809 -0.0475146 0.0430578 0.0486688 0.0378981 -0.00137129 -0.0266185 0.161027 0.244538 -0.0518575 -0.0487903 -0.0601695 -0.100271 -0.152927 -0.117712 -0.213401 0.0254867 0.0375103 -0.0244249 -0.0779929 0.0416509 0.122523 -0.0133123 0.175381
internal_weight=16390 5519 10871 8170 5407 5197 4703 4074 2701 2609 2382 3461 1784 227 133 3972 1736 1568 810 436 372 183 1677 1503 189 174 2350 242 68 174
internal_count=16390 5519 10871 8170 5407 5197 4703 4074 2701 2609 2382 3461 1784 227 133 3972 1736 1568 810 436 372 183 1677 1503 189 174 2350 242 68 174
is_linear=0
shrinkage=0.03


Tree=150
num_leaves=31
num_cat=0
split_feature=39 40 24 0 0 26 0 38 10 0 42 19 38 50 0 35 3 38 0 47 43 30 10 34 35 43 39 0 10 44
split_gain=5977.1 5630.58 6145.18 5379.67 4449.21 3613.62 6190.72 4683.47 5418.39 6108.96 4597.36 4963.15 3977.03 4060.98 4398.43 4949.97 3993.67 3647.82 4580.49 3641.33 3411.24 3846.72 6219.37 5285.79 3438.04 3564.86 3390.66 3956.19 3301.27 3262.21
threshold=5.1144566487929763 -0.050214285714290048 0.032007518797003899 37.500000000000007 271.50000000000006 47.98875000000001 187.50000000000003 8142.2132500000016 1407.7315000000003 90.500000000000014 8.4347275000000028 0.034824560298694483 8143.2317500000017 38.874083333333346 52.500000000000007 0.026626907208249614 0.35826997501369534 8152.0775000000003 122.50000000000001 0.99294354368340565 0.020291768958628373 521.19675000000018 1413.3707500000003 2388.1402500000008 0.027367864366877843 0.026235794965705005 2.5147336837128247 152.50000000000003 1403.4832500000002 0.00014146616541352603
decision_type=2 2 2 2 2 2 2 2 2 2 2 2 2 2 2 2 2 2 2 2 2 2 2 2 2 2 2 2 2 2
left_child=1 2 3 -1 -5 6 7 20 12 -10 11 -8 13 -9 -15 -16 17 19 -19 -14 21 22 26 -23 -22 29 -3 -28 -18 -26
right_child=-2 5 -4 4 -6 -7 10 8 9 -11 -12 -13 16 14 15 -17 28 18 -20 -21 24 23 -24 -25 25 -27 27 -29 -30 -31
leaf_value=0.031385745065379805 -0.06918251852598177 -0.019365902555232142 0.019503342135868157 -0.076384463548284751 0.20449271338275418 -0.11788163259480919 0.36605152071453628 0.10539378819614649 -0.39403396339416502 -0.054385947343789716 0.064230943514104716 -0.041867134437749254 0.003390191643137004 0.015532175662883674 -0.48997369730472567 -0.12814087687311945 0.21051475566710873 -0.20333621782497788 -0.0011290024603884783 0.099903475829203031 0.04953360077016418 0.038270511981963455 0.020957762135500178 -0.31348741255557305 0.013088905985380568 0.17584263063967229 0.19975899920699206 0.51188411774237952 -0.055014097902335621 -0.084076210992252251
leaf_weight=592 1025 48 1977 2236 51 173 95 74 49 1037 989 37 1303 95 49 110 165 146 321 481 787 2757 308 38 556 71 214 44 56 704
leaf_count=592 1025 48 1977 2236 51 173 95 74 49 1037 989 37 1303 95 49 110 165 146 321 481 787 2757 308 38 556 71 214 44 56 704
internal_value=0.000951826 0.00557512 -0.0212166 -0.0491759 -0.0700343 0.0177269 0.019965 0.0120239 -0.013211 -0.0700592 0.0865763 0.252256 0.00885515 -0.0891389 -0.146005 -0.242015 0.0218884 0.00991133 -0.0646452 0.0294534 0.0297656 0.0483384 0.116276 0.0333777 -0.000136886 -0.0295214 0.211837 0.254761 0.143287 -0.0412238
internal_weight=16588 15563 4856 2879 2287 10707 10534 9413 3886 1086 1121 132 2800 328 254 159 2472 2251 467 1784 5527 3409 614 2795 2118 1331 306 258 221 1260
internal_count=16588 15563 4856 2879 2287 10707 10534 9413 3886 1086 1121 132 2800 328 254 159 2472 2251 467 1784 5527 3409 614 2795 2118 1331 306 258 221 1260
is_linear=0
shrinkage=0.03


Tree=151
num_leaves=31
num_cat=0
split_feature=48 12 36 10 4 22 22 26 36 32 24 40 22 15 26 10 46 10 18 18 39 22 18 18 2 31 39 51 8 18
split_gain=6527.08 5176.38 3539.45 3496.39 2924.84 2754.64 3614.52 3508.38 2328.28 2693.56 2412.67 2795.61 2253.66 2846.66 6334.14 3080.52 2698.01 8005.51 8446.25 4773.74 7425.88 3435.55 2168.21 3918.64 2136.37 2104.28 2812.85 2738.63 2780.54 2085.63
threshold=0.037218045112781963 -0.057645363408523102 9.3984962405844092e-05 1424.9192500000001 0.0053609022556402918 9060.5447500000009 9059.7455000000027 47.285250000000012 -0.00088721804511282976 0.017172932330826198 0.043274436090189543 0.037812030075192397 9048.6352500000012 0.43226134965192003 47.549750000000017 1410.7977500000002 393.70714285714291 1411.8290000000004 2388.1356071428577 2388.1562500000005 3.0342648821381166 9055.9307500000014 2388.0720714285721 2388.0441052631591 642.80725000000018 0.30115672829762546 3.1582787016506049 0.10421372267722351 0.17139097744360832 2388.1225657894743
decision_type=2 2 2 2 2 2 2 2 2 2 2 2 2 2 2 2 2 2 2 2 2 2 2 2 2 2 2 2 2 2
left_child=3 -2 -3 4 5 6 12 -8 -6 10 11 -10 13 -1 -15 -16 17 18 24 20 -18 -19 23 -13 -14 26 -7 28 -27 -26
right_child=1 2 -4 -5 8 25 7 -9 9 -11 -12 22 16 14 15 -17 19 21 -20 -21 -22 -23 -24 -25 29 27 -28 -29 -30 -31
leaf_value=0.027104592398395685 0.043250528524210671 0.005641778479427254 -0.055458314881343951 -0.1817011690948431 0.049088716722687643 0.067419142915553912 -0.1228883237783846 0.18716160385124384 -0.066398123806838572 0.11165482344824962 0.005122485758442972 0.045931363130958983 0.041662727698524811 0.060276927813210271 -0.42700744356678905 -0.099499390078884239 0.0040237758530152811 -0.38541496838132538 0.50475015637036913 -0.0053789023779434704 0.57671365575587497 -0.00043446277294840129 0.060913657366290133 -0.19862510569688704 0.38905736653134226 0.038162443606814617 -0.013850747982787282 -0.097661599113667258 -0.094476295609271052 0.056499859392642973
leaf_weight=634 799 1151 3296 81 695 797 37 254 1227 157 2418 141 1998 109 52 52 36 53 36 72 46 34 348 100 31 574 737 333 188 37
leaf_count=634 799 1151 3296 81 695 797 37 254 1227 157 2418 141 1998 109 52 52 36 53 36 72 46 34 348 100 31 574 737 333 188 37
internal_value=0.000627379 -0.0270147 -0.0396463 0.0134876 0.0149158 0.0289038 0.0464055 0.147454 -0.00189078 -0.00996907 -0.0145043 -0.0406257 0.0371443 -0.00479125 -0.0994131 -0.265761 0.0522997 0.0437118 0.0554239 0.173302 0.328367 -0.236677 0.0130847 -0.0559458 0.047354 0.00572131 0.02839 -0.0260325 0.00535699 0.211548
internal_weight=16523 5246 4447 11277 11196 6110 3481 291 5086 4391 4234 1816 3190 847 213 104 2343 2189 2102 154 82 87 589 241 2066 2629 1534 1095 762 68
internal_count=16523 5246 4447 11277 11196 6110 3481 291 5086 4391 4234 1816 3190 847 213 104 2343 2189 2102 154 82 87 589 241 2066 2629 1534 1095 762 68
is_linear=0
shrinkage=0.03


Tree=152
num_leaves=31
num_cat=0
split_feature=52 23 44 16 42 6 19 37 56 44 50 36 40 54 30 2 34 18 11 15 56 23 15 43 55 39 22 36 10 26
split_gain=6218.99 4006.97 3361.82 3018.59 2777.06 2763.77 2474.85 2381.09 2163.35 3210.03 2577.24 2269.27 2168.19 2129.26 2119.96 6279.53 4270.55 10729.3 4077.46 4278.92 3765.59 3703.3 2869.36 2831.9 4347.47 2800.57 2896.54 2661.39 2664.22 5014.26
threshold=-0.0043533834586466117 3.5986989836603307 0.0014539097744360738 0.013864661654134311 8.4133525000000002 1591.8122500000006 0.026884010117585032 8170.6200000000017 -0.0015587593984962324 0.00046672932330827217 38.854522727272744 0.0017669172932273729 0.021714285714299817 23.28755 521.16775000000018 642.76519230769247 2388.1352500000012 2388.1231666666677 4.1429818657944582 0.43226134965192003 0.001413646616541386 4.0543989381895171 0.49574363329259913 0.018369992739784451 0.044992551401905001 3.0441743954392719 9047.3380000000034 0.0031278195488754906 1411.0617500000001 47.555562500000015
decision_type=2 2 2 2 2 2 2 2 2 2 2 2 2 2 2 2 2 2 2 2 2 2 2 2 2 2 2 2 2 2
left_child=1 -1 7 4 -3 6 -6 14 9 12 -11 13 -8 -10 15 25 27 -18 19 21 22 -19 23 24 -17 -2 -27 28 -16 -30
right_child=2 3 -4 -5 5 -7 8 -9 11 10 -12 -13 -14 -15 16 20 17 18 -20 -21 -22 -23 -24 -25 -26 26 -28 -29 29 -31
leaf_value=0.024562498563926057 0.077296187963572807 0.021120889636340914 -0.034479654684009368 0.063301515254319721 -0.035895100715570151 -0.035680025274881101 -0.40292801231145858 -0.06111080316643918 -0.2457869954407215 -0.1864590082778817 0.030110450277513849 0.051745853871874949 -0.17291491155823069 -0.067603227935054078 0.025844058336875954 0.42115945840423752 -0.61030877709388731 0.13241035583828178 0.20557809917146669 -0.37157032120227812 0.18322988717383903 -0.18879235424101351 -0.12313273982841426 -0.0055268995737901231 0.063640095530912794 0.1703751774582673 0.49563141971826552 -0.086362887857831083 -0.39697066798806191 -0.020038951917222755
leaf_weight=1096 70 470 1162 237 431 2036 72 320 83 125 81 93 80 219 7619 32 32 69 50 39 135 59 118 731 434 54 47 207 35 271
leaf_count=1096 70 470 1162 237 431 2036 72 320 83 125 81 93 80 219 7619 32 32 69 50 39 135 59 118 731 434 54 47 207 35 271
internal_value=0.0016996 -0.02614 0.0138776 -0.0402934 -0.0469624 -0.0569035 -0.0933384 0.0193243 -0.126126 -0.179512 -0.101569 -0.0774109 -0.28379 -0.117224 0.0219035 0.0532993 0.0158255 -0.106309 -0.0295282 -0.100724 0.0329445 -0.0159598 0.0173885 0.0313322 0.0890401 0.224703 0.325107 0.0195779 0.0223556 -0.0643047
internal_weight=16507 5023 11484 3927 3690 3220 1184 10322 753 358 206 395 152 302 10002 1621 8381 249 217 167 1450 128 1315 1197 466 171 101 8132 7925 306
internal_count=16507 5023 11484 3927 3690 3220 1184 10322 753 358 206 395 152 302 10002 1621 8381 249 217 167 1450 128 1315 1197 466 171 101 8132 7925 306
is_linear=0
shrinkage=0.03


Tree=153
num_leaves=31
num_cat=0
split_feature=52 4 44 0 15 35 2 22 22 56 2 46 14 0 32 51 48 22 6 0 34 14 0 39 22 54 42 34 15 55
split_gain=5704.21 3501.98 3288.48 3399.75 4333.49 3673.01 3838.47 3471.28 3166.47 2786.83 2926.88 3430.63 3348.4 2928.29 2658.57 2966.3 2969.53 2578.11 3385.35 2434.6 2287.02 3842.58 2356.98 2268.24 2517 2498.03 3186.7 2437.29 2325.11 2556.91
threshold=-0.0036240601503759102 -0.008609022556387633 0.0014539097744360738 155.50000000000003 0.48747294796600554 0.035644073151113224 642.93075000000022 9077.9732500000009 9054.8282500000023 -0.0021727443609022025 642.74825000000021 393.97500000000008 553.33675000000017 82.500000000000014 -0.0082406015037580129 0.087609217478965828 0.029367536488279524 9062.021833333336 1592.8707500000005 42.500000000000007 2388.0702500000011 553.01925000000017 47.500000000000007 4.1562049395428149 9056.8064615384628 23.322705000000003 8.4347275000000028 2388.1210555555563 0.32296574889486107 0.049389729962519752
decision_type=2 2 2 2 2 2 2 2 2 2 2 2 2 2 2 2 2 2 2 2 2 2 2 2 2 2 2 2 2 2
left_child=1 -1 3 7 5 6 8 9 -5 10 12 13 -2 -12 -3 -16 -17 18 -7 -4 -18 -22 -23 24 -10 26 -26 -28 -27 -30
right_child=2 14 19 4 -6 17 -8 -9 23 -11 11 -13 -14 -15 15 16 20 -19 -20 -21 21 22 -24 -25 25 28 27 -29 29 -31
leaf_value=0.037104278591431991 0.12335837039913311 -0.048309229098157207 0.042547084257000448 0.39840319835509241 -0.10947729793467348 -0.4119808274156907 0.024575675986646339 -0.10921315426737711 -0.080631979270414877 0.02517297471288385 0.034878066985468782 0.059439298129743995 -0.013287484399117965 -0.18622069609497696 0.071664416193245692 0.010307650709605392 0.000911783792662181 0.03798480027488299 0.024480677636400345 -0.062831770344901908 -0.010778325424072848 0.035207921718397442 -0.25187622016967209 -0.023433310640975834 0.34014618602796243 -0.1477388283335849 0.095411231212277445 0.2819718579262156 -0.1267724326204869 0.18140024640058214
leaf_weight=757 182 3275 262 38 123 33 458 208 43 5785 69 107 1366 241 376 946 216 97 30 791 156 30 171 87 103 37 229 87 30 113
leaf_count=757 182 3275 262 38 123 33 458 208 43 5785 69 107 1366 241 376 946 216 97 30 791 156 30 171 87 103 37 229 87 30 113
internal_value=0.000410503 -0.0231246 0.0136725 0.0192677 0.0605539 0.0757222 0.0933743 0.0114375 0.134371 0.0146893 -0.0161719 -0.0866136 0.00284738 -0.137054 -0.0319489 -0.00366391 -0.0223449 -0.0591673 -0.207007 -0.0365967 -0.076177 -0.122691 -0.209066 0.120081 0.139535 0.155448 0.195556 0.147502 0.0615227 0.116317
internal_weight=16446 5927 10519 9466 1508 1385 1225 7958 767 7750 1965 417 1548 310 5170 1895 1519 160 63 1053 573 357 201 729 642 599 419 316 180 143
internal_count=16446 5927 10519 9466 1508 1385 1225 7958 767 7750 1965 417 1548 310 5170 1895 1519 160 63 1053 573 357 201 729 642 599 419 316 180 143
is_linear=0
shrinkage=0.03


Tree=154
num_leaves=31
num_cat=0
split_feature=23 52 47 10 42 22 43 22 0 0 22 30 36 30 26 4 24 14 0 15 8 42 44 47 34 22 0 0 0 14
split_gain=5312.03 4889.74 4435.51 5757.39 3716.6 3500.34 3106.55 3681.36 3537.69 3147.06 3046.87 4736.31 3038.82 3900.88 3267.93 3042.38 2943.06 3677.19 3923.32 3884.15 2902.84 3240.81 2798.83 2721.16 3890.1 4958.85 7317.83 4351.57 4213.78 3947.46
threshold=3.626758675632511 -0.0057518796992480784 0.70174492149271817 1405.5062500000004 8.4361475000000024 9058.4858571428613 0.02308800064440639 9060.8592500000013 81.500000000000014 112.50000000000001 9042.8652500000007 521.22275000000025 -0.00038345864661397009 521.17425000000014 47.231750000000012 0.012571428571430216 0.043274436090189543 553.08275000000015 41.500000000000007 0.46249797296519718 0.10175563909774422 8.4265774999999987 0.0010566917293233159 0.84263253289356133 2388.0502500000011 9059.5115000000023 104.50000000000001 84.500000000000014 124.50000000000001 554.27725000000021
decision_type=2 2 2 2 2 2 2 2 2 2 2 2 2 2 2 2 2 2 2 2 2 2 2 2 2 2 2 2 2 2
left_child=23 -2 3 -3 5 -5 7 8 -6 -10 11 -4 13 -12 -14 20 17 -17 -19 22 -16 -22 -20 -1 28 26 27 -26 29 -25
right_child=1 2 10 4 6 -7 -8 -9 9 -11 12 -13 14 -15 15 16 -18 18 19 -21 21 -23 -24 24 25 -27 -28 -29 -30 -31
leaf_value=-0.0017377353702256897 -0.04304229512979714 -0.016769832594357617 0.0068880880991288272 0.080247783763334149 0.090043756881275694 0.49571256140004033 -0.10457378099623478 0.042060358970441719 0.60707251938906581 0.21867750025719013 0.1349328984607415 0.25777144935820251 0.045227706802312938 0.0082512635055101737 0.0096421851259795091 -0.021163485696568798 -0.031951267188309304 0.047929011639207597 -0.20872995131666008 0.046196290165185928 0.02375795974728066 -0.070607693321317472 -0.44463884254602287 -0.11393559401668327 0.056583045093362684 0.12713174811624295 -0.059279986449472591 0.24833828293464397 0.12762727339556831 0.032951247211238113
leaf_weight=1541 2808 397 210 31 73 45 56 177 32 48 248 99 646 1803 2313 212 1057 55 164 39 462 1121 64 331 557 819 478 131 166 326
leaf_count=1541 2808 397 210 31 73 45 56 177 32 48 248 99 646 1803 2313 212 1057 55 164 39 462 1121 64 331 557 819 478 131 166 326
internal_value=0.00184507 -0.00833216 0.00209327 0.0670165 0.138895 0.32949 0.100615 0.135645 0.242934 0.379612 -0.00448032 0.0878404 -0.00797634 0.0236275 -0.0185474 -0.0260627 -0.0610065 -0.118351 -0.182075 -0.229456 -0.0117808 -0.0430694 -0.276602 0.0302964 0.0478708 0.0705976 0.0308131 0.093402 -0.00696336 -0.0411118
internal_weight=16509 12160 9352 859 462 76 386 330 153 80 8493 309 8184 2051 6133 5487 1591 534 322 267 3896 1583 228 4349 2808 1985 1166 688 823 657
internal_count=16509 12160 9352 859 462 76 386 330 153 80 8493 309 8184 2051 6133 5487 1591 534 322 267 3896 1583 228 4349 2808 1985 1166 688 823 657
is_linear=0
shrinkage=0.03


Tree=155
num_leaves=31
num_cat=0
split_feature=36 12 23 0 0 50 50 22 40 48 46 15 28 22 19 25 38 4 19 47 46 12 31 38 38 0 2 4 0 20
split_gain=5482.39 4949.92 3116.55 3092.38 3272.88 3492.01 3483.23 3880.95 4774.43 3347.19 2950.25 2791.57 3129.67 2784.05 2778.65 3882.34 3132.49 2774.14 3825.67 2746.46 4533.81 2466.06 2267.32 2723.7 4080.2 5504.32 2709.96 3031.52 3570.86 4513.63
threshold=0.0011428571428576423 -0.044126846837371558 3.5000905345423257 237.50000000000003 26.500000000000004 38.979750000000017 38.753166666666679 9042.8652500000007 0.067984962406008612 0.015211104684788897 395.42500000000001 0.40033969948628217 -0.00060150375939856083 9056.0147500000003 0.025495097567989792 47.535000000000004 8137.9542500000016 0.0049699248120300436 0.031539657575738102 0.69992710611188269 392.64852941176474 0.2994661654135356 0.26049952014603694 8126.4217499999995 8124.1814999999997 46.500000000000007 642.18916666666689 -0.010436090225561682 177.50000000000003 0.00065413533834544077
decision_type=2 2 2 2 2 2 2 2 2 2 2 2 2 2 2 2 2 2 2 2 2 2 2 2 2 2 2 2 2 2
left_child=2 -2 21 4 -3 6 9 -8 14 17 13 -10 -13 -5 15 16 -9 18 -6 20 -4 -1 23 24 -21 -26 -24 -28 29 -29
right_child=1 3 19 10 5 -7 7 8 11 -11 -12 12 -14 -15 -16 -17 -18 -19 -20 22 -22 -23 26 -25 25 -27 27 28 -30 -31
leaf_value=0.055829514717061851 0.03848469469483027 0.054570588097190731 -0.021077960426525866 -0.11738651688362275 0.026893507225571999 0.051424191093684929 0.17176868794169628 0.34046534912551146 0.017333334520492214 -0.047443208944998927 -0.078087929005916837 0.088027487665414808 -0.13467512283108984 0.14711537051598797 -0.14739847484475221 -0.16048330112826079 -0.012039737877962382 -0.0037669728062529528 0.34813639880291047 0.066973043681286717 0.1290092804760733 -0.04516475056477471 0.046248001938112931 0.037183015155390575 0.034703277931971983 -0.49215743780136106 0.048603951619006693 -0.0120543532310946 0.035793038110755251 -0.081911229233866942
leaf_weight=2027 1016 303 332 42 83 300 52 33 450 1567 114 69 305 219 992 95 68 323 55 67 397 243 667 1815 32 39 539 2147 683 1359
leaf_count=2027 1016 303 332 42 83 300 52 33 450 1567 114 69 305 219 992 95 68 323 55 67 397 243 667 1815 32 39 539 2147 683 1359
internal_value=0.000665012 -0.0219267 0.013954 -0.034038 -0.040661 -0.0472419 -0.0544863 -0.0819155 -0.0885541 -0.0265435 0.0487703 -0.0330077 -0.0934631 0.104266 -0.127021 -0.0236615 0.105344 0.0444463 0.156509 0.00522337 0.0607216 0.0450031 -0.000290155 0.0273989 -0.100625 -0.257515 -0.0103169 -0.0183048 -0.0269235 -0.039148
internal_weight=16433 6086 10347 5070 4695 4392 4092 2064 2012 2028 375 824 374 261 1188 196 101 461 138 8077 729 2270 7348 1953 138 71 5395 4728 4189 3506
internal_count=16433 6086 10347 5070 4695 4392 4092 2064 2012 2028 375 824 374 261 1188 196 101 461 138 8077 729 2270 7348 1953 138 71 5395 4728 4189 3506
is_linear=0
shrinkage=0.03


Tree=156
num_leaves=31
num_cat=0
split_feature=28 16 4 52 18 10 20 19 40 50 32 52 14 10 26 34 18 18 38 38 48 11 30 23 35 34 34 30 10 14
split_gain=5882.28 4084.67 2982.23 2751.45 2413.04 3086.97 2849.57 2572.09 3671.8 3522.04 3066.65 2237.92 2181.89 4577.18 3218.76 2763.8 2611.02 2376.46 2092.85 3741.06 3170.02 2169.45 3167 2626.49 3723.94 2460.82 2135.21 2279.49 2698.26 3257.5
threshold=0.0004661654135337179 -0.0026090225563916388 -0.004556390977442498 0.0042593984962405696 2388.1220714285723 1424.9192500000001 -0.00041353383458335468 0.026095976701345554 0.089725563909769351 38.994522727272731 0.013586466165412975 -0.0008195488721803681 553.56575000000009 1405.5737500000002 47.41303846153847 2388.0461250000012 2388.0381666666676 2388.0770714285723 8142.3210000000008 8143.3137500000012 0.018113465481886536 3.7848726189771331 521.30925000000013 4.0703202419690792 0.031843366656181642 2388.1597500000012 2388.1335921052641 521.17425000000014 1410.4524642857145 553.27625000000023
decision_type=2 2 2 2 2 2 2 2 2 2 2 2 2 2 2 2 2 2 2 2 2 2 2 2 2 2 2 2 2 2
left_child=-1 2 -2 4 6 11 -4 12 9 10 -9 -6 -8 14 15 16 -14 -15 21 20 -20 26 25 -24 -25 -23 27 -3 29 -29
right_child=1 18 3 -5 5 -7 7 8 -10 -11 -12 -13 13 17 -16 -17 -18 -19 19 -21 -22 22 23 24 -26 -27 -28 28 -30 -31
leaf_value=0.026150254458047639 0.015848316930219909 0.24944727745007825 0.0014014014047482538 0.056514909198146536 -0.020664259506568076 -0.14475252285575979 -0.070462637883227541 -0.15451452689163811 -0.044747765719548561 0.018806074351816027 0.12525498404696181 0.054151924173945744 0.018535426216466085 0.079423672427472308 -0.25117355080445608 0.17786373539475372 -0.27279524789750575 0.42693252759320394 -0.054695596078244764 0.0025203710743098534 -0.34238007747902055 0.19046311770831473 0.079628842487675447 0.03094825305522407 -0.16788331821178779 0.00033200604242405719 -0.097604210690102153 0.21643339555548585 -0.25705273173072118 -0.00018690139314109103
leaf_weight=5051 1346 36 687 293 2059 156 339 890 1129 138 36 435 132 37 44 73 34 34 100 1240 52 233 460 307 116 83 169 68 32 661
leaf_count=5051 1346 36 687 293 2059 156 339 890 1129 138 36 435 132 37 44 73 34 34 100 1240 52 233 460 307 116 83 169 68 32 661
internal_value=-0.000803744 -0.0127276 -0.0247954 -0.0331922 -0.0374243 -0.015724 -0.05351 -0.0665774 -0.0824927 -0.122464 -0.143515 -0.00759845 -0.0161673 0.0358795 -0.0183927 0.0253304 -0.0424109 0.249455 0.0139451 -0.014747 -0.154708 0.0323911 0.0593291 0.0300889 -0.023845 0.140682 -0.00107108 0.019495 0.00830372 0.0202879
internal_weight=16470 11419 7862 6516 6223 2650 3573 2886 2193 1064 926 2494 693 354 283 239 166 71 3557 1392 152 2165 1199 883 423 316 966 797 761 729
internal_count=16470 11419 7862 6516 6223 2650 3573 2886 2193 1064 926 2494 693 354 283 239 166 71 3557 1392 152 2165 1199 883 423 316 966 797 761 729
is_linear=0
shrinkage=0.03


Tree=157
num_leaves=31
num_cat=0
split_feature=23 26 48 31 22 38 40 3 52 34 6 15 38 38 2 12 54 10 14 14 51 43 19 4 23 23 19 38 56 27
split_gain=4743.5 4021.75 3440.24 3650.99 4656.58 4524.6 3627.44 3231.6 4209.44 3311.64 6866.93 6140.93 5480.59 5530.55 4414.92 3198.11 3165.14 5430.5 4977.25 3148.45 3140.23 3213.65 2914.91 2745.54 2674.43 2663.27 2586.66 3576.94 2587.99 2509.93
threshold=8.3227948424494311 47.999250000000011 -0.027646038172353959 0.25360007883368074 9042.8652500000007 8124.942 -0.074439849624055768 0.29451782626602868 -0.0034135338345865213 2388.1120714285721 1589.4485000000002 0.32966611888772362 8150.9235000000008 8136.4944166666673 642.61516666666682 0.14429699248120054 23.330887500000006 1407.6532500000001 554.12825000000009 553.66727941176487 0.10125586402771959 0.017577485243862535 0.029979159427892064 0.019135338345864745 5.1467568992219723 4.4939293218422725 0.026622359023964631 8138.4870000000001 -0.0027846992481203232 0.088189426459336598
decision_type=2 2 2 2 2 2 2 2 2 2 2 2 2 2 2 2 2 2 2 2 2 2 2 2 2 2 2 2 2 2
left_child=1 2 -1 29 -5 15 22 9 -9 10 16 25 13 -13 20 -6 17 26 19 -18 21 -15 24 -10 -7 -12 28 -28 -8 -4
right_child=-2 -3 3 4 5 6 7 8 23 -11 11 12 -14 14 -16 -17 18 -19 -20 -21 -22 -23 -24 -25 -26 -27 27 -29 -30 -31
leaf_value=0.038319801633359352 -0.084225445098127238 -0.1029669446666205 0.068783838457240593 0.09092121783717011 -0.25348729948288407 0.0044605704544273704 -0.20545183899132785 -0.021285040630296105 0.060027540977350941 0.024980089582893321 0.16494249014638709 0.042701191991086927 -0.018342628393579145 -0.77100834066217594 -0.18969379464132261 -0.045125057958303738 0.11392979109287261 -0.17046282907463101 0.017897134075287875 -0.11506235449574886 -0.2400848845940716 -0.32328067821841083 -0.075435269436765054 -0.03092371955768428 -0.18101671595275401 -0.089676481577066272 0.012757856409902436 0.26548391835568669 0.091192581434283521 0.0095870232299968359
leaf_weight=2362 583 316 940 399 115 1042 36 1352 1893 1078 85 61 173 32 231 156 59 72 879 560 52 30 1193 354 74 64 78 142 92 2048
leaf_count=2362 583 316 940 399 115 1042 36 1352 1893 1078 85 61 173 32 231 156 59 72 879 560 52 30 1193 354 74 64 78 142 92 2048
internal_value=-0.000247583 0.00282358 0.00496583 -0.000964525 -0.00943307 -0.0134852 -0.0100766 0.000262884 0.0205321 -0.0193262 -0.0373796 -0.115757 -0.159901 -0.220027 -0.266469 -0.134151 -0.00758585 0.0651009 -0.0279951 -0.0930874 -0.419039 -0.562936 -0.0428544 0.0456914 -0.00798915 0.0557072 0.114187 0.176344 0.00681544 0.0282266
internal_weight=16551 15968 15652 13290 10302 9903 9632 7323 3599 3724 2646 728 579 406 345 271 1918 420 1498 619 114 62 2309 2247 1116 149 348 220 128 2988
internal_count=16551 15968 15652 13290 10302 9903 9632 7323 3599 3724 2646 728 579 406 345 271 1918 420 1498 619 114 62 2309 2247 1116 149 348 220 128 2988
is_linear=0
shrinkage=0.03


Tree=158
num_leaves=31
num_cat=0
split_feature=39 42 40 24 52 18 34 56 3 31 6 14 10 26 48 54 2 14 11 14 46 34 35 8 39 15 10 14 54 54
split_gain=4589.31 4094.78 3726.17 2858.83 2770.4 3157.42 8585.4 4425.4 3598.52 3573.54 4487.04 6401.2 4544.89 4141.78 3837.89 3786.57 3635.32 5145.99 3024.45 6397.54 7697.29 4143.28 3881.97 3443.51 3008.19 2981.44 3899.99 3773.4 4451.13 2934.7
threshold=7.5926441589693203 8.5043475000000015 -0.11924436090226334 0.11013533834585819 -0.0068721804511278914 2388.1185357142863 2388.132583333334 0.001413646616541386 0.31494047055647229 0.25999615378925456 1589.2552500000004 553.39158333333341 1405.5062500000004 47.481659090909098 0.0068799621431200391 23.397230147058828 642.32475000000011 553.77612500000021 3.828587206736326 553.21211111111131 393.8250000000001 2388.1315192307698 0.029406631905029203 0.071999999999998746 3.8482868588520902 0.33470507323502968 1408.3605000000005 553.60575000000006 23.314637500000007 23.301110000000005
decision_type=2 2 2 2 2 2 2 2 2 2 2 2 2 2 2 2 2 2 2 2 2 2 2 2 2 2 2 2 2 2
left_child=1 2 3 -1 -4 6 8 18 9 16 12 14 15 -14 -12 -11 -6 -18 19 20 21 -7 29 -24 -10 27 -27 28 -13 -20
right_child=-2 -3 4 -5 5 7 -8 -9 24 10 11 25 13 -15 -16 -17 17 -19 22 -21 -22 -23 23 -25 -26 26 -28 -29 -30 -31
leaf_value=-0.042560793235510486 -0.093760862645014958 -0.12842539483606638 -0.025913838576002352 0.028394005543146469 -0.023621121426311571 -0.022157145417902778 -0.46850091826389817 0.1365864560336586 0.05222596998520506 -0.0408084030331421 0.091266099959310246 -0.056839424570611974 0.15708238740003452 -0.017166263587939781 -0.055173533473407234 0.038808690134656473 0.018305215501713278 0.15692818846463677 0.12603529013253123 0.12495768971466531 0.044967541020733512 -0.20760892544653309 0.084058846936464829 -0.055463833159954415 -0.03963274665444376 -0.12433216707069568 -0.3298047321158889 -0.23750921845436096 0.38310758879408241 -0.16086813974029876
leaf_weight=2243 457 211 1588 661 632 183 33 397 2195 1647 246 58 292 211 462 797 682 372 621 255 432 266 289 352 375 342 110 44 31 33
leaf_count=2243 457 211 1588 661 632 183 33 397 2195 1647 246 58 292 211 462 797 682 372 621 255 432 266 289 352 375 342 110 44 31 33
internal_value=-0.000121906 0.00254834 0.0043 -0.0264061 0.0111899 0.0163798 0.00726916 0.0438444 0.00917205 -0.00368675 -0.0183768 -0.064945 0.00207021 0.084099 -0.00423501 -0.0148396 0.0332451 0.0673333 0.028649 -0.00707861 -0.0453941 -0.132241 0.0599713 0.00747404 0.0388123 -0.138287 -0.174954 -0.0132985 0.0989546 0.111335
internal_weight=16517 16060 15849 2904 12945 11357 8529 2828 8496 5926 4240 1293 2947 503 708 2444 1686 1054 2431 1136 881 449 1295 641 2570 585 452 133 89 654
internal_count=16517 16060 15849 2904 12945 11357 8529 2828 8496 5926 4240 1293 2947 503 708 2444 1686 1054 2431 1136 881 449 1295 641 2570 585 452 133 89 654
is_linear=0
shrinkage=0.03


Tree=159
num_leaves=31
num_cat=0
split_feature=52 0 40 38 0 50 0 18 6 38 0 32 38 43 0 16 34 6 51 55 0 7 27 6 54 0 27 12 8 43
split_gain=4566.21 3507.26 3458.99 4213.18 4470.65 5325.76 5131.88 9199.31 4642.88 4141.15 5496.02 5517.57 4244.12 4042.21 4348.4 3978.72 3930.19 3729.71 3681.35 3320.18 3312.11 3175.11 2902.85 2866.94 7224.52 8683.59 2747.39 2614.36 3006.54 2587.47
threshold=-0.0057518796992480784 31.500000000000004 -0.11650375939848993 8140.9852500000006 210.50000000000003 38.809083333333341 151.50000000000003 2388.0797500000012 1591.8777500000003 8145.0410000000002 92.500000000000014 0.0058270676691708819 8153.442 0.020412860832715238 91.500000000000014 0.0038264411027631212 2388.1437500000011 1593.9327500000002 0.1126476808242176 0.077979018703783862 117.50000000000001 2.8454360597049857 0.08522910301064994 1586.7552500000002 23.389458571428577 53.500000000000007 0.07093571006172579 -0.049808270676692752 -0.23166165413534071 0.018844207995993675
decision_type=2 2 2 2 2 2 2 2 2 2 2 2 2 2 2 2 2 2 2 2 2 2 2 2 2 2 2 2 2 2
left_child=1 -1 -2 13 5 8 9 22 -5 10 23 18 29 14 16 21 -4 -6 -12 -15 -14 -16 -8 24 25 -7 -23 -28 -29 -11
right_child=2 -3 3 4 17 6 7 -9 -10 12 11 -13 20 19 15 -17 -18 -19 -20 -21 -22 26 -24 -25 -26 -27 27 28 -30 -31
leaf_value=0.046458270537175599 -0.025187095132232985 -0.04007794659101295 0.033965611308951781 -0.16696876337130864 0.19223947452815868 0.013151861491799354 0.2133501306526801 0.37166915303468706 -0.03135527018273699 -0.0029444974937165775 -0.14750131813209991 -0.42120404820693164 -0.34935059845447541 -0.0034346561114558726 0.30354295612597954 0.1864533894649483 -0.2207001360958176 0.021556516085544916 0.13462130524656352 0.29549797877669332 -0.045488851390661986 -0.20921643718200572 -0.0022435654679170023 0.043113125994462854 0.013708657447882444 -0.42760701790451999 0.16327463079565369 0.31357072177955081 0.029316431090230976 0.075595594931107304
leaf_weight=488 2082 3059 2108 305 179 74 67 89 885 674 229 56 38 2027 48 328 55 321 50 33 190 33 324 461 373 87 196 34 786 857
leaf_count=488 2082 3059 2108 305 179 74 67 89 885 674 229 56 38 2027 48 328 55 321 50 33 190 33 324 461 373 87 196 34 786 857
internal_value=0.00200039 -0.0281625 0.0102387 0.0170027 -0.00232045 -0.011292 0.00703735 0.0981889 -0.0662244 -0.00715389 -0.0470819 -0.151989 0.0230457 0.0349923 0.0542184 0.0948917 0.0273911 0.0829228 -0.0966415 0.00149512 -0.0974369 0.0673701 0.0351496 -0.0116443 -0.0589084 -0.226192 0.0562845 0.0651053 0.0414702 0.0410401
internal_weight=16536 3547 12989 10907 5259 4759 3569 480 1190 3089 1330 335 1759 5648 3588 1425 2163 500 279 2060 228 1097 391 995 534 161 1049 1016 820 1531
internal_count=16536 3547 12989 10907 5259 4759 3569 480 1190 3089 1330 335 1759 5648 3588 1425 2163 500 279 2060 228 1097 391 995 534 161 1049 1016 820 1531
is_linear=0
shrinkage=0.03


Tree=160
num_leaves=31
num_cat=0
split_feature=4 10 0 38 10 42 0 18 42 42 38 38 0 27 54 27 54 14 23 38 46 40 18 0 42 0 38 10 18 0
split_gain=4317.3 3305.96 3819.99 3551.92 3946.56 5444.02 3564.57 9852.67 6519.33 6401.64 4347.82 5137.14 5306.25 5009.12 5226.81 4840.81 4292.5 5460.7 3337.3 3280.81 3109.42 3376.8 2857.77 5703.68 4846.2 6936.51 6780.34 5540.49 7094.74 4741.18
threshold=0.018477443609022679 1424.5025000000001 217.50000000000003 8141.1639166666673 1409.1342500000003 8.4399291666666691 133.50000000000003 2388.076250000001 8.416866875000002 8.4418916666666686 8152.9983333333339 8144.9007500000007 92.500000000000014 0.082187286121394434 23.395240000000005 0.099140052451065983 23.318357500000001 553.57425000000012 4.5498331145958071 8159.3072500000017 392.64852941176474 0.109934933487578 2388.076250000001 48.500000000000007 8.4352875000000012 99.500000000000014 8139.3715000000011 1407.5760000000002 2388.1210555555567 166.50000000000003
decision_type=2 2 2 2 2 2 2 2 2 2 2 2 2 2 2 2 2 2 2 2 2 2 2 2 2 2 2 2 2 2
left_child=1 2 3 22 6 -6 10 8 19 -9 11 12 15 -14 18 -5 -17 -18 -15 -8 -10 -22 23 -1 25 26 27 -24 -29 -27
right_child=-2 -3 -4 4 5 -7 7 9 20 -11 -12 -13 13 14 -16 16 17 -19 -20 -21 21 -23 24 -25 -26 29 -28 28 -30 -31
leaf_value=-0.013543432793032216 -0.035308523722601654 -0.1228656065041262 0.075410904570554313 0.031850421128421638 -0.37252229402773079 -0.047206341873191067 0.2419956493398536 0.47109128761601138 -0.15317237419797883 0.010402059042176535 -0.17671494829270276 0.029806843490888878 -0.45019349756565963 -0.20460364430683767 0.22809740801115291 0.16280892374099426 -0.49478013256056735 -0.091956608402469817 0.073623872101306914 -0.1023024185170089 0.19602597931240284 -0.034533796459794618 0.04778596149056006 0.080818414903773075 0.021024398579843128 -0.25761905698691373 -0.31538121939531616 -0.28145572922346385 0.10390293334494345 0.082612052274786907
leaf_weight=946 2799 177 701 727 47 1330 133 76 150 42 140 1674 43 210 36 52 32 382 47 30 69 311 696 1474 3667 193 61 114 68 45
leaf_count=946 2799 177 701 727 47 1330 133 76 150 42 140 1674 43 210 36 52 32 382 47 30 69 311 696 1474 3667 193 61 114 68 45
internal_value=-0.00136977 0.0055799 0.00727344 0.00353479 -0.0145779 -0.0585724 1.63133e-05 0.0563985 0.0130753 0.308583 -0.0136746 -0.00649532 -0.0462336 -0.151354 -0.106115 -0.0165252 -0.091902 -0.12421 -0.153633 0.178391 -0.0380071 0.00773563 0.0173264 0.0439412 0.00402366 -0.0489158 -0.0121755 0.00922492 -0.137695 -0.193213
internal_weight=16472 13673 13496 12795 5531 1377 4154 811 693 118 3343 3203 1529 336 293 1193 466 414 257 163 530 380 7264 2420 4844 1177 939 878 182 238
internal_count=16472 13673 13496 12795 5531 1377 4154 811 693 118 3343 3203 1529 336 293 1193 466 414 257 163 530 380 7264 2420 4844 1177 939 878 182 238
is_linear=0
shrinkage=0.03


Tree=161
num_leaves=31
num_cat=0
split_feature=56 36 16 0 38 26 55 38 48 15 23 22 20 23 34 47 0 26 35 51 55 42 47 48 0 35 30 0 18 0
split_gain=4918.46 3389.67 3380.71 2858.49 4962.5 4582.05 3733.34 3576.44 2793.21 2731.65 2998.95 3483.15 3234.26 2897.29 2851.52 2804.15 2535.77 4075.4 2352.16 3936.1 4862.46 3012.33 3381.48 3324.75 2890.69 2629.37 2306.79 3530.82 2653.78 2932.51
threshold=-0.0025477443609022835 -0.00060902255638734621 0.00045864661653879934 79.500000000000014 8142.2132500000016 47.623750000000015 0.068079993197726937 8144.3577500000001 -0.015634674922600615 0.33764089650966972 2.9354837271387226 9062.2335000000021 0.00093984962406271479 3.6357557246139973 2388.1376388888898 0.89837293923844286 177.50000000000003 47.534750000000017 0.030409702399024338 0.077938276823472555 0.059340423613739701 8.4491425000000007 0.88811570459825084 0.028733598702638953 98.500000000000014 0.034438350715407205 521.25767857142876 126.50000000000001 2388.0797500000012 50.500000000000007
decision_type=2 2 2 2 2 2 2 2 2 2 2 2 2 2 2 2 2 2 2 2 2 2 2 2 2 2 2 2 2 2
left_child=1 -1 8 5 6 -4 18 -6 -2 16 11 15 13 14 -12 -11 26 -18 21 -20 -21 22 24 -24 -5 -22 27 -10 -28 -30
right_child=2 -3 3 4 7 -7 -8 -9 9 10 12 -13 -14 -15 -16 -17 17 -19 19 20 25 -23 23 -25 -26 -27 28 -29 29 -31
leaf_value=0.034826805796142918 0.033993722109653936 -0.033787715302638188 0.017868266882103516 0.034440806661333354 -0.15357887876304713 -0.31035238055512304 0.31120543547366791 0.033128977854679456 0.22337931787349144 -0.41056438971385362 0.084671162013629717 0.033930149468091815 -0.046037001032324359 -0.010733096698059596 -0.19168891144916417 -0.10620629329411756 0.36340347939133644 0.044274084693147933 0.30309807367103042 -0.09178986649083741 0.041950786893184364 0.0072399321827106176 0.17938136952263967 -0.071020598634028084 0.34724149173214319 0.33332035817205907 0.027063534423755482 -0.01908685533178819 0.030844635910740711 -0.15988361183512076
leaf_weight=758 1685 4435 2076 34 109 38 75 574 105 49 517 64 1849 2003 35 62 49 130 42 203 77 127 146 70 125 43 599 110 122 177
leaf_count=758 1685 4435 2076 34 109 38 75 574 105 49 517 64 1849 2003 35 62 49 130 42 203 77 127 146 70 125 43 599 110 122 177
internal_value=0.000394676 -0.0237676 0.0115047 0.0348324 0.0647384 0.0118244 0.109342 0.00315129 -4.1906e-05 -0.00981439 -0.0206839 -0.142124 -0.0158272 0.0060445 0.0668334 -0.243029 0.0286948 0.133167 0.0915409 0.0334599 -0.00242863 0.133621 0.176288 0.0982793 0.280987 0.14825 0.0117884 0.0998128 -0.00937405 -0.082218
internal_weight=16488 5193 11295 3739 1625 2114 942 683 7556 5871 4579 175 4404 2555 552 111 1292 179 867 365 323 502 375 216 159 120 1113 215 898 299
internal_count=16488 5193 11295 3739 1625 2114 942 683 7556 5871 4579 175 4404 2555 552 111 1292 179 867 365 323 502 375 216 159 120 1113 215 898 299
is_linear=0
shrinkage=0.03


Tree=162
num_leaves=31
num_cat=0
split_feature=56 36 23 47 31 35 22 14 18 34 0 38 10 3 50 0 8 50 10 18 28 19 47 0 14 50 39 27 38 38
split_gain=4087.04 3799.06 2761.96 3270.9 2627.43 4608.37 2603.79 3051.29 2472.57 4713.92 4687.96 3330.1 4122.82 3322.33 2630.72 2453.19 3640.01 2430.33 2353.06 4336.9 3200.69 2915.35 2377.02 3890.24 2365.67 3455.6 4674.85 4151.66 4754.59 3663.87
threshold=-0.00051755639097747139 -0.0013106295149662077 3.5000905345423257 0.93686582744634372 0.26496296910816236 0.039298536578801023 9060.1620000000021 554.01625000000013 2388.069750000001 2388.0920526315799 58.500000000000007 8137.7317499999999 1410.8805 0.31716222186675552 38.721750000000007 174.50000000000003 -0.018124060150375865 38.974557692307705 1403.6427500000004 2388.0730789473696 -0.0011353383458645343 0.027654113618003556 0.74077613902850181 118.50000000000001 552.82925000000012 38.815166666666677 3.4679456094348353 0.098158035840169786 8139.8185000000021 8132.2750000000015
decision_type=2 2 2 2 2 2 2 2 2 2 2 2 2 2 2 2 2 2 2 2 2 2 2 2 2 2 2 2 2 2
left_child=1 -1 3 8 5 -4 -5 -8 -3 10 -10 12 13 -11 -14 -2 -17 18 19 20 -6 -22 23 -20 -24 -26 29 28 -28 -27
right_child=15 2 4 6 17 -7 7 -9 9 11 -12 -13 14 -15 -16 16 -18 -19 22 -21 21 -23 24 -25 25 26 27 -29 -30 -31
leaf_value=0.055385534037332616 0.013637476528974672 0.040222117240760719 0.014295973010594026 0.018258014063182091 0.06621442383240668 -0.26433124278350306 0.19704351038019211 -0.0030832290099662486 0.074134044423699377 0.12615512084331093 -0.33134704162877415 0.097239341104201446 -0.037280258461832999 -0.18576932333658139 -0.34164563192054626 0.20306827459570514 0.033647131702887856 0.023938895227530749 0.12904329763680666 -0.43889793712645769 -0.017914553917258796 -0.18180077691309848 -0.015030297083663753 -0.044256966245856927 -0.096004753323619574 0.12309887931834568 -0.44261438319832086 -0.027387921044207883 -0.081855761551857004 -0.023557832787520154
leaf_weight=717 6006 363 1865 446 108 54 208 102 35 96 92 156 43 44 63 153 443 577 202 31 162 246 1739 273 1215 219 59 197 74 505
leaf_count=717 6006 363 1865 446 108 54 208 102 35 96 92 156 43 44 63 153 443 577 202 31 162 246 1739 273 1215 219 59 197 74 505
internal_value=0.00112754 -0.011073 -0.0162726 0.0188955 -0.023975 0.00632191 0.0647633 0.131397 -0.0200081 -0.061336 -0.219894 -0.0108229 -0.0794665 0.0274995 -0.219679 0.0194051 0.0774068 -0.0343434 -0.0410325 -0.0997303 -0.0785445 -0.116931 -0.0338498 0.0295575 -0.0413699 -0.0615415 -0.0217605 -0.115163 -0.244 0.0209124
internal_weight=16493 9891 9174 1648 7526 1919 756 310 892 529 127 402 246 140 106 6602 596 5607 5030 547 516 408 4483 475 4008 2269 1054 330 133 724
internal_count=16493 9891 9174 1648 7526 1919 756 310 892 529 127 402 246 140 106 6602 596 5607 5030 547 516 408 4483 475 4008 2269 1054 330 133 724
is_linear=0
shrinkage=0.03


Tree=163
num_leaves=31
num_cat=0
split_feature=39 40 24 38 38 15 38 4 51 35 11 19 43 10 50 39 54 54 52 48 48 35 51 11 34 26 22 10 18 22
split_gain=4011.51 3366.72 4180.04 3082.24 3256.27 4312.97 4576.87 4186.57 3560.75 2949.76 2697.74 2451.05 2377.75 3931.33 3790.5 2565.63 2475.29 2255.3 2208.54 2176.31 2127.19 2416.45 2774.15 3354.61 3781.71 4110.55 5397.37 3547.37 3465.02 2299.8
threshold=6.7460614878776566 -0.047921052631576644 0.11013533834585819 8142.2132500000016 8143.3137500000012 0.38420290862863754 8152.6827499999999 -0.0021353383458640016 0.11786751036651302 0.031507935508335382 3.5419171886125649 0.03074085229785084 0.015672273278450607 1410.5287500000002 38.767071428571441 2.8220723535828554 23.263470000000005 23.371207500000004 0.0024210526315788963 0.043734335839599008 0.058270676691729327 0.031614868930127514 0.089413365891236274 4.1843668550344635 2388.1275735294125 47.528535714285724 9059.4282500000027 1406.1109090909092 2388.1532500000008 9058.7679166666694
decision_type=2 2 2 2 2 2 2 2 2 2 2 2 2 2 2 2 2 2 2 2 2 2 2 2 2 2 2 2 2 2
left_child=1 2 9 10 7 6 -6 19 -9 -1 12 -4 -3 16 15 -15 -14 -8 -7 -5 21 22 -12 29 25 26 -25 -28 -26 -24
right_child=-2 3 11 4 5 18 17 8 -10 -11 20 -13 13 14 -16 -17 -18 -19 -20 -21 -22 -23 23 24 28 -27 27 -29 -30 -31
leaf_value=-0.010923758672763633 -0.077164167817912785 0.077550395728088903 0.060994920825949407 0.11363462705982895 0.074879539104792142 -0.030456887113391982 -0.0029874255493659218 -0.1750022471045791 0.095002078905594173 -0.066364959857122638 0.021565878540761051 -0.027760192684722407 0.25039640354546339 -0.20053712498333492 -0.24216368861868975 0.031157311674664321 0.0012860087370376613 -0.1788144942655783 0.052227743984009305 -0.12467941257520579 -0.015157382629863299 0.014096372579304475 0.0234790318324174 0.085611724458863808 0.33190601666786257 -0.052859624744653701 0.17199796020984648 0.568576204593365 0.04189456292069875 0.135216408184654
leaf_weight=2173 564 289 821 122 1192 2342 653 294 51 1433 779 424 36 58 119 158 1207 72 331 47 505 1104 657 300 138 124 45 38 51 221
leaf_count=2173 564 289 821 122 1192 2342 653 294 51 1433 779 424 36 58 119 158 1207 72 331 47 505 1104 657 300 138 124 45 38 51 221
internal_value=0.00138014 0.00419143 -0.0166067 0.0134203 -0.00360234 0.00442239 0.0387508 -0.0751322 -0.134929 -0.032968 0.0283237 0.0307703 -0.00140768 -0.0159083 -0.106956 -0.0316944 0.00869627 -0.0206711 -0.0202023 0.0470144 0.0423308 0.0507307 0.0679058 0.0908119 0.139973 0.096945 0.145457 0.358171 0.254281 0.0517261
internal_weight=16348 15784 4851 10933 5104 4590 1917 514 345 3606 5829 1245 1867 1578 335 216 1243 725 2673 169 3962 3457 2353 1574 696 507 383 83 189 878
internal_count=16348 15784 4851 10933 5104 4590 1917 514 345 3606 5829 1245 1867 1578 335 216 1243 725 2673 169 3962 3457 2353 1574 696 507 383 83 189 878
is_linear=0
shrinkage=0.03


Tree=164
num_leaves=31
num_cat=0
split_feature=20 48 0 32 0 0 40 19 30 0 38 43 15 6 23 0 22 37 0 22 22 51 50 0 51 18 30 47 31 50
split_gain=4140.07 3627.12 2895.93 2746.38 3808.39 4252.07 3144.9 3366.87 3334.84 6064.75 5523.31 5059.71 2979.48 3234.99 2971.53 3016.08 2579.92 2573.85 2552.9 2545.19 2503.86 2683.87 3272.53 2579.06 3813.41 2820.79 6526.34 4319.39 2643.68 2627.34
threshold=-0.00055639097743780325 0.043734335839599008 21.500000000000004 0.0096315789473692803 102.50000000000001 90.500000000000014 -0.047921052631576644 0.029304436524230325 521.18025 56.500000000000007 8136.4142500000007 0.020933944623472461 0.34937622986968275 1593.2480000000003 4.665720603085405 130.50000000000003 9049.9665000000023 8139.6050000000005 257.50000000000006 9048.6352500000012 9060.5447500000009 0.11576646744942147 38.824222222222232 152.50000000000003 0.1001935626674683 2388.0802500000009 521.41806250000002 0.86890259624628674 0.26049952014603694 38.826583333333346
decision_type=2 2 2 2 2 2 2 2 2 2 2 2 2 2 2 2 2 2 2 2 2 2 2 2 2 2 2 2 2 2
left_child=-1 3 -3 6 5 -5 7 -2 12 -10 11 19 13 -9 15 -12 -13 -6 -4 -11 21 -8 -23 25 29 -22 -27 -28 -26 -25
right_child=1 2 18 4 17 -7 20 8 9 10 14 16 -14 -15 -16 -17 -18 -19 -20 -21 23 22 -24 24 28 26 27 -29 -30 -31
leaf_value=0.029636895089504969 0.0025417243239526949 0.05411601771799978 -0.047476887667544702 0.031859932120492859 0.27197853778773234 -0.26501716173213463 0.041489148607961393 0.39682008258998391 0.016036301441213676 -0.5566967980644919 -0.17072975612676733 0.1290557327998742 -0.037695291268201252 0.01712130753922143 0.17682133279959947 0.026841393611393868 -0.25245896681465885 0.073681348915088846 0.072864793760431534 -0.27460477654210158 -0.0088690069940029325 -0.1399818072706461 0.034259288601508925 0.033706890239873721 0.12422036745331504 -0.028631848071291335 -0.41393656356976583 -0.081272434111345895 -0.065707839976379329 0.16191738808147257
leaf_weight=3219 1287 310 3221 774 94 45 2303 31 268 54 256 30 378 55 33 95 32 158 166 69 1420 174 217 586 76 421 77 65 461 190
leaf_count=3219 1287 310 3221 774 94 45 2303 31 268 54 256 30 378 55 33 95 32 158 166 69 1420 174 217 586 76 421 77 65 461 190
internal_value=-0.000895985 -0.00826206 -0.0335241 0.00141952 0.0466921 0.0152447 -0.00423774 -0.0318663 -0.0658799 -0.101606 -0.156947 -0.291242 -0.00135372 0.156977 -0.0916593 -0.117332 -0.0687368 0.148432 -0.0415591 -0.401941 0.0077026 0.0291513 -0.0434395 -0.0098321 0.0227703 -0.0314196 -0.0881803 -0.263294 -0.0386469 0.0652666
internal_weight=16565 13346 3697 9649 1071 819 8578 2588 1301 837 569 185 464 86 384 351 62 252 3387 123 5990 2694 391 3296 1313 1983 563 142 537 776
internal_count=16565 13346 3697 9649 1071 819 8578 2588 1301 837 569 185 464 86 384 351 62 252 3387 123 5990 2694 391 3296 1313 1983 563 142 537 776
is_linear=0
shrinkage=0.03


end of trees

feature_importances:
cycle=524
s14_mean=233
s9_mean=200
s12_slope=175
s14_slope=166
s8_slope=162
s4_slope=155
s9_std=153
s13_slope=148
s15_mean=141
s11_slope=134
s7_slope=133
s2_slope=126
s3_mean=122
s15_slope=122
s2_mean=119
s13_mean=117
s7_mean=114
s9_slope=113
s7_std=107
s17_mean=105
s20_mean=104
s4_mean=99
s11_mean=99
s21_mean=95
s21_slope=92
s17_slope=91
s20_slope=90
s8_mean=89
s14_std=77
s8_std=73
s3_slope=68
s12_std=62
s15_std=60
s12_mean=55
s13_std=51
s20_std=48
s17_std=44
s4_std=41
s21_std=37
s2_std=36
s3_std=32
s11_std=31
s14_last=31
s9_last=20
s11_last=18
s4_last=14
s7_last=8
s15_last=6
s12_last=4
s2_last=2
s20_last=2
s21_last=2

parameters:
[boosting: gbdt]
[objective: regression]
[metric: rmse]
[tree_learner: serial]
[device_type: cpu]
[data_sample_strategy: bagging]
[data: ]
[valid: ]
[num_iterations: 165]
[learning_rate: 0.03]
[num_leaves: 31]
[num_threads: 0]
[seed: 7]
[deterministic: 0]
[force_col_wise: 0]
[force_row_wise: 0]
[histogram_pool_size: -1]
[max_depth: -1]
[min_data_in_leaf: 30]
[min_sum_hessian_in_leaf: 0.001]
[bagging_fraction: 0.8]
[pos_bagging_fraction: 1]
[neg_bagging_fraction: 1]
[bagging_freq: 1]
[bagging_seed: 17422]
[bagging_by_query: 0]
[feature_fraction: 0.8]
[feature_fraction_bynode: 1]
[feature_fraction_seed: 7040]
[extra_trees: 0]
[extra_seed: 6516]
[early_stopping_round: 0]
[early_stopping_min_delta: 0]
[first_metric_only: 0]
[max_delta_step: 0]
[lambda_l1: 0]
[lambda_l2: 1]
[linear_lambda: 0]
[min_gain_to_split: 0]
[drop_rate: 0.1]
[max_drop: 50]
[skip_drop: 0.5]
[xgboost_dart_mode: 0]
[uniform_drop: 0]
[drop_seed: 15215]
[top_rate: 0.2]
[other_rate: 0.1]
[min_data_per_group: 100]
[max_cat_threshold: 32]
[cat_l2: 10]
[cat_smooth: 10]
[max_cat_to_onehot: 4]
[top_k: 20]
[monotone_constraints: ]
[monotone_constraints_method: basic]
[monotone_penalty: 0]
[feature_contri: ]
[forcedsplits_filename: ]
[refit_decay_rate: 0.9]
[cegb_tradeoff: 1]
[cegb_penalty_split: 0]
[cegb_penalty_feature_lazy: ]
[cegb_penalty_feature_coupled: ]
[path_smooth: 0]
[interaction_constraints: ]
[verbosity: -1]
[saved_feature_importance_type: 0]
[use_quantized_grad: 0]
[num_grad_quant_bins: 4]
[quant_train_renew_leaf: 0]
[stochastic_rounding: 1]
[linear_tree: 0]
[max_bin: 255]
[max_bin_by_feature: ]
[min_data_in_bin: 3]
[bin_construct_sample_cnt: 200000]
[data_random_seed: 61]
[is_enable_sparse: 1]
[enable_bundle: 1]
[use_missing: 1]
[zero_as_missing: 0]
[feature_pre_filter: 1]
[pre_partition: 0]
[two_round: 0]
[header: 0]
[label_column: ]
[weight_column: ]
[group_column: ]
[ignore_column: ]
[categorical_feature: ]
[forcedbins_filename: ]
[precise_float_parser: 0]
[parser_config_file: ]
[objective_seed: 15521]
[num_class: 1]
[is_unbalance: 0]
[scale_pos_weight: 1]
[sigmoid: 1]
[boost_from_average: 1]
[reg_sqrt: 0]
[alpha: 0.9]
[fair_c: 1]
[poisson_max_delta_step: 0.7]
[tweedie_variance_power: 1.5]
[lambdarank_truncation_level: 30]
[lambdarank_norm: 1]
[label_gain: ]
[lambdarank_position_bias_regularization: 0]
[eval_at: ]
[multi_error_top_k: 1]
[auc_mu_weights: ]
[num_machines: 1]
[local_listen_port: 12400]
[time_out: 120]
[machine_list_filename: ]
[machines: ]
[gpu_platform_id: -1]
[gpu_device_id: -1]
[gpu_device_id_list: ]
[gpu_use_dp: 0]
[num_gpu: 1]

end of parameters

pandas_categorical:null
